time,temperature_2m,apparent_temperature,precipitation,rain,snowfall,snow_depth,windspeed_10m,windgusts_10m,weather_code,cloud_cover,zone,latitude,longitude
2024-03-04 00:00:00,-0.9,-2.2,0.0,0.0,0.0,0.0,26.2,33.6,0,61,0,41.88575002073601,-87.62881448348256
2024-03-04 01:00:00,1.0,-0.7,0.0,0.0,0.0,0.0,9.7,20.7,3,30,0,41.88575002073601,-87.62881448348256
2024-03-04 02:00:00,0.7,-1.8,0.0,0.0,0.0,0.0,16.2,29.5,1,100,0,41.88575002073601,-87.62881448348256
2024-03-04 03:00:00,0.1,-1.0,0.0,0.0,0.0,0.0,14.4,22.6,61,62,0,41.88575002073601,-87.62881448348256
2024-03-04 04:00:00,3.3,1.0,0.0,0.0,0.0,0.0,13.9,26.8,0,24,0,41.88575002073601,-87.62881448348256
2024-03-04 05:00:00,5.3,3.5,0.0,0.0,0.0,0.0,11.4,13.4,3,82,0,41.88575002073601,-87.62881448348256
2024-03-04 06:00:00,5.4,3.3,0.0,0.0,0.0,0.0,10.6,24.4,0,28,0,41.88575002073601,-87.62881448348256
2024-03-04 07:00:00,1.6,-0.3,0.0,0.0,0.0,0.0,31.1,43.4,3,72,0,41.88575002073601,-87.62881448348256
2024-03-04 08:00:00,6.4,5.0,0.0,0.0,0.0,0.0,34.7,38.4,3,81,0,41.88575002073601,-87.62881448348256
2024-03-04 09:00:00,6.6,4.9,0.0,0.0,0.0,0.0,9.8,20.6,3,100,0,41.88575002073601,-87.62881448348256
2024-03-04 10:00:00,4.4,1.7,0.0,0.0,0.0,0.0,28.7,37.4,1,61,0,41.88575002073601,-87.62881448348256
2024-03-04 11:00:00,5.9,3.7,0.0,0.0,0.0,0.0,11.8,26.4,0,56,0,41.88575002073601,-87.62881448348256
2024-03-04 12:00:00,9.2,7.2,0.33,0.33,0.0,0.0,20.7,26.6,71,4,0,41.88575002073601,-87.62881448348256
2024-03-04 13:00:00,8.1,5.7,0.0,0.0,0.0,0.0,10.9,20.8,0,44,0,41.88575002073601,-87.62881448348256
2024-03-04 14:00:00,7.6,6.2,0.0,0.0,0.0,0.0,13.1,21.9,0,37,0,41.88575002073601,-87.62881448348256
2024-03-04 15:00:00,5.9,4.7,0.0,0.0,0.0,0.0,17.3,22.2,0,50,0,41.88575002073601,-87.62881448348256
2024-03-04 16:00:00,7.6,5.5,0.0,0.0,0.0,0.0,26.2,38.7,2,42,0,41.88575002073601,-87.62881448348256
2024-03-04 17:00:00,3.2,2.2,0.0,0.0,0.0,0.0,19.2,30.9,3,75,0,41.88575002073601,-87.62881448348256
2024-03-04 18:00:00,2.7,1.4,0.0,0.0,0.0,0.0,29.3,38.4,3,41,0,41.88575002073601,-87.62881448348256
2024-03-04 19:00:00,2.5,0.1,0.0,0.0,0.0,0.0,7.9,22.2,1,67,0,41.88575002073601,-87.62881448348256
2024-03-04 20:00:00,-0.3,-3.1,0.0,0.0,0.0,0.0,22.2,36.2,2,52,0,41.88575002073601,-87.62881448348256
2024-03-04 21:00:00,-0.2,-1.7,0.0,0.0,0.0,0.0,8.2,20.8,61,39,0,41.88575002073601,-87.62881448348256
2024-03-04 22:00:00,2.1,0.4,0.0,0.0,0.0,0.0,8.5,12.5,2,37,0,41.88575002073601,-87.62881448348256
2024-03-04 23:00:00,-1.1,-3.5,0.0,0.0,0.0,0.0,14.3,27.9,1,61,0,41.88575002073601,-87.62881448348256
2024-03-05 00:00:00,1.2,-1.4,0.0,0.0,0.0,0.0,8.1,14.1,61,89,0,41.88575002073601,-87.62881448348256
2024-03-05 01:00:00,1.1,-0.4,1.03,1.03,0.0,0.0,28.3,37.7,71,37,0,41.88575002073601,-87.62881448348256
2024-03-05 02:00:00,0.3,-2.4,0.0,0.0,0.0,0.0,20.2,34.9,2,56,0,41.88575002073601,-87.62881448348256
2024-03-05 03:00:00,-1.0,-3.9,0.0,0.0,0.0,0.0,24.3,29.3,1,67,0,41.88575002073601,-87.62881448348256
2024-03-05 04:00:00,2.1,0.9,0.0,0.0,0.0,0.0,6.7,11.3,61,55,0,41.88575002073601,-87.62881448348256
2024-03-05 05:00:00,-0.2,-1.7,0.0,0.0,0.0,0.0,11.7,24.8,3,11,0,41.88575002073601,-87.62881448348256
2024-03-05 06:00:00,3.2,0.8,0.0,0.0,0.0,0.0,20.7,22.9,0,67,0,41.88575002073601,-87.62881448348256
2024-03-05 07:00:00,5.4,4.3,1.89,1.89,0.0,0.0,7.5,11.7,61,17,0,41.88575002073601,-87.62881448348256
2024-03-05 08:00:00,7.3,5.7,0.0,0.0,0.0,0.0,9.8,16.1,2,18,0,41.88575002073601,-87.62881448348256
2024-03-05 09:00:00,6.6,3.9,0.0,0.0,0.0,0.0,5.7,17.3,2,22,0,41.88575002073601,-87.62881448348256
2024-03-05 10:00:00,6.6,4.2,0.0,0.0,0.0,0.0,32.3,40.6,1,51,0,41.88575002073601,-87.62881448348256
2024-03-05 11:00:00,6.8,4.6,0.0,0.0,0.0,0.0,17.9,25.1,0,31,0,41.88575002073601,-87.62881448348256
2024-03-05 12:00:00,7.3,5.1,0.0,0.0,0.0,0.0,6.4,20.3,0,19,0,41.88575002073601,-87.62881448348256
2024-03-05 13:00:00,8.8,6.8,0.0,0.0,0.0,0.0,18.8,30.6,0,64,0,41.88575002073601,-87.62881448348256
2024-03-05 14:00:00,8.0,5.5,0.0,0.0,0.0,0.0,31.6,41.9,1,54,0,41.88575002073601,-87.62881448348256
2024-03-05 15:00:00,6.8,4.1,0.0,0.0,0.0,0.0,10.7,17.1,2,74,0,41.88575002073601,-87.62881448348256
2024-03-05 16:00:00,6.9,4.4,0.0,0.0,0.0,0.0,12.1,25.3,1,37,0,41.88575002073601,-87.62881448348256
2024-03-05 17:00:00,5.0,3.1,0.0,0.0,0.0,0.0,34.5,39.8,1,53,0,41.88575002073601,-87.62881448348256
2024-03-05 18:00:00,2.0,-0.6,0.0,0.0,0.0,0.0,30.6,44.9,0,75,0,41.88575002073601,-87.62881448348256
2024-03-05 19:00:00,1.3,-1.2,0.0,0.0,0.0,0.0,21.5,26.8,3,22,0,41.88575002073601,-87.62881448348256
2024-03-05 20:00:00,2.9,1.0,0.0,0.0,0.0,0.0,10.6,23.2,3,38,0,41.88575002073601,-87.62881448348256
2024-03-05 21:00:00,-0.9,-2.6,0.0,0.0,0.0,0.0,11.6,25.5,1,80,0,41.88575002073601,-87.62881448348256
2024-03-05 22:00:00,-0.0,-1.9,0.0,0.0,0.0,0.0,30.8,35.8,0,55,0,41.88575002073601,-87.62881448348256
2024-03-05 23:00:00,-0.0,-2.0,0.0,0.0,0.0,0.0,25.3,30.2,0,51,0,41.88575002073601,-87.62881448348256
2024-03-06 00:00:00,-1.6,-2.8,0.0,0.0,0.0,0.0,15.5,18.6,2,54,0,41.88575002073601,-87.62881448348256
2024-03-06 01:00:00,-2.4,-3.8,0.0,0.0,0.0,0.0,5.8,12.2,3,86,0,41.88575002073601,-87.62881448348256
2024-03-06 02:00:00,-1.2,-2.4,0.0,0.0,0.0,0.0,9.1,17.6,3,54,0,41.88575002073601,-87.62881448348256
2024-03-06 03:00:00,-1.5,-2.7,0.0,0.0,0.0,0.0,26.9,30.0,3,56,0,41.88575002073601,-87.62881448348256
2024-03-06 04:00:00,2.9,0.8,0.0,0.0,0.0,0.0,24.5,28.4,3,55,0,41.88575002073601,-87.62881448348256
2024-03-06 05:00:00,3.6,1.2,0.0,0.0,0.0,0.0,15.8,23.3,1,15,0,41.88575002073601,-87.62881448348256
2024-03-06 06:00:00,2.9,0.6,0.0,0.0,0.0,0.0,22.8,27.1,0,68,0,41.88575002073601,-87.62881448348256
2024-03-06 07:00:00,3.0,0.5,0.0,0.0,0.0,0.0,27.7,39.7,1,34,0,41.88575002073601,-87.62881448348256
2024-03-06 08:00:00,7.7,5.9,0.0,0.0,0.0,0.0,24.3,30.5,0,23,0,41.88575002073601,-87.62881448348256
2024-03-06 09:00:00,7.5,4.9,0.0,0.0,0.0,0.0,12.2,14.8,0,11,0,41.88575002073601,-87.62881448348256
2024-03-06 10:00:00,6.5,4.0,0.0,0.0,0.0,0.0,33.5,37.6,0,17,0,41.88575002073601,-87.62881448348256
2024-03-06 11:00:00,9.6,7.2,0.0,0.0,0.0,0.0,5.7,11.7,0,0,0,41.88575002073601,-87.62881448348256
2024-03-06 12:00:00,8.2,5.7,0.0,0.0,0.0,0.0,21.7,25.6,0,29,0,41.88575002073601,-87.62881448348256
2024-03-06 13:00:00,8.3,6.9,1.76,1.76,0.0,0.0,11.7,16.5,3,44,0,41.88575002073601,-87.62881448348256
2024-03-06 14:00:00,5.9,3.8,0.0,0.0,0.0,0.0,26.2,30.9,1,82,0,41.88575002073601,-87.62881448348256
2024-03-06 15:00:00,4.6,2.0,0.0,0.0,0.0,0.0,21.9,29.3,1,57,0,41.88575002073601,-87.62881448348256
2024-03-06 16:00:00,3.6,2.4,0.0,0.0,0.0,0.0,10.9,19.7,0,61,0,41.88575002073601,-87.62881448348256
2024-03-06 17:00:00,8.2,6.7,0.0,0.0,0.0,0.0,20.2,30.3,1,87,0,41.88575002073601,-87.62881448348256
2024-03-06 18:00:00,2.8,0.8,0.0,0.0,0.0,0.0,20.6,34.4,71,0,0,41.88575002073601,-87.62881448348256
2024-03-06 19:00:00,3.1,1.2,1.62,1.62,0.0,0.0,17.6,28.6,0,65,0,41.88575002073601,-87.62881448348256
2024-03-06 20:00:00,2.7,-0.1,1.15,1.15,0.0,0.0,6.3,10.8,3,63,0,41.88575002073601,-87.62881448348256
2024-03-06 21:00:00,1.1,-1.4,0.0,0.0,0.0,0.0,11.2,19.0,61,76,0,41.88575002073601,-87.62881448348256
2024-03-06 22:00:00,0.3,-0.8,0.0,0.0,0.0,0.0,34.1,45.5,3,10,0,41.88575002073601,-87.62881448348256
2024-03-06 23:00:00,-0.1,-2.1,0.0,0.0,0.0,0.0,10.7,19.9,1,41,0,41.88575002073601,-87.62881448348256
2024-03-07 00:00:00,0.7,-1.8,0.0,0.0,0.0,0.0,18.8,23.0,0,32,0,41.88575002073601,-87.62881448348256
2024-03-07 01:00:00,-1.4,-3.8,0.0,0.0,0.0,0.0,13.8,26.1,0,23,0,41.88575002073601,-87.62881448348256
2024-03-07 02:00:00,-0.1,-2.2,0.0,0.0,0.0,0.0,27.7,32.3,2,100,0,41.88575002073601,-87.62881448348256
2024-03-07 03:00:00,-2.3,-3.5,0.0,0.0,0.0,0.0,22.3,28.8,61,41,0,41.88575002073601,-87.62881448348256
2024-03-07 04:00:00,-0.8,-3.6,0.0,0.0,0.0,0.0,26.5,38.0,2,78,0,41.88575002073601,-87.62881448348256
2024-03-07 05:00:00,1.0,-0.8,0.0,0.0,0.0,0.0,24.1,38.7,0,73,0,41.88575002073601,-87.62881448348256
2024-03-07 06:00:00,5.3,4.0,0.0,0.0,0.0,0.0,20.1,33.7,0,19,0,41.88575002073601,-87.62881448348256
2024-03-07 07:00:00,4.6,3.5,0.0,0.0,0.0,0.0,33.8,48.4,1,42,0,41.88575002073601,-87.62881448348256
2024-03-07 08:00:00,7.0,4.5,1.2,1.2,0.0,0.0,26.1,33.3,71,57,0,41.88575002073601,-87.62881448348256
2024-03-07 09:00:00,7.4,5.2,0.0,0.0,0.0,0.0,25.7,33.3,0,65,0,41.88575002073601,-87.62881448348256
2024-03-07 10:00:00,7.9,6.4,0.0,0.0,0.0,0.0,25.7,29.8,0,63,0,41.88575002073601,-87.62881448348256
2024-03-07 11:00:00,6.4,4.4,0.0,0.0,0.0,0.0,19.0,27.1,1,99,0,41.88575002073601,-87.62881448348256
2024-03-07 12:00:00,8.1,5.2,0.0,0.0,0.0,0.0,24.3,36.4,0,78,0,41.88575002073601,-87.62881448348256
2024-03-07 13:00:00,8.2,6.3,0.0,0.0,0.0,0.0,23.1,26.0,0,71,0,41.88575002073601,-87.62881448348256
2024-03-07 14:00:00,10.8,9.0,1.56,1.56,0.0,0.0,31.6,37.8,0,79,0,41.88575002073601,-87.62881448348256
2024-03-07 15:00:00,6.3,4.7,0.0,0.0,0.0,0.0,34.4,48.4,1,89,0,41.88575002073601,-87.62881448348256
2024-03-07 16:00:00,7.1,5.7,0.0,0.0,0.0,0.0,19.5,23.9,0,39,0,41.88575002073601,-87.62881448348256
2024-03-07 17:00:00,4.8,2.0,0.0,0.0,0.0,0.0,23.0,28.9,0,16,0,41.88575002073601,-87.62881448348256
2024-03-07 18:00:00,2.9,1.6,0.0,0.0,0.0,0.0,13.7,27.9,1,40,0,41.88575002073601,-87.62881448348256
2024-03-07 19:00:00,4.3,3.2,1.86,1.86,0.0,0.0,30.4,36.8,2,21,0,41.88575002073601,-87.62881448348256
2024-03-07 20:00:00,4.8,3.6,0.0,0.0,0.0,0.0,26.3,39.1,2,30,0,41.88575002073601,-87.62881448348256
2024-03-07 21:00:00,1.6,0.2,0.0,0.0,0.0,0.0,32.7,38.5,2,57,0,41.88575002073601,-87.62881448348256
2024-03-07 22:00:00,-0.5,-2.3,1.27,0.0,0.89,0.02,23.2,28.5,1,41,0,41.88575002073601,-87.62881448348256
2024-03-07 23:00:00,0.8,-2.0,0.0,0.0,0.0,0.02,26.3,30.7,3,71,0,41.88575002073601,-87.62881448348256
2024-03-08 00:00:00,0.4,-0.9,0.0,0.0,0.0,0.02,7.9,10.7,0,63,0,41.88575002073601,-87.62881448348256
2024-03-08 01:00:00,3.5,2.2,0.0,0.0,0.0,0.02,23.2,30.6,0,64,0,41.88575002073601,-87.62881448348256
2024-03-08 02:00:00,1.6,-0.2,0.0,0.0,0.0,0.02,16.3,27.6,2,23,0,41.88575002073601,-87.62881448348256
2024-03-08 03:00:00,-0.2,-3.0,0.0,0.0,0.0,0.02,20.2,28.8,0,33,0,41.88575002073601,-87.62881448348256
2024-03-08 04:00:00,3.9,1.1,0.0,0.0,0.0,0.02,14.8,22.1,0,7,0,41.88575002073601,-87.62881448348256
2024-03-08 05:00:00,4.1,1.2,0.0,0.0,0.0,0.02,13.6,18.3,0,69,0,41.88575002073601,-87.62881448348256
2024-03-08 06:00:00,5.4,4.1,0.0,0.0,0.0,0.02,29.6,40.5,3,100,0,41.88575002073601,-87.62881448348256
2024-03-08 07:00:00,5.7,3.3,0.0,0.0,0.0,0.02,21.7,27.0,3,59,0,41.88575002073601,-87.62881448348256
2024-03-08 08:00:00,7.5,5.2,0.0,0.0,0.0,0.02,12.6,15.0,0,62,0,41.88575002073601,-87.62881448348256
2024-03-08 09:00:00,7.5,6.4,0.0,0.0,0.0,0.02,28.0,42.5,0,42,0,41.88575002073601,-87.62881448348256
2024-03-08 10:00:00,7.1,4.7,0.0,0.0,0.0,0.02,7.2,21.5,0,50,0,41.88575002073601,-87.62881448348256
2024-03-08 11:00:00,8.1,5.7,0.0,0.0,0.0,0.02,13.8,18.6,0,87,0,41.88575002073601,-87.62881448348256
2024-03-08 12:00:00,7.8,5.5,0.0,0.0,0.0,0.02,15.1,20.2,0,57,0,41.88575002073601,-87.62881448348256
2024-03-08 13:00:00,8.4,6.9,0.0,0.0,0.0,0.02,10.3,19.9,0,71,0,41.88575002073601,-87.62881448348256
2024-03-08 14:00:00,7.6,5.9,0.0,0.0,0.0,0.02,30.3,37.8,2,88,0,41.88575002073601,-87.62881448348256
2024-03-08 15:00:00,6.4,4.2,0.0,0.0,0.0,0.02,25.2,38.8,71,83,0,41.88575002073601,-87.62881448348256
2024-03-08 16:00:00,5.7,4.5,0.0,0.0,0.0,0.02,25.1,32.7,0,56,0,41.88575002073601,-87.62881448348256
2024-03-08 17:00:00,5.0,3.7,0.0,0.0,0.0,0.02,22.8,26.5,0,58,0,41.88575002073601,-87.62881448348256
2024-03-08 18:00:00,1.3,-1.1,0.0,0.0,0.0,0.02,16.3,25.5,2,45,0,41.88575002073601,-87.62881448348256
2024-03-08 19:00:00,4.5,3.2,0.0,0.0,0.0,0.02,24.8,28.2,0,67,0,41.88575002073601,-87.62881448348256
2024-03-08 20:00:00,2.5,1.5,0.0,0.0,0.0,0.02,27.1,34.9,0,45,0,41.88575002073601,-87.62881448348256
2024-03-08 21:00:00,0.3,-1.1,0.0,0.0,0.0,0.02,21.2,30.7,0,64,0,41.88575002073601,-87.62881448348256
2024-03-08 22:00:00,1.4,0.3,0.0,0.0,0.0,0.02,19.1,33.4,1,81,0,41.88575002073601,-87.62881448348256
2024-03-08 23:00:00,-0.6,-2.2,0.0,0.0,0.0,0.02,11.7,17.5,0,13,0,41.88575002073601,-87.62881448348256
2024-03-09 00:00:00,-0.8,-3.3,0.0,0.0,0.0,0.02,7.5,18.0,0,9,0,41.88575002073601,-87.62881448348256
2024-03-09 01:00:00,0.7,-1.9,0.0,0.0,0.0,0.02,6.2,8.2,2,54,0,41.88575002073601,-87.62881448348256
2024-03-09 02:00:00,2.7,1.5,1.1,1.1,0.0,0.02,26.4,39.8,0,72,0,41.88575002073601,-87.62881448348256
2024-03-09 03:00:00,1.6,-0.5,0.0,0.0,0.0,0.02,15.5,21.6,3,62,0,41.88575002073601,-87.62881448348256
2024-03-09 04:00:00,0.8,-0.3,0.0,0.0,0.0,0.02,26.3,31.4,1,25,0,41.88575002073601,-87.62881448348256
2024-03-09 05:00:00,2.4,1.1,0.0,0.0,0.0,0.02,20.2,23.6,0,77,0,41.88575002073601,-87.62881448348256
2024-03-09 06:00:00,5.3,2.7,0.0,0.0,0.0,0.02,18.4,30.6,0,100,0,41.88575002073601,-87.62881448348256
2024-03-09 07:00:00,5.6,2.7,0.0,0.0,0.0,0.02,23.9,26.6,3,33,0,41.88575002073601,-87.62881448348256
2024-03-09 08:00:00,7.4,5.9,0.0,0.0,0.0,0.02,10.5,20.5,0,37,0,41.88575002073601,-87.62881448348256
2024-03-09 09:00:00,7.4,4.9,0.0,0.0,0.0,0.02,34.4,40.5,0,56,0,41.88575002073601,-87.62881448348256
2024-03-09 10:00:00,8.6,6.9,0.0,0.0,0.0,0.02,14.9,26.2,0,52,0,41.88575002073601,-87.62881448348256
2024-03-09 11:00:00,10.9,8.3,0.0,0.0,0.0,0.02,28.1,42.6,71,85,0,41.88575002073601,-87.62881448348256
2024-03-09 12:00:00,6.0,3.8,1.92,1.92,0.0,0.02,12.4,18.0,71,62,0,41.88575002073601,-87.62881448348256
2024-03-09 13:00:00,11.5,9.4,0.0,0.0,0.0,0.02,19.0,29.1,2,48,0,41.88575002073601,-87.62881448348256
2024-03-09 14:00:00,8.9,6.3,0.0,0.0,0.0,0.02,20.0,26.8,0,40,0,41.88575002073601,-87.62881448348256
2024-03-09 15:00:00,10.8,8.4,0.0,0.0,0.0,0.02,14.2,22.8,0,17,0,41.88575002073601,-87.62881448348256
2024-03-09 16:00:00,4.5,1.6,0.0,0.0,0.0,0.02,15.5,18.5,0,89,0,41.88575002073601,-87.62881448348256
2024-03-09 17:00:00,5.6,3.9,0.0,0.0,0.0,0.02,18.1,22.7,0,71,0,41.88575002073601,-87.62881448348256
2024-03-09 18:00:00,4.2,1.3,0.74,0.74,0.0,0.02,30.1,42.4,61,53,0,41.88575002073601,-87.62881448348256
2024-03-09 19:00:00,4.3,1.6,0.0,0.0,0.0,0.02,20.0,26.5,2,58,0,41.88575002073601,-87.62881448348256
2024-03-09 20:00:00,2.7,0.7,0.0,0.0,0.0,0.02,7.7,9.7,0,52,0,41.88575002073601,-87.62881448348256
2024-03-09 21:00:00,1.7,-0.3,0.0,0.0,0.0,0.02,11.5,17.7,3,11,0,41.88575002073601,-87.62881448348256
2024-03-09 22:00:00,1.7,-1.1,0.0,0.0,0.0,0.02,34.6,45.3,0,19,0,41.88575002073601,-87.62881448348256
2024-03-09 23:00:00,-0.0,-2.2,0.94,0.0,0.66,0.03,7.7,22.3,1,50,0,41.88575002073601,-87.62881448348256
2024-03-10 00:00:00,-0.8,-2.4,0.0,0.0,0.0,0.03,24.4,37.5,0,49,0,41.88575002073601,-87.62881448348256
2024-03-10 01:00:00,0.8,-0.3,0.0,0.0,0.0,0.03,11.3,23.2,1,55,0,41.88575002073601,-87.62881448348256
2024-03-10 02:00:00,-0.2,-1.8,0.0,0.0,0.0,0.03,18.0,32.0,0,97,0,41.88575002073601,-87.62881448348256
2024-03-10 03:00:00,1.0,-0.5,0.0,0.0,0.0,0.03,15.7,26.3,0,48,0,41.88575002073601,-87.62881448348256
2024-03-10 04:00:00,-0.2,-1.4,0.12,0.0,0.09,0.03,34.3,43.1,61,36,0,41.88575002073601,-87.62881448348256
2024-03-10 05:00:00,3.0,0.7,0.0,0.0,0.0,0.03,21.5,30.6,61,56,0,41.88575002073601,-87.62881448348256
2024-03-10 06:00:00,2.6,0.8,0.0,0.0,0.0,0.03,12.5,26.8,1,20,0,41.88575002073601,-87.62881448348256
2024-03-10 07:00:00,5.0,3.8,0.27,0.27,0.0,0.03,23.1,25.1,3,59,0,41.88575002073601,-87.62881448348256
2024-03-10 08:00:00,4.4,2.7,0.0,0.0,0.0,0.03,7.1,15.8,0,37,0,41.88575002073601,-87.62881448348256
2024-03-10 09:00:00,6.8,5.5,0.0,0.0,0.0,0.03,32.8,44.8,1,61,0,41.88575002073601,-87.62881448348256
2024-03-10 10:00:00,8.8,6.6,0.14,0.14,0.0,0.03,15.3,17.8,0,50,0,41.88575002073601,-87.62881448348256
2024-03-10 11:00:00,7.0,5.1,0.0,0.0,0.0,0.03,31.5,44.2,0,51,0,41.88575002073601,-87.62881448348256
2024-03-10 12:00:00,6.6,3.7,0.0,0.0,0.0,0.03,29.3,42.2,1,71,0,41.88575002073601,-87.62881448348256
2024-03-10 13:00:00,9.0,6.8,0.0,0.0,0.0,0.03,10.6,19.4,2,73,0,41.88575002073601,-87.62881448348256
2024-03-10 14:00:00,8.8,6.3,0.0,0.0,0.0,0.03,33.9,46.6,2,100,0,41.88575002073601,-87.62881448348256
2024-03-10 15:00:00,7.5,5.8,0.0,0.0,0.0,0.03,34.8,38.6,1,72,0,41.88575002073601,-87.62881448348256
2024-03-10 16:00:00,5.3,2.8,0.0,0.0,0.0,0.03,29.2,43.4,1,49,0,41.88575002073601,-87.62881448348256
2024-03-10 17:00:00,4.1,1.6,0.0,0.0,0.0,0.03,18.5,21.2,2,39,0,41.88575002073601,-87.62881448348256
2024-03-10 18:00:00,3.5,0.5,0.0,0.0,0.0,0.03,25.2,27.7,61,64,0,41.88575002073601,-87.62881448348256
2024-03-10 19:00:00,2.9,0.6,0.0,0.0,0.0,0.03,7.4,16.2,0,92,0,41.88575002073601,-87.62881448348256
2024-03-10 20:00:00,-0.6,-3.4,0.0,0.0,0.0,0.03,32.6,44.2,1,76,0,41.88575002073601,-87.62881448348256
2024-03-10 21:00:00,-0.3,-3.0,0.0,0.0,0.0,0.03,11.7,22.8,61,37,0,41.88575002073601,-87.62881448348256
2024-03-10 22:00:00,2.4,-0.4,0.0,0.0,0.0,0.03,26.5,35.7,1,66,0,41.88575002073601,-87.62881448348256
2024-03-10 23:00:00,0.4,-1.7,0.0,0.0,0.0,0.03,29.0,41.2,3,61,0,41.88575002073601,-87.62881448348256
2024-03-11 00:00:00,1.8,0.4,0.0,0.0,0.0,0.03,34.1,44.0,1,81,0,41.88575002073601,-87.62881448348256
2024-03-11 01:00:00,1.7,-0.5,0.0,0.0,0.0,0.03,29.7,42.8,61,63,0,41.88575002073601,-87.62881448348256
2024-03-11 02:00:00,0.1,-2.8,0.0,0.0,0.0,0.03,29.5,33.0,3,62,0,41.88575002073601,-87.62881448348256
2024-03-11 03:00:00,0.7,-2.2,0.0,0.0,0.0,0.03,26.2,40.9,1,25,0,41.88575002073601,-87.62881448348256
2024-03-11 04:00:00,3.4,0.6,0.0,0.0,0.0,0.03,22.3,35.7,0,75,0,41.88575002073601,-87.62881448348256
2024-03-11 05:00:00,4.1,2.2,0.0,0.0,0.0,0.03,6.3,19.9,1,20,0,41.88575002073601,-87.62881448348256
2024-03-11 06:00:00,5.5,2.9,0.0,0.0,0.0,0.03,34.2,40.9,0,57,0,41.88575002073601,-87.62881448348256
2024-03-11 07:00:00,5.0,3.0,0.0,0.0,0.0,0.03,18.5,32.8,0,41,0,41.88575002073601,-87.62881448348256
2024-03-11 08:00:00,6.2,3.8,0.0,0.0,0.0,0.03,28.9,32.7,1,40,0,41.88575002073601,-87.62881448348256
2024-03-11 09:00:00,6.4,4.6,0.0,0.0,0.0,0.03,16.3,19.3,1,70,0,41.88575002073601,-87.62881448348256
2024-03-11 10:00:00,7.4,5.8,0.05,0.05,0.0,0.03,18.7,25.9,3,55,0,41.88575002073601,-87.62881448348256
2024-03-11 11:00:00,6.8,5.0,0.0,0.0,0.0,0.03,18.9,33.0,0,0,0,41.88575002073601,-87.62881448348256
2024-03-11 12:00:00,7.9,6.3,0.0,0.0,0.0,0.03,34.7,49.3,0,50,0,41.88575002073601,-87.62881448348256
2024-03-11 13:00:00,7.6,5.8,0.0,0.0,0.0,0.03,11.3,19.8,2,45,0,41.88575002073601,-87.62881448348256
2024-03-11 14:00:00,6.8,4.4,0.0,0.0,0.0,0.03,20.1,31.8,2,86,0,41.88575002073601,-87.62881448348256
2024-03-11 15:00:00,8.0,6.6,0.0,0.0,0.0,0.03,9.6,18.6,0,24,0,41.88575002073601,-87.62881448348256
2024-03-11 16:00:00,3.9,1.5,0.0,0.0,0.0,0.03,19.8,23.3,0,100,0,41.88575002073601,-87.62881448348256
2024-03-11 17:00:00,5.5,4.4,0.0,0.0,0.0,0.03,21.4,31.9,0,76,0,41.88575002073601,-87.62881448348256
2024-03-11 18:00:00,2.6,1.6,0.0,0.0,0.0,0.03,9.1,13.0,3,48,0,41.88575002073601,-87.62881448348256
2024-03-11 19:00:00,1.7,0.2,0.0,0.0,0.0,0.03,25.9,36.5,0,45,0,41.88575002073601,-87.62881448348256
2024-03-11 20:00:00,0.9,-0.5,0.0,0.0,0.0,0.03,29.8,35.0,1,39,0,41.88575002073601,-87.62881448348256
2024-03-11 21:00:00,1.9,-0.8,0.0,0.0,0.0,0.03,29.5,34.9,61,63,0,41.88575002073601,-87.62881448348256
2024-03-11 22:00:00,-2.9,-5.4,0.0,0.0,0.0,0.03,26.9,37.7,0,35,0,41.88575002073601,-87.62881448348256
2024-03-11 23:00:00,0.4,-1.9,0.0,0.0,0.0,0.03,9.2,17.3,3,52,0,41.88575002073601,-87.62881448348256
2024-03-12 00:00:00,0.1,-2.3,0.0,0.0,0.0,0.03,23.6,36.4,2,28,0,41.88575002073601,-87.62881448348256
2024-03-12 01:00:00,-1.3,-3.6,0.0,0.0,0.0,0.03,26.0,36.8,1,73,0,41.88575002073601,-87.62881448348256
2024-03-12 02:00:00,0.8,-1.8,0.0,0.0,0.0,0.03,27.8,33.6,61,59,0,41.88575002073601,-87.62881448348256
2024-03-12 03:00:00,-0.6,-2.7,0.0,0.0,0.0,0.03,26.3,38.4,0,43,0,41.88575002073601,-87.62881448348256
2024-03-12 04:00:00,1.9,0.9,0.0,0.0,0.0,0.03,23.9,26.7,3,49,0,41.88575002073601,-87.62881448348256
2024-03-12 05:00:00,1.1,-1.6,0.0,0.0,0.0,0.03,26.8,38.4,0,38,0,41.88575002073601,-87.62881448348256
2024-03-12 06:00:00,7.1,5.1,0.0,0.0,0.0,0.03,30.6,37.6,1,63,0,41.88575002073601,-87.62881448348256
2024-03-12 07:00:00,6.3,3.5,0.0,0.0,0.0,0.03,22.1,28.0,0,24,0,41.88575002073601,-87.62881448348256
2024-03-12 08:00:00,6.4,3.6,0.0,0.0,0.0,0.03,9.4,18.2,1,78,0,41.88575002073601,-87.62881448348256
2024-03-12 09:00:00,5.4,3.6,0.0,0.0,0.0,0.03,29.5,43.3,0,59,0,41.88575002073601,-87.62881448348256
2024-03-12 10:00:00,7.1,4.2,0.0,0.0,0.0,0.03,24.8,30.2,0,44,0,41.88575002073601,-87.62881448348256
2024-03-12 11:00:00,7.5,6.4,0.0,0.0,0.0,0.03,25.6,40.6,0,70,0,41.88575002073601,-87.62881448348256
2024-03-12 12:00:00,8.4,6.0,0.0,0.0,0.0,0.03,13.8,23.5,0,65,0,41.88575002073601,-87.62881448348256
2024-03-12 13:00:00,8.5,6.1,0.0,0.0,0.0,0.03,9.5,14.8,0,29,0,41.88575002073601,-87.62881448348256
2024-03-12 14:00:00,7.8,5.1,0.0,0.0,0.0,0.03,28.4,39.4,2,88,0,41.88575002073601,-87.62881448348256
2024-03-12 15:00:00,7.3,5.4,0.0,0.0,0.0,0.03,6.5,18.0,2,0,0,41.88575002073601,-87.62881448348256
2024-03-12 16:00:00,5.7,4.3,0.0,0.0,0.0,0.03,17.1,26.0,2,82,0,41.88575002073601,-87.62881448348256
2024-03-12 17:00:00,5.5,4.5,0.0,0.0,0.0,0.03,20.3,24.0,2,51,0,41.88575002073601,-87.62881448348256
2024-03-12 18:00:00,3.0,1.1,0.0,0.0,0.0,0.03,5.5,18.1,0,80,0,41.88575002073601,-87.62881448348256
2024-03-12 19:00:00,1.4,-0.5,0.0,0.0,0.0,0.03,22.9,35.4,0,91,0,41.88575002073601,-87.62881448348256
2024-03-12 20:00:00,4.8,3.1,0.21,0.21,0.0,0.03,8.6,20.5,2,44,0,41.88575002073601,-87.62881448348256
2024-03-12 21:00:00,1.8,-0.5,0.0,0.0,0.0,0.03,12.2,24.1,1,45,0,41.88575002073601,-87.62881448348256
2024-03-12 22:00:00,3.2,1.2,0.0,0.0,0.0,0.03,34.8,41.8,2,63,0,41.88575002073601,-87.62881448348256
2024-03-12 23:00:00,-0.3,-1.5,0.0,0.0,0.0,0.03,21.8,30.2,0,27,0,41.88575002073601,-87.62881448348256
2024-03-13 00:00:00,3.6,2.5,0.0,0.0,0.0,0.03,34.0,44.6,1,47,0,41.88575002073601,-87.62881448348256
2024-03-13 01:00:00,0.3,-2.5,0.0,0.0,0.0,0.03,19.8,23.9,1,45,0,41.88575002073601,-87.62881448348256
2024-03-13 02:00:00,2.3,-0.2,0.47,0.47,0.0,0.03,29.1,39.0,2,25,0,41.88575002073601,-87.62881448348256
2024-03-13 03:00:00,1.2,-0.7,0.0,0.0,0.0,0.03,6.1,9.6,61,43,0,41.88575002073601,-87.62881448348256
2024-03-13 04:00:00,2.2,0.3,0.0,0.0,0.0,0.03,13.7,26.8,1,74,0,41.88575002073601,-87.62881448348256
2024-03-13 05:00:00,2.8,1.6,0.0,0.0,0.0,0.03,13.5,17.1,3,72,0,41.88575002073601,-87.62881448348256
2024-03-13 06:00:00,3.3,1.7,0.0,0.0,0.0,0.03,7.1,19.1,2,51,0,41.88575002073601,-87.62881448348256
2024-03-13 07:00:00,6.5,3.9,1.91,1.91,0.0,0.03,33.6,38.4,61,57,0,41.88575002073601,-87.62881448348256
2024-03-13 08:00:00,6.0,4.7,0.0,0.0,0.0,0.03,20.1,34.2,3,47,0,41.88575002073601,-87.62881448348256
2024-03-13 09:00:00,8.1,6.9,0.0,0.0,0.0,0.03,22.8,33.3,0,11,0,41.88575002073601,-87.62881448348256
2024-03-13 10:00:00,8.8,6.7,0.0,0.0,0.0,0.03,20.6,28.2,0,30,0,41.88575002073601,-87.62881448348256
2024-03-13 11:00:00,10.0,7.3,0.0,0.0,0.0,0.03,12.5,15.0,61,79,0,41.88575002073601,-87.62881448348256
2024-03-13 12:00:00,8.6,6.9,0.9,0.9,0.0,0.03,32.7,42.6,1,85,0,41.88575002073601,-87.62881448348256
2024-03-13 13:00:00,5.6,3.3,0.0,0.0,0.0,0.03,25.1,32.0,1,34,0,41.88575002073601,-87.62881448348256
2024-03-13 14:00:00,7.0,4.2,0.0,0.0,0.0,0.03,8.7,21.1,2,83,0,41.88575002073601,-87.62881448348256
2024-03-13 15:00:00,6.8,4.0,0.0,0.0,0.0,0.03,18.9,31.2,0,25,0,41.88575002073601,-87.62881448348256
2024-03-13 16:00:00,6.0,4.1,0.0,0.0,0.0,0.03,5.0,16.0,3,42,0,41.88575002073601,-87.62881448348256
2024-03-13 17:00:00,7.0,5.4,0.0,0.0,0.0,0.03,25.2,30.7,1,52,0,41.88575002073601,-87.62881448348256
2024-03-13 18:00:00,5.7,3.6,0.0,0.0,0.0,0.03,20.7,25.0,3,48,0,41.88575002073601,-87.62881448348256
2024-03-13 19:00:00,2.7,-0.1,0.0,0.0,0.0,0.03,32.1,40.6,2,38,0,41.88575002073601,-87.62881448348256
2024-03-13 20:00:00,5.6,3.3,1.59,1.59,0.0,0.03,33.4,41.3,0,58,0,41.88575002073601,-87.62881448348256
2024-03-13 21:00:00,0.6,-2.3,0.0,0.0,0.0,0.03,7.9,18.7,71,74,0,41.88575002073601,-87.62881448348256
2024-03-13 22:00:00,0.1,-2.0,0.0,0.0,0.0,0.03,7.7,16.6,1,19,0,41.88575002073601,-87.62881448348256
2024-03-13 23:00:00,-1.5,-2.5,0.0,0.0,0.0,0.03,32.0,40.4,3,58,0,41.88575002073601,-87.62881448348256
2024-03-14 00:00:00,-2.3,-4.2,0.0,0.0,0.0,0.03,20.4,28.6,0,79,0,41.88575002073601,-87.62881448348256
2024-03-14 01:00:00,-1.6,-4.4,0.0,0.0,0.0,0.03,19.1,27.6,1,45,0,41.88575002073601,-87.62881448348256
2024-03-14 02:00:00,2.1,1.0,0.0,0.0,0.0,0.03,22.1,35.5,2,41,0,41.88575002073601,-87.62881448348256
2024-03-14 03:00:00,2.3,0.0,0.0,0.0,0.0,0.03,19.0,23.2,2,34,0,41.88575002073601,-87.62881448348256
2024-03-14 04:00:00,0.7,-1.1,0.0,0.0,0.0,0.03,23.4,25.7,61,100,0,41.88575002073601,-87.62881448348256
2024-03-14 05:00:00,3.1,1.3,0.0,0.0,0.0,0.03,33.5,38.4,3,92,0,41.88575002073601,-87.62881448348256
2024-03-14 06:00:00,5.2,3.1,0.37,0.37,0.0,0.03,23.2,29.2,0,48,0,41.88575002073601,-87.62881448348256
2024-03-14 07:00:00,2.0,0.2,0.0,0.0,0.0,0.03,14.6,24.6,3,85,0,41.88575002073601,-87.62881448348256
2024-03-14 08:00:00,8.7,5.8,0.0,0.0,0.0,0.03,11.4,24.4,61,42,0,41.88575002073601,-87.62881448348256
2024-03-14 09:00:00,8.4,6.8,0.0,0.0,0.0,0.03,34.0,45.3,61,51,0,41.88575002073601,-87.62881448348256
2024-03-14 10:00:00,8.7,6.2,0.0,0.0,0.0,0.03,22.4,37.4,61,29,0,41.88575002073601,-87.62881448348256
2024-03-14 11:00:00,9.7,8.5,0.0,0.0,0.0,0.03,22.0,24.0,2,9,0,41.88575002073601,-87.62881448348256
2024-03-14 12:00:00,4.9,3.3,0.0,0.0,0.0,0.03,6.0,10.5,3,40,0,41.88575002073601,-87.62881448348256
2024-03-14 13:00:00,7.5,6.2,0.0,0.0,0.0,0.03,32.6,35.7,2,44,0,41.88575002073601,-87.62881448348256
2024-03-14 14:00:00,9.4,7.9,0.46,0.46,0.0,0.03,19.1,29.7,0,66,0,41.88575002073601,-87.62881448348256
2024-03-14 15:00:00,6.8,4.7,0.0,0.0,0.0,0.03,35.0,42.5,3,71,0,41.88575002073601,-87.62881448348256
2024-03-14 16:00:00,7.1,5.4,0.0,0.0,0.0,0.03,10.0,16.1,0,52,0,41.88575002073601,-87.62881448348256
2024-03-14 17:00:00,7.2,6.1,0.0,0.0,0.0,0.03,14.8,20.9,1,30,0,41.88575002073601,-87.62881448348256
2024-03-14 18:00:00,5.1,2.3,0.0,0.0,0.0,0.03,11.3,24.9,0,39,0,41.88575002073601,-87.62881448348256
2024-03-14 19:00:00,2.6,0.2,0.0,0.0,0.0,0.03,16.4,19.3,0,95,0,41.88575002073601,-87.62881448348256
2024-03-14 20:00:00,2.9,-0.0,0.0,0.0,0.0,0.03,34.3,40.4,3,71,0,41.88575002073601,-87.62881448348256
2024-03-14 21:00:00,-1.3,-3.9,0.0,0.0,0.0,0.03,17.4,25.9,1,91,0,41.88575002073601,-87.62881448348256
2024-03-14 22:00:00,1.3,-0.8,0.0,0.0,0.0,0.03,29.8,37.2,1,99,0,41.88575002073601,-87.62881448348256
2024-03-14 23:00:00,1.3,-0.7,0.0,0.0,0.0,0.03,27.7,38.6,1,39,0,41.88575002073601,-87.62881448348256
2024-03-15 00:00:00,0.2,-2.7,0.0,0.0,0.0,0.03,13.9,23.8,2,76,0,41.88575002073601,-87.62881448348256
2024-03-15 01:00:00,1.9,0.0,0.0,0.0,0.0,0.03,22.4,34.8,0,32,0,41.88575002073601,-87.62881448348256
2024-03-15 02:00:00,1.0,-1.1,0.0,0.0,0.0,0.03,30.6,43.5,1,81,0,41.88575002073601,-87.62881448348256
2024-03-15 03:00:00,1.4,-0.3,0.0,0.0,0.0,0.03,23.3,30.5,0,76,0,41.88575002073601,-87.62881448348256
2024-03-15 04:00:00,4.7,3.2,0.0,0.0,0.0,0.03,12.9,26.2,71,2,0,41.88575002073601,-87.62881448348256
2024-03-15 05:00:00,1.5,-1.2,0.43,0.43,0.0,0.03,30.9,41.1,0,65,0,41.88575002073601,-87.62881448348256
2024-03-15 06:00:00,6.1,4.6,0.0,0.0,0.0,0.03,21.7,34.9,61,34,0,41.88575002073601,-87.62881448348256
2024-03-15 07:00:00,7.0,5.7,0.0,0.0,0.0,0.03,34.4,42.5,0,46,0,41.88575002073601,-87.62881448348256
2024-03-15 08:00:00,7.3,4.8,0.0,0.0,0.0,0.03,24.7,27.0,0,39,0,41.88575002073601,-87.62881448348256
2024-03-15 09:00:00,6.2,3.5,0.0,0.0,0.0,0.03,18.5,29.0,61,78,0,41.88575002073601,-87.62881448348256
2024-03-15 10:00:00,8.0,5.1,0.0,0.0,0.0,0.03,18.1,32.6,2,38,0,41.88575002073601,-87.62881448348256
2024-03-15 11:00:00,6.7,4.3,0.0,0.0,0.0,0.03,31.4,45.5,0,23,0,41.88575002073601,-87.62881448348256
2024-03-15 12:00:00,7.2,5.5,0.78,0.78,0.0,0.03,34.4,38.4,1,35,0,41.88575002073601,-87.62881448348256
2024-03-15 13:00:00,8.1,6.0,0.0,0.0,0.0,0.03,17.3,25.7,0,50,0,41.88575002073601,-87.62881448348256
2024-03-15 14:00:00,6.1,4.8,0.0,0.0,0.0,0.03,9.9,23.2,0,65,0,41.88575002073601,-87.62881448348256
2024-03-15 15:00:00,6.5,5.1,0.0,0.0,0.0,0.03,6.2,13.6,0,85,0,41.88575002073601,-87.62881448348256
2024-03-15 16:00:00,4.3,1.6,0.0,0.0,0.0,0.03,14.7,23.4,0,68,0,41.88575002073601,-87.62881448348256
2024-03-15 17:00:00,6.0,3.3,0.0,0.0,0.0,0.03,15.3,30.2,0,70,0,41.88575002073601,-87.62881448348256
2024-03-15 18:00:00,6.5,4.9,0.0,0.0,0.0,0.03,17.8,26.1,1,73,0,41.88575002073601,-87.62881448348256
2024-03-15 19:00:00,6.3,4.5,0.0,0.0,0.0,0.03,9.4,13.8,3,75,0,41.88575002073601,-87.62881448348256
2024-03-15 20:00:00,0.4,-2.5,0.0,0.0,0.0,0.03,19.8,22.3,1,81,0,41.88575002073601,-87.62881448348256
2024-03-15 21:00:00,-0.1,-1.9,0.0,0.0,0.0,0.03,33.3,41.3,1,100,0,41.88575002073601,-87.62881448348256
2024-03-15 22:00:00,0.5,-1.2,0.0,0.0,0.0,0.03,12.0,20.7,0,75,0,41.88575002073601,-87.62881448348256
2024-03-15 23:00:00,1.4,-0.0,0.0,0.0,0.0,0.03,25.5,39.5,71,62,0,41.88575002073601,-87.62881448348256
2024-03-16 00:00:00,-0.1,-2.0,0.0,0.0,0.0,0.03,6.1,18.4,0,43,0,41.88575002073601,-87.62881448348256
2024-03-16 01:00:00,1.8,0.0,1.1,1.1,0.0,0.03,24.3,27.1,0,63,0,41.88575002073601,-87.62881448348256
2024-03-16 02:00:00,1.5,-1.0,0.0,0.0,0.0,0.03,33.1,45.7,61,84,0,41.88575002073601,-87.62881448348256
2024-03-16 03:00:00,-1.3,-3.0,0.0,0.0,0.0,0.03,13.5,16.4,1,25,0,41.88575002073601,-87.62881448348256
2024-03-16 04:00:00,2.3,0.3,0.0,0.0,0.0,0.03,29.5,31.7,0,86,0,41.88575002073601,-87.62881448348256
2024-03-16 05:00:00,1.3,-0.4,1.61,1.61,0.0,0.03,7.5,16.6,2,44,0,41.88575002073601,-87.62881448348256
2024-03-16 06:00:00,3.3,1.7,0.0,0.0,0.0,0.03,15.7,24.6,0,49,0,41.88575002073601,-87.62881448348256
2024-03-16 07:00:00,4.6,3.1,0.0,0.0,0.0,0.03,5.2,11.3,0,68,0,41.88575002073601,-87.62881448348256
2024-03-16 08:00:00,7.3,5.3,0.0,0.0,0.0,0.03,15.7,23.6,1,42,0,41.88575002073601,-87.62881448348256
2024-03-16 09:00:00,7.0,5.1,0.0,0.0,0.0,0.03,14.3,28.3,71,66,0,41.88575002073601,-87.62881448348256
2024-03-16 10:00:00,6.9,5.8,0.0,0.0,0.0,0.03,25.8,36.6,71,26,0,41.88575002073601,-87.62881448348256
2024-03-16 11:00:00,11.2,8.3,0.36,0.36,0.0,0.03,13.8,20.3,2,77,0,41.88575002073601,-87.62881448348256
2024-03-16 12:00:00,6.8,5.1,0.0,0.0,0.0,0.03,29.7,43.8,0,60,0,41.88575002073601,-87.62881448348256
2024-03-16 13:00:00,8.5,5.9,0.0,0.0,0.0,0.03,13.7,17.9,1,55,0,41.88575002073601,-87.62881448348256
2024-03-16 14:00:00,8.6,5.8,0.0,0.0,0.0,0.03,11.7,16.0,61,62,0,41.88575002073601,-87.62881448348256
2024-03-16 15:00:00,7.2,6.2,0.0,0.0,0.0,0.03,19.8,24.9,2,54,0,41.88575002073601,-87.62881448348256
2024-03-16 16:00:00,4.8,3.6,0.0,0.0,0.0,0.03,24.7,29.7,0,66,0,41.88575002073601,-87.62881448348256
2024-03-16 17:00:00,3.8,2.4,0.0,0.0,0.0,0.03,31.7,34.6,71,50,0,41.88575002073601,-87.62881448348256
2024-03-16 18:00:00,5.1,2.3,0.0,0.0,0.0,0.03,29.4,35.4,61,48,0,41.88575002073601,-87.62881448348256
2024-03-16 19:00:00,4.7,2.6,0.0,0.0,0.0,0.03,20.7,29.9,0,11,0,41.88575002073601,-87.62881448348256
2024-03-16 20:00:00,2.1,0.5,0.0,0.0,0.0,0.03,34.3,39.2,2,89,0,41.88575002073601,-87.62881448348256
2024-03-16 21:00:00,-0.6,-1.7,0.0,0.0,0.0,0.03,13.9,17.3,3,26,0,41.88575002073601,-87.62881448348256
2024-03-16 22:00:00,0.7,-0.4,0.0,0.0,0.0,0.03,35.0,45.4,0,95,0,41.88575002073601,-87.62881448348256
2024-03-16 23:00:00,2.6,0.4,0.0,0.0,0.0,0.03,16.6,24.0,61,49,0,41.88575002073601,-87.62881448348256
2024-03-17 00:00:00,-1.3,-3.7,0.0,0.0,0.0,0.03,12.9,23.4,0,85,0,41.88575002073601,-87.62881448348256
2024-03-17 01:00:00,-0.2,-1.9,0.0,0.0,0.0,0.03,16.5,21.7,1,81,0,41.88575002073601,-87.62881448348256
2024-03-17 02:00:00,0.8,-0.8,0.0,0.0,0.0,0.03,22.6,34.4,61,79,0,41.88575002073601,-87.62881448348256
2024-03-17 03:00:00,3.0,0.4,0.0,0.0,0.0,0.03,19.2,33.9,61,56,0,41.88575002073601,-87.62881448348256
2024-03-17 04:00:00,1.4,-1.4,0.0,0.0,0.0,0.03,6.5,11.9,0,25,0,41.88575002073601,-87.62881448348256
2024-03-17 05:00:00,3.9,2.1,0.65,0.65,0.0,0.03,15.7,26.0,3,50,0,41.88575002073601,-87.62881448348256
2024-03-17 06:00:00,6.3,3.8,0.58,0.58,0.0,0.03,19.8,31.7,2,47,0,41.88575002073601,-87.62881448348256
2024-03-17 07:00:00,3.0,0.2,0.0,0.0,0.0,0.03,24.9,34.0,3,52,0,41.88575002073601,-87.62881448348256
2024-03-17 08:00:00,4.2,2.4,0.0,0.0,0.0,0.03,33.6,39.4,1,24,0,41.88575002073601,-87.62881448348256
2024-03-17 09:00:00,6.9,5.5,0.0,0.0,0.0,0.03,33.7,38.5,71,48,0,41.88575002073601,-87.62881448348256
2024-03-17 10:00:00,9.1,7.4,0.0,0.0,0.0,0.03,20.4,30.8,2,0,0,41.88575002073601,-87.62881448348256
2024-03-17 11:00:00,8.5,7.4,1.82,1.82,0.0,0.03,22.1,30.3,3,47,0,41.88575002073601,-87.62881448348256
2024-03-17 12:00:00,9.8,8.7,0.94,0.94,0.0,0.03,25.9,38.8,1,58,0,41.88575002073601,-87.62881448348256
2024-03-17 13:00:00,5.5,2.8,0.0,0.0,0.0,0.03,30.1,33.2,1,35,0,41.88575002073601,-87.62881448348256
2024-03-17 14:00:00,8.1,5.4,0.0,0.0,0.0,0.03,27.4,29.8,0,48,0,41.88575002073601,-87.62881448348256
2024-03-17 15:00:00,2.7,0.4,0.0,0.0,0.0,0.03,26.6,33.4,0,59,0,41.88575002073601,-87.62881448348256
2024-03-17 16:00:00,8.2,5.4,0.0,0.0,0.0,0.03,18.4,26.6,61,80,0,41.88575002073601,-87.62881448348256
2024-03-17 17:00:00,7.0,4.1,0.0,0.0,0.0,0.03,31.1,41.4,1,81,0,41.88575002073601,-87.62881448348256
2024-03-17 18:00:00,3.7,1.3,0.0,0.0,0.0,0.03,24.9,28.4,1,63,0,41.88575002073601,-87.62881448348256
2024-03-17 19:00:00,-0.3,-3.2,0.0,0.0,0.0,0.03,9.8,19.4,0,54,0,41.88575002073601,-87.62881448348256
2024-03-17 20:00:00,1.9,-1.0,0.0,0.0,0.0,0.03,23.0,35.5,2,64,0,41.88575002073601,-87.62881448348256
2024-03-17 21:00:00,3.0,1.5,0.0,0.0,0.0,0.03,14.3,28.1,1,100,0,41.88575002073601,-87.62881448348256
2024-03-17 22:00:00,1.3,-1.6,0.0,0.0,0.0,0.03,11.1,24.8,3,68,0,41.88575002073601,-87.62881448348256
2024-03-17 23:00:00,3.1,0.1,0.0,0.0,0.0,0.03,24.5,33.2,0,62,0,41.88575002073601,-87.62881448348256
2024-03-18 00:00:00,-0.3,-1.8,0.0,0.0,0.0,0.03,24.3,38.0,0,82,0,41.88575002073601,-87.62881448348256
2024-03-18 01:00:00,3.3,1.1,0.0,0.0,0.0,0.03,33.6,42.6,0,56,0,41.88575002073601,-87.62881448348256
2024-03-18 02:00:00,-2.3,-3.8,0.0,0.0,0.0,0.03,34.3,37.2,0,34,0,41.88575002073601,-87.62881448348256
2024-03-18 03:00:00,0.2,-1.6,1.73,1.73,0.0,0.03,17.3,31.9,2,66,0,41.88575002073601,-87.62881448348256
2024-03-18 04:00:00,0.2,-2.0,0.0,0.0,0.0,0.03,10.4,12.4,2,59,0,41.88575002073601,-87.62881448348256
2024-03-18 05:00:00,4.2,3.2,0.29,0.29,0.0,0.03,9.2,14.9,1,50,0,41.88575002073601,-87.62881448348256
2024-03-18 06:00:00,2.3,0.1,0.0,0.0,0.0,0.03,34.2,36.8,3,69,0,41.88575002073601,-87.62881448348256
2024-03-18 07:00:00,6.7,4.7,0.0,0.0,0.0,0.03,16.9,25.9,61,10,0,41.88575002073601,-87.62881448348256
2024-03-18 08:00:00,7.2,5.9,0.0,0.0,0.0,0.03,15.3,24.7,2,41,0,41.88575002073601,-87.62881448348256
2024-03-18 09:00:00,7.3,4.9,0.0,0.0,0.0,0.03,23.6,33.9,2,33,0,41.88575002073601,-87.62881448348256
2024-03-18 10:00:00,7.5,4.6,0.0,0.0,0.0,0.03,6.7,10.5,1,36,0,41.88575002073601,-87.62881448348256
2024-03-18 11:00:00,6.4,5.4,0.0,0.0,0.0,0.03,24.4,26.6,1,51,0,41.88575002073601,-87.62881448348256
2024-03-18 12:00:00,9.1,7.2,0.0,0.0,0.0,0.03,31.3,36.7,0,32,0,41.88575002073601,-87.62881448348256
2024-03-18 13:00:00,7.3,6.0,0.66,0.66,0.0,0.03,26.7,29.4,0,97,0,41.88575002073601,-87.62881448348256
2024-03-18 14:00:00,8.8,7.4,0.0,0.0,0.0,0.03,17.5,20.0,0,66,0,41.88575002073601,-87.62881448348256
2024-03-18 15:00:00,9.2,7.2,0.0,0.0,0.0,0.03,8.5,13.9,1,35,0,41.88575002073601,-87.62881448348256
2024-03-18 16:00:00,5.7,4.1,0.0,0.0,0.0,0.03,12.2,27.2,0,11,0,41.88575002073601,-87.62881448348256
2024-03-18 17:00:00,7.2,4.9,0.0,0.0,0.0,0.03,13.0,25.4,1,40,0,41.88575002073601,-87.62881448348256
2024-03-18 18:00:00,4.4,2.9,0.0,0.0,0.0,0.03,16.5,23.3,3,47,0,41.88575002073601,-87.62881448348256
2024-03-18 19:00:00,4.0,1.5,0.0,0.0,0.0,0.03,9.0,15.9,1,39,0,41.88575002073601,-87.62881448348256
2024-03-18 20:00:00,0.2,-1.2,0.0,0.0,0.0,0.03,22.3,36.4,0,100,0,41.88575002073601,-87.62881448348256
2024-03-18 21:00:00,0.3,-2.5,0.0,0.0,0.0,0.03,16.0,26.6,1,14,0,41.88575002073601,-87.62881448348256
2024-03-18 22:00:00,-0.4,-2.2,0.0,0.0,0.0,0.03,19.9,32.8,1,56,0,41.88575002073601,-87.62881448348256
2024-03-18 23:00:00,2.3,1.2,0.0,0.0,0.0,0.03,13.6,26.8,0,52,0,41.88575002073601,-87.62881448348256
2024-03-19 00:00:00,-0.4,-1.6,0.73,0.0,0.51,0.04,18.6,22.8,1,49,0,41.88575002073601,-87.62881448348256
2024-03-19 01:00:00,1.2,-0.8,0.0,0.0,0.0,0.04,26.4,28.6,0,7,0,41.88575002073601,-87.62881448348256
2024-03-19 02:00:00,0.6,-2.2,0.0,0.0,0.0,0.04,7.6,13.1,1,54,0,41.88575002073601,-87.62881448348256
2024-03-19 03:00:00,0.8,-1.2,0.0,0.0,0.0,0.04,20.3,30.0,2,60,0,41.88575002073601,-87.62881448348256
2024-03-19 04:00:00,-0.1,-2.0,0.0,0.0,0.0,0.04,23.5,37.4,1,73,0,41.88575002073601,-87.62881448348256
2024-03-19 05:00:00,0.3,-2.3,0.0,0.0,0.0,0.04,25.0,31.0,71,67,0,41.88575002073601,-87.62881448348256
2024-03-19 06:00:00,3.6,2.2,0.0,0.0,0.0,0.04,32.7,45.7,0,85,0,41.88575002073601,-87.62881448348256
2024-03-19 07:00:00,4.8,2.4,0.0,0.0,0.0,0.04,28.4,39.0,1,4,0,41.88575002073601,-87.62881448348256
2024-03-19 08:00:00,4.8,3.4,0.0,0.0,0.0,0.04,27.2,37.7,0,49,0,41.88575002073601,-87.62881448348256
2024-03-19 09:00:00,7.2,4.5,0.0,0.0,0.0,0.04,31.0,42.4,61,100,0,41.88575002073601,-87.62881448348256
2024-03-19 10:00:00,10.6,7.8,0.0,0.0,0.0,0.04,32.4,41.1,0,82,0,41.88575002073601,-87.62881448348256
2024-03-19 11:00:00,10.3,8.9,0.0,0.0,0.0,0.04,30.2,40.9,1,19,0,41.88575002073601,-87.62881448348256
2024-03-19 12:00:00,8.1,6.8,0.0,0.0,0.0,0.04,23.4,35.7,1,57,0,41.88575002073601,-87.62881448348256
2024-03-19 13:00:00,8.0,5.6,0.0,0.0,0.0,0.04,30.3,40.0,61,29,0,41.88575002073601,-87.62881448348256
2024-03-19 14:00:00,8.5,6.2,0.0,0.0,0.0,0.04,14.8,17.3,1,44,0,41.88575002073601,-87.62881448348256
2024-03-19 15:00:00,7.3,5.0,0.0,0.0,0.0,0.04,33.6,42.2,1,100,0,41.88575002073601,-87.62881448348256
2024-03-19 16:00:00,7.1,5.0,0.0,0.0,0.0,0.04,10.2,20.0,1,79,0,41.88575002073601,-87.62881448348256
2024-03-19 17:00:00,5.5,4.3,0.0,0.0,0.0,0.04,11.9,25.3,2,17,0,41.88575002073601,-87.62881448348256
2024-03-19 18:00:00,4.2,1.8,0.0,0.0,0.0,0.04,9.8,11.8,0,36,0,41.88575002073601,-87.62881448348256
2024-03-19 19:00:00,2.1,0.8,0.0,0.0,0.0,0.04,28.3,30.9,0,55,0,41.88575002073601,-87.62881448348256
2024-03-19 20:00:00,2.6,0.5,0.0,0.0,0.0,0.04,18.0,24.8,0,48,0,41.88575002073601,-87.62881448348256
2024-03-19 21:00:00,-2.2,-3.8,0.0,0.0,0.0,0.04,27.1,39.6,1,63,0,41.88575002073601,-87.62881448348256
2024-03-19 22:00:00,1.0,-0.7,0.0,0.0,0.0,0.04,20.3,28.6,1,36,0,41.88575002073601,-87.62881448348256
2024-03-19 23:00:00,-2.9,-5.6,0.0,0.0,0.0,0.04,17.1,23.1,61,46,0,41.88575002073601,-87.62881448348256
2024-03-20 00:00:00,0.5,-1.4,0.0,0.0,0.0,0.04,31.9,42.9,1,35,0,41.88575002073601,-87.62881448348256
2024-03-20 01:00:00,-1.3,-3.2,0.0,0.0,0.0,0.04,18.0,26.5,0,46,0,41.88575002073601,-87.62881448348256
2024-03-20 02:00:00,2.5,-0.3,0.0,0.0,0.0,0.04,23.6,33.0,1,73,0,41.88575002073601,-87.62881448348256
2024-03-20 03:00:00,1.4,-0.7,0.0,0.0,0.0,0.04,30.8,38.3,1,62,0,41.88575002073601,-87.62881448348256
2024-03-20 04:00:00,2.1,-0.5,0.0,0.0,0.0,0.04,11.4,22.8,2,37,0,41.88575002073601,-87.62881448348256
2024-03-20 05:00:00,3.6,0.9,0.0,0.0,0.0,0.04,17.1,19.3,2,83,0,41.88575002073601,-87.62881448348256
2024-03-20 06:00:00,2.8,0.4,0.0,0.0,0.0,0.04,9.3,11.4,2,82,0,41.88575002073601,-87.62881448348256
2024-03-20 07:00:00,6.8,5.5,0.0,0.0,0.0,0.04,21.3,32.2,71,55,0,41.88575002073601,-87.62881448348256
2024-03-20 08:00:00,7.1,5.9,0.0,0.0,0.0,0.04,28.7,31.0,0,49,0,41.88575002073601,-87.62881448348256
2024-03-20 09:00:00,6.1,4.2,0.0,0.0,0.0,0.04,6.7,13.0,3,99,0,41.88575002073601,-87.62881448348256
2024-03-20 10:00:00,5.9,4.8,0.0,0.0,0.0,0.04,6.8,13.6,3,95,0,41.88575002073601,-87.62881448348256
2024-03-20 11:00:00,7.3,5.7,0.0,0.0,0.0,0.04,27.2,37.2,0,17,0,41.88575002073601,-87.62881448348256
2024-03-20 12:00:00,7.8,6.4,0.0,0.0,0.0,0.04,26.3,38.3,3,85,0,41.88575002073601,-87.62881448348256
2024-03-20 13:00:00,6.2,5.2,0.0,0.0,0.0,0.04,17.1,29.7,0,98,0,41.88575002073601,-87.62881448348256
2024-03-20 14:00:00,6.8,5.0,0.0,0.0,0.0,0.04,15.8,21.5,1,71,0,41.88575002073601,-87.62881448348256
2024-03-20 15:00:00,5.9,4.4,0.0,0.0,0.0,0.04,13.5,17.6,0,43,0,41.88575002073601,-87.62881448348256
2024-03-20 16:00:00,5.7,4.5,0.0,0.0,0.0,0.04,6.9,21.6,0,46,0,41.88575002073601,-87.62881448348256
2024-03-20 17:00:00,4.7,2.3,0.0,0.0,0.0,0.04,20.4,23.0,2,98,0,41.88575002073601,-87.62881448348256
2024-03-20 18:00:00,4.7,1.9,0.86,0.86,0.0,0.04,23.5,36.1,1,76,0,41.88575002073601,-87.62881448348256
2024-03-20 19:00:00,3.0,0.8,0.0,0.0,0.0,0.04,31.0,33.2,0,69,0,41.88575002073601,-87.62881448348256
2024-03-20 20:00:00,2.6,-0.3,0.0,0.0,0.0,0.04,21.3,29.6,2,100,0,41.88575002073601,-87.62881448348256
2024-03-20 21:00:00,1.5,0.2,0.0,0.0,0.0,0.04,9.6,19.9,1,30,0,41.88575002073601,-87.62881448348256
2024-03-20 22:00:00,0.2,-2.3,1.35,1.35,0.0,0.04,14.2,22.5,0,53,0,41.88575002073601,-87.62881448348256
2024-03-20 23:00:00,1.2,-0.7,0.0,0.0,0.0,0.04,28.6,37.9,3,60,0,41.88575002073601,-87.62881448348256
2024-03-21 00:00:00,-4.1,-6.1,0.0,0.0,0.0,0.04,23.5,25.9,71,50,0,41.88575002073601,-87.62881448348256
2024-03-21 01:00:00,-0.4,-2.7,0.0,0.0,0.0,0.04,28.1,32.1,0,9,0,41.88575002073601,-87.62881448348256
2024-03-21 02:00:00,-0.3,-2.9,1.33,0.0,0.93,0.06,17.4,26.6,71,80,0,41.88575002073601,-87.62881448348256
2024-03-21 03:00:00,1.4,0.2,1.42,1.42,0.0,0.06,7.0,19.8,71,36,0,41.88575002073601,-87.62881448348256
2024-03-21 04:00:00,1.0,-0.7,0.0,0.0,0.0,0.06,31.8,40.9,1,36,0,41.88575002073601,-87.62881448348256
2024-03-21 05:00:00,3.8,1.3,0.0,0.0,0.0,0.06,15.5,24.0,61,46,0,41.88575002073601,-87.62881448348256
2024-03-21 06:00:00,5.1,3.0,0.0,0.0,0.0,0.06,7.5,22.3,3,49,0,41.88575002073601,-87.62881448348256
2024-03-21 07:00:00,3.0,1.3,0.0,0.0,0.0,0.06,22.6,29.7,3,52,0,41.88575002073601,-87.62881448348256
2024-03-21 08:00:00,6.3,5.3,0.0,0.0,0.0,0.06,27.3,34.3,0,79,0,41.88575002073601,-87.62881448348256
2024-03-21 09:00:00,4.9,3.9,0.83,0.83,0.0,0.06,19.3,22.3,3,84,0,41.88575002073601,-87.62881448348256
2024-03-21 10:00:00,8.2,6.3,0.0,0.0,0.0,0.06,23.4,35.6,0,49,0,41.88575002073601,-87.62881448348256
2024-03-21 11:00:00,7.2,5.2,1.26,1.26,0.0,0.06,17.5,20.4,2,40,0,41.88575002073601,-87.62881448348256
2024-03-21 12:00:00,6.8,5.3,0.0,0.0,0.0,0.06,29.4,33.2,0,52,0,41.88575002073601,-87.62881448348256
2024-03-21 13:00:00,5.3,2.7,0.0,0.0,0.0,0.06,28.5,31.2,3,33,0,41.88575002073601,-87.62881448348256
2024-03-21 14:00:00,7.3,4.9,0.0,0.0,0.0,0.06,26.6,31.1,3,54,0,41.88575002073601,-87.62881448348256
2024-03-21 15:00:00,5.1,3.7,0.0,0.0,0.0,0.06,5.6,13.3,1,31,0,41.88575002073601,-87.62881448348256
2024-03-21 16:00:00,3.8,2.4,0.0,0.0,0.0,0.06,20.5,23.0,1,100,0,41.88575002073601,-87.62881448348256
2024-03-21 17:00:00,5.3,2.6,0.0,0.0,0.0,0.06,28.6,35.9,0,58,0,41.88575002073601,-87.62881448348256
2024-03-21 18:00:00,5.5,2.6,0.0,0.0,0.0,0.06,12.3,20.6,0,42,0,41.88575002073601,-87.62881448348256
2024-03-21 19:00:00,3.6,0.6,0.0,0.0,0.0,0.06,12.8,16.2,71,73,0,41.88575002073601,-87.62881448348256
2024-03-21 20:00:00,-0.1,-2.5,0.0,0.0,0.0,0.06,32.1,34.8,2,24,0,41.88575002073601,-87.62881448348256
2024-03-21 21:00:00,1.0,-1.9,0.0,0.0,0.0,0.06,30.3,36.3,3,37,0,41.88575002073601,-87.62881448348256
2024-03-21 22:00:00,1.6,0.3,0.0,0.0,0.0,0.06,34.6,45.1,3,66,0,41.88575002073601,-87.62881448348256
2024-03-21 23:00:00,-0.1,-1.4,0.0,0.0,0.0,0.06,19.9,29.8,1,58,0,41.88575002073601,-87.62881448348256
2024-03-22 00:00:00,0.5,-0.6,0.0,0.0,0.0,0.06,8.7,12.4,1,81,0,41.88575002073601,-87.62881448348256
2024-03-22 01:00:00,-0.5,-2.6,0.0,0.0,0.0,0.06,5.2,8.4,0,0,0,41.88575002073601,-87.62881448348256
2024-03-22 02:00:00,-0.0,-1.5,0.8,0.0,0.56,0.07,26.2,30.6,0,75,0,41.88575002073601,-87.62881448348256
2024-03-22 03:00:00,0.2,-2.0,0.0,0.0,0.0,0.07,29.5,42.9,3,41,0,41.88575002073601,-87.62881448348256
2024-03-22 04:00:00,2.9,1.9,0.0,0.0,0.0,0.07,17.8,32.0,3,26,0,41.88575002073601,-87.62881448348256
2024-03-22 05:00:00,4.0,1.9,0.0,0.0,0.0,0.07,17.8,26.6,0,12,0,41.88575002073601,-87.62881448348256
2024-03-22 06:00:00,3.2,0.4,0.0,0.0,0.0,0.07,30.2,43.9,1,41,0,41.88575002073601,-87.62881448348256
2024-03-22 07:00:00,6.2,3.7,0.0,0.0,0.0,0.07,10.6,14.3,1,95,0,41.88575002073601,-87.62881448348256
2024-03-22 08:00:00,3.9,2.1,1.46,1.46,0.0,0.07,6.9,17.4,2,79,0,41.88575002073601,-87.62881448348256
2024-03-22 09:00:00,6.6,5.4,0.75,0.75,0.0,0.07,34.0,44.4,2,96,0,41.88575002073601,-87.62881448348256
2024-03-22 10:00:00,5.4,3.9,0.0,0.0,0.0,0.07,21.3,29.1,0,52,0,41.88575002073601,-87.62881448348256
2024-03-22 11:00:00,6.2,4.2,0.0,0.0,0.0,0.07,28.2,39.8,2,58,0,41.88575002073601,-87.62881448348256
2024-03-22 12:00:00,6.0,4.4,0.0,0.0,0.0,0.07,33.6,41.8,3,16,0,41.88575002073601,-87.62881448348256
2024-03-22 13:00:00,6.9,4.3,0.0,0.0,0.0,0.07,29.3,42.4,0,16,0,41.88575002073601,-87.62881448348256
2024-03-22 14:00:00,8.4,5.5,0.0,0.0,0.0,0.07,19.0,22.8,2,51,0,41.88575002073601,-87.62881448348256
2024-03-22 15:00:00,6.7,5.4,0.0,0.0,0.0,0.07,24.4,26.7,1,21,0,41.88575002073601,-87.62881448348256
2024-03-22 16:00:00,5.1,4.1,1.87,1.87,0.0,0.07,24.0,30.9,3,34,0,41.88575002073601,-87.62881448348256
2024-03-22 17:00:00,4.8,3.6,1.08,1.08,0.0,0.07,32.8,36.4,61,56,0,41.88575002073601,-87.62881448348256
2024-03-22 18:00:00,0.9,-1.7,0.0,0.0,0.0,0.07,9.2,13.6,1,87,0,41.88575002073601,-87.62881448348256
2024-03-22 19:00:00,3.8,2.7,0.0,0.0,0.0,0.07,25.9,28.5,1,55,0,41.88575002073601,-87.62881448348256
2024-03-22 20:00:00,-1.4,-3.9,0.0,0.0,0.0,0.07,30.9,38.5,61,21,0,41.88575002073601,-87.62881448348256
2024-03-22 21:00:00,0.1,-1.7,0.0,0.0,0.0,0.07,15.8,27.4,0,9,0,41.88575002073601,-87.62881448348256
2024-03-22 22:00:00,0.4,-1.4,0.0,0.0,0.0,0.07,26.2,35.5,1,58,0,41.88575002073601,-87.62881448348256
2024-03-22 23:00:00,0.8,-1.7,0.0,0.0,0.0,0.07,12.5,19.1,1,39,0,41.88575002073601,-87.62881448348256
2024-03-23 00:00:00,0.4,-1.3,0.0,0.0,0.0,0.07,7.6,9.8,0,58,0,41.88575002073601,-87.62881448348256
2024-03-23 01:00:00,0.1,-2.6,0.0,0.0,0.0,0.07,5.8,14.4,3,50,0,41.88575002073601,-87.62881448348256
2024-03-23 02:00:00,2.7,1.5,0.0,0.0,0.0,0.07,20.9,27.2,0,53,0,41.88575002073601,-87.62881448348256
2024-03-23 03:00:00,4.2,1.8,0.0,0.0,0.0,0.07,6.6,11.7,3,85,0,41.88575002073601,-87.62881448348256
2024-03-23 04:00:00,2.0,-0.8,0.0,0.0,0.0,0.07,22.8,30.6,3,81,0,41.88575002073601,-87.62881448348256
2024-03-23 05:00:00,2.8,1.5,0.0,0.0,0.0,0.07,16.3,20.5,2,64,0,41.88575002073601,-87.62881448348256
2024-03-23 06:00:00,3.8,1.7,0.0,0.0,0.0,0.07,5.2,11.4,0,33,0,41.88575002073601,-87.62881448348256
2024-03-23 07:00:00,4.1,1.8,0.0,0.0,0.0,0.07,11.8,25.8,1,41,0,41.88575002073601,-87.62881448348256
2024-03-23 08:00:00,6.6,5.3,0.0,0.0,0.0,0.07,27.2,37.1,61,74,0,41.88575002073601,-87.62881448348256
2024-03-23 09:00:00,8.7,6.6,0.0,0.0,0.0,0.07,16.4,31.2,1,88,0,41.88575002073601,-87.62881448348256
2024-03-23 10:00:00,3.7,2.2,0.0,0.0,0.0,0.07,26.8,36.9,0,23,0,41.88575002073601,-87.62881448348256
2024-03-23 11:00:00,7.6,5.1,0.0,0.0,0.0,0.07,29.4,32.7,2,93,0,41.88575002073601,-87.62881448348256
2024-03-23 12:00:00,10.2,8.1,0.0,0.0,0.0,0.07,28.9,39.6,2,36,0,41.88575002073601,-87.62881448348256
2024-03-23 13:00:00,8.5,6.6,0.0,0.0,0.0,0.07,25.1,38.4,1,72,0,41.88575002073601,-87.62881448348256
2024-03-23 14:00:00,8.1,5.6,0.0,0.0,0.0,0.07,27.4,41.3,1,100,0,41.88575002073601,-87.62881448348256
2024-03-23 15:00:00,4.4,2.0,1.18,1.18,0.0,0.07,22.1,31.3,0,15,0,41.88575002073601,-87.62881448348256
2024-03-23 16:00:00,7.1,5.6,0.0,0.0,0.0,0.07,18.9,22.5,0,68,0,41.88575002073601,-87.62881448348256
2024-03-23 17:00:00,6.5,5.5,0.0,0.0,0.0,0.07,6.9,17.2,1,47,0,41.88575002073601,-87.62881448348256
2024-03-23 18:00:00,4.3,2.8,0.26,0.26,0.0,0.07,34.3,38.1,71,66,0,41.88575002073601,-87.62881448348256
2024-03-23 19:00:00,2.0,-0.8,0.0,0.0,0.0,0.07,30.2,32.9,3,40,0,41.88575002073601,-87.62881448348256
2024-03-23 20:00:00,2.7,0.9,0.0,0.0,0.0,0.07,25.2,29.9,2,0,0,41.88575002073601,-87.62881448348256
2024-03-23 21:00:00,-0.4,-1.8,0.0,0.0,0.0,0.07,24.3,27.6,1,36,0,41.88575002073601,-87.62881448348256
2024-03-23 22:00:00,-1.2,-3.0,0.77,0.0,0.54,0.08,22.3,30.1,2,64,0,41.88575002073601,-87.62881448348256
2024-03-23 23:00:00,1.3,-0.4,0.0,0.0,0.0,0.08,7.8,22.1,1,89,0,41.88575002073601,-87.62881448348256
2024-03-24 00:00:00,1.6,-0.3,0.0,0.0,0.0,0.08,14.6,25.2,3,65,0,41.88575002073601,-87.62881448348256
2024-03-24 01:00:00,-1.0,-2.9,0.0,0.0,0.0,0.08,15.2,26.2,1,92,0,41.88575002073601,-87.62881448348256
2024-03-24 02:00:00,-1.2,-2.8,0.0,0.0,0.0,0.08,28.8,41.3,0,43,0,41.88575002073601,-87.62881448348256
2024-03-24 03:00:00,-0.1,-1.7,0.0,0.0,0.0,0.08,23.1,28.3,1,41,0,41.88575002073601,-87.62881448348256
2024-03-24 04:00:00,2.3,-0.3,0.0,0.0,0.0,0.08,16.9,26.4,0,64,0,41.88575002073601,-87.62881448348256
2024-03-24 05:00:00,1.2,-1.1,0.0,0.0,0.0,0.08,14.8,26.1,1,46,0,41.88575002073601,-87.62881448348256
2024-03-24 06:00:00,5.9,3.6,0.0,0.0,0.0,0.08,30.6,36.6,3,83,0,41.88575002073601,-87.62881448348256
2024-03-24 07:00:00,4.3,3.0,0.0,0.0,0.0,0.08,28.6,35.6,2,20,0,41.88575002073601,-87.62881448348256
2024-03-24 08:00:00,6.5,3.6,1.84,1.84,0.0,0.08,29.4,40.5,0,77,0,41.88575002073601,-87.62881448348256
2024-03-24 09:00:00,5.7,4.5,0.0,0.0,0.0,0.08,16.9,29.4,2,85,0,41.88575002073601,-87.62881448348256
2024-03-24 10:00:00,8.3,6.0,0.0,0.0,0.0,0.08,19.4,26.1,0,64,0,41.88575002073601,-87.62881448348256
2024-03-24 11:00:00,8.9,6.4,0.0,0.0,0.0,0.08,22.2,32.3,2,78,0,41.88575002073601,-87.62881448348256
2024-03-24 12:00:00,5.5,3.9,0.0,0.0,0.0,0.08,10.8,21.4,0,39,0,41.88575002073601,-87.62881448348256
2024-03-24 13:00:00,6.8,5.7,0.0,0.0,0.0,0.08,15.9,29.9,2,34,0,41.88575002073601,-87.62881448348256
2024-03-24 14:00:00,7.2,4.8,0.0,0.0,0.0,0.08,19.7,32.0,3,64,0,41.88575002073601,-87.62881448348256
2024-03-24 15:00:00,6.0,3.9,0.0,0.0,0.0,0.08,25.1,29.6,0,37,0,41.88575002073601,-87.62881448348256
2024-03-24 16:00:00,7.3,4.4,0.0,0.0,0.0,0.08,18.5,28.6,2,63,0,41.88575002073601,-87.62881448348256
2024-03-24 17:00:00,4.1,1.7,0.0,0.0,0.0,0.08,9.6,24.1,2,63,0,41.88575002073601,-87.62881448348256
2024-03-24 18:00:00,5.1,2.2,0.0,0.0,0.0,0.08,17.8,24.7,3,53,0,41.88575002073601,-87.62881448348256
2024-03-24 19:00:00,3.7,1.4,0.0,0.0,0.0,0.08,20.9,32.9,71,62,0,41.88575002073601,-87.62881448348256
2024-03-24 20:00:00,1.8,-0.2,0.0,0.0,0.0,0.08,24.5,33.5,1,71,0,41.88575002073601,-87.62881448348256
2024-03-24 21:00:00,2.3,-0.6,1.34,1.34,0.0,0.08,30.6,38.3,0,52,0,41.88575002073601,-87.62881448348256
2024-03-24 22:00:00,-1.8,-4.4,0.86,0.0,0.6,0.1,12.0,21.4,2,43,0,41.88575002073601,-87.62881448348256
2024-03-24 23:00:00,0.0,-1.0,0.0,0.0,0.0,0.1,21.8,29.3,1,76,0,41.88575002073601,-87.62881448348256
2024-03-04 00:00:00,0.4,-1.5,1.56,1.56,0.0,0.0,24.7,37.1,3,90,1,41.97907642975536,-87.90298113721171
2024-03-04 01:00:00,0.8,-1.0,0.0,0.0,0.0,0.0,13.5,25.1,1,56,1,41.97907642975536,-87.90298113721171
2024-03-04 02:00:00,1.4,-1.4,0.0,0.0,0.0,0.0,15.9,19.6,3,54,1,41.97907642975536,-87.90298113721171
2024-03-04 03:00:00,1.4,-1.5,0.0,0.0,0.0,0.0,19.0,30.5,0,38,1,41.97907642975536,-87.90298113721171
2024-03-04 04:00:00,1.5,-0.6,0.0,0.0,0.0,0.0,34.3,44.1,1,0,1,41.97907642975536,-87.90298113721171
2024-03-04 05:00:00,2.0,0.5,0.0,0.0,0.0,0.0,25.0,27.7,71,82,1,41.97907642975536,-87.90298113721171
2024-03-04 06:00:00,3.9,1.3,1.3,1.3,0.0,0.0,9.6,15.3,0,55,1,41.97907642975536,-87.90298113721171
2024-03-04 07:00:00,5.8,4.4,0.0,0.0,0.0,0.0,34.7,42.2,2,33,1,41.97907642975536,-87.90298113721171
2024-03-04 08:00:00,6.8,4.8,0.0,0.0,0.0,0.0,13.1,22.1,61,100,1,41.97907642975536,-87.90298113721171
2024-03-04 09:00:00,7.0,4.1,0.0,0.0,0.0,0.0,23.7,28.0,0,66,1,41.97907642975536,-87.90298113721171
2024-03-04 10:00:00,8.0,5.2,0.0,0.0,0.0,0.0,31.3,40.1,3,50,1,41.97907642975536,-87.90298113721171
2024-03-04 11:00:00,6.2,3.3,0.0,0.0,0.0,0.0,23.5,37.9,0,80,1,41.97907642975536,-87.90298113721171
2024-03-04 12:00:00,7.3,6.1,0.0,0.0,0.0,0.0,32.8,39.4,0,64,1,41.97907642975536,-87.90298113721171
2024-03-04 13:00:00,8.9,6.9,0.0,0.0,0.0,0.0,30.4,34.4,0,64,1,41.97907642975536,-87.90298113721171
2024-03-04 14:00:00,6.2,3.7,0.0,0.0,0.0,0.0,6.1,14.1,2,40,1,41.97907642975536,-87.90298113721171
2024-03-04 15:00:00,7.0,5.7,0.0,0.0,0.0,0.0,25.6,33.5,0,72,1,41.97907642975536,-87.90298113721171
2024-03-04 16:00:00,6.1,3.5,0.0,0.0,0.0,0.0,26.6,40.5,1,79,1,41.97907642975536,-87.90298113721171
2024-03-04 17:00:00,4.9,3.2,0.0,0.0,0.0,0.0,16.2,24.2,2,40,1,41.97907642975536,-87.90298113721171
2024-03-04 18:00:00,5.0,2.2,0.0,0.0,0.0,0.0,32.3,37.4,0,8,1,41.97907642975536,-87.90298113721171
2024-03-04 19:00:00,3.3,1.5,0.0,0.0,0.0,0.0,29.0,33.9,0,79,1,41.97907642975536,-87.90298113721171
2024-03-04 20:00:00,0.2,-1.3,0.0,0.0,0.0,0.0,16.0,18.5,0,71,1,41.97907642975536,-87.90298113721171
2024-03-04 21:00:00,1.9,-0.9,0.0,0.0,0.0,0.0,11.7,23.3,0,76,1,41.97907642975536,-87.90298113721171
2024-03-04 22:00:00,-0.2,-2.7,0.0,0.0,0.0,0.0,11.4,16.9,1,56,1,41.97907642975536,-87.90298113721171
2024-03-04 23:00:00,-1.9,-3.8,0.0,0.0,0.0,0.0,11.6,23.9,1,79,1,41.97907642975536,-87.90298113721171
2024-03-05 00:00:00,1.1,-1.8,0.0,0.0,0.0,0.0,22.7,31.8,61,39,1,41.97907642975536,-87.90298113721171
2024-03-05 01:00:00,-1.6,-3.8,0.0,0.0,0.0,0.0,24.3,35.5,2,50,1,41.97907642975536,-87.90298113721171
2024-03-05 02:00:00,0.0,-2.2,0.0,0.0,0.0,0.0,9.5,14.1,71,29,1,41.97907642975536,-87.90298113721171
2024-03-05 03:00:00,1.6,-0.1,0.0,0.0,0.0,0.0,21.5,25.5,3,84,1,41.97907642975536,-87.90298113721171
2024-03-05 04:00:00,1.9,-0.8,0.0,0.0,0.0,0.0,12.5,19.9,71,54,1,41.97907642975536,-87.90298113721171
2024-03-05 05:00:00,2.0,-0.1,0.0,0.0,0.0,0.0,32.3,39.0,0,61,1,41.97907642975536,-87.90298113721171
2024-03-05 06:00:00,2.5,0.3,1.97,1.97,0.0,0.0,30.7,39.3,0,66,1,41.97907642975536,-87.90298113721171
2024-03-05 07:00:00,3.9,1.0,0.0,0.0,0.0,0.0,8.5,20.2,1,49,1,41.97907642975536,-87.90298113721171
2024-03-05 08:00:00,4.4,2.8,0.0,0.0,0.0,0.0,12.6,26.4,1,76,1,41.97907642975536,-87.90298113721171
2024-03-05 09:00:00,6.6,4.1,0.0,0.0,0.0,0.0,33.3,43.1,3,96,1,41.97907642975536,-87.90298113721171
2024-03-05 10:00:00,6.6,4.0,0.0,0.0,0.0,0.0,14.0,18.9,1,79,1,41.97907642975536,-87.90298113721171
2024-03-05 11:00:00,5.8,4.7,0.0,0.0,0.0,0.0,29.5,35.3,61,12,1,41.97907642975536,-87.90298113721171
2024-03-05 12:00:00,7.6,5.1,0.0,0.0,0.0,0.0,6.5,20.3,0,58,1,41.97907642975536,-87.90298113721171
2024-03-05 13:00:00,6.9,4.2,0.0,0.0,0.0,0.0,16.6,21.4,1,59,1,41.97907642975536,-87.90298113721171
2024-03-05 14:00:00,7.9,5.8,1.81,1.81,0.0,0.0,23.4,26.7,2,86,1,41.97907642975536,-87.90298113721171
2024-03-05 15:00:00,7.4,6.1,0.0,0.0,0.0,0.0,17.0,31.0,0,41,1,41.97907642975536,-87.90298113721171
2024-03-05 16:00:00,8.0,6.9,0.0,0.0,0.0,0.0,28.7,31.1,3,29,1,41.97907642975536,-87.90298113721171
2024-03-05 17:00:00,6.0,5.0,0.0,0.0,0.0,0.0,34.4,46.1,2,76,1,41.97907642975536,-87.90298113721171
2024-03-05 18:00:00,2.4,0.6,0.0,0.0,0.0,0.0,20.4,24.3,0,55,1,41.97907642975536,-87.90298113721171
2024-03-05 19:00:00,-0.3,-2.5,0.0,0.0,0.0,0.0,18.9,29.6,1,39,1,41.97907642975536,-87.90298113721171
2024-03-05 20:00:00,-0.3,-2.4,0.0,0.0,0.0,0.0,26.1,30.6,2,48,1,41.97907642975536,-87.90298113721171
2024-03-05 21:00:00,0.4,-1.6,0.0,0.0,0.0,0.0,27.6,41.3,2,20,1,41.97907642975536,-87.90298113721171
2024-03-05 22:00:00,-1.9,-3.7,0.0,0.0,0.0,0.0,6.8,9.4,1,59,1,41.97907642975536,-87.90298113721171
2024-03-05 23:00:00,-0.8,-3.1,0.0,0.0,0.0,0.0,18.1,24.1,2,47,1,41.97907642975536,-87.90298113721171
2024-03-06 00:00:00,0.0,-2.7,0.0,0.0,0.0,0.0,20.0,32.2,0,68,1,41.97907642975536,-87.90298113721171
2024-03-06 01:00:00,-0.7,-3.4,0.0,0.0,0.0,0.0,14.2,23.6,0,50,1,41.97907642975536,-87.90298113721171
2024-03-06 02:00:00,1.0,-1.5,0.0,0.0,0.0,0.0,27.8,35.3,0,56,1,41.97907642975536,-87.90298113721171
2024-03-06 03:00:00,0.3,-1.3,0.0,0.0,0.0,0.0,31.6,39.3,1,44,1,41.97907642975536,-87.90298113721171
2024-03-06 04:00:00,0.9,-2.0,0.0,0.0,0.0,0.0,30.4,38.9,0,49,1,41.97907642975536,-87.90298113721171
2024-03-06 05:00:00,5.5,2.8,0.0,0.0,0.0,0.0,24.0,38.9,2,27,1,41.97907642975536,-87.90298113721171
2024-03-06 06:00:00,4.0,1.1,1.11,1.11,0.0,0.0,28.8,39.6,71,81,1,41.97907642975536,-87.90298113721171
2024-03-06 07:00:00,5.2,3.0,0.0,0.0,0.0,0.0,12.0,20.3,71,54,1,41.97907642975536,-87.90298113721171
2024-03-06 08:00:00,7.3,5.6,0.0,0.0,0.0,0.0,5.8,12.0,1,5,1,41.97907642975536,-87.90298113721171
2024-03-06 09:00:00,8.1,6.2,0.0,0.0,0.0,0.0,20.4,29.0,2,15,1,41.97907642975536,-87.90298113721171
2024-03-06 10:00:00,6.9,5.3,0.0,0.0,0.0,0.0,17.3,31.3,71,81,1,41.97907642975536,-87.90298113721171
2024-03-06 11:00:00,9.4,7.7,0.0,0.0,0.0,0.0,31.5,36.3,1,54,1,41.97907642975536,-87.90298113721171
2024-03-06 12:00:00,7.3,5.5,0.0,0.0,0.0,0.0,28.7,35.2,0,55,1,41.97907642975536,-87.90298113721171
2024-03-06 13:00:00,9.4,6.5,0.0,0.0,0.0,0.0,16.5,19.3,0,55,1,41.97907642975536,-87.90298113721171
2024-03-06 14:00:00,5.6,3.6,0.0,0.0,0.0,0.0,5.5,15.7,0,67,1,41.97907642975536,-87.90298113721171
2024-03-06 15:00:00,6.4,4.6,1.03,1.03,0.0,0.0,13.2,25.2,3,93,1,41.97907642975536,-87.90298113721171
2024-03-06 16:00:00,6.3,4.1,0.0,0.0,0.0,0.0,15.8,26.0,0,66,1,41.97907642975536,-87.90298113721171
2024-03-06 17:00:00,5.6,4.0,0.0,0.0,0.0,0.0,25.3,37.8,0,63,1,41.97907642975536,-87.90298113721171
2024-03-06 18:00:00,2.7,1.7,0.0,0.0,0.0,0.0,32.1,44.1,2,41,1,41.97907642975536,-87.90298113721171
2024-03-06 19:00:00,0.5,-2.0,0.0,0.0,0.0,0.0,11.6,26.3,3,16,1,41.97907642975536,-87.90298113721171
2024-03-06 20:00:00,2.7,1.0,0.0,0.0,0.0,0.0,28.6,36.5,0,67,1,41.97907642975536,-87.90298113721171
2024-03-06 21:00:00,0.9,-0.6,0.0,0.0,0.0,0.0,26.9,30.0,2,69,1,41.97907642975536,-87.90298113721171
2024-03-06 22:00:00,-0.1,-2.1,0.0,0.0,0.0,0.0,15.6,24.6,1,82,1,41.97907642975536,-87.90298113721171
2024-03-06 23:00:00,2.6,1.3,0.0,0.0,0.0,0.0,5.5,17.5,0,98,1,41.97907642975536,-87.90298113721171
2024-03-07 00:00:00,-0.4,-2.0,0.0,0.0,0.0,0.0,6.0,13.3,1,26,1,41.97907642975536,-87.90298113721171
2024-03-07 01:00:00,-0.6,-2.7,0.0,0.0,0.0,0.0,23.6,31.4,3,40,1,41.97907642975536,-87.90298113721171
2024-03-07 02:00:00,-2.2,-5.1,0.0,0.0,0.0,0.0,30.4,42.0,0,72,1,41.97907642975536,-87.90298113721171
2024-03-07 03:00:00,-0.5,-1.9,0.0,0.0,0.0,0.0,24.0,26.2,0,55,1,41.97907642975536,-87.90298113721171
2024-03-07 04:00:00,3.3,1.4,0.0,0.0,0.0,0.0,28.2,38.8,61,91,1,41.97907642975536,-87.90298113721171
2024-03-07 05:00:00,1.9,-0.2,0.0,0.0,0.0,0.0,20.1,31.3,71,50,1,41.97907642975536,-87.90298113721171
2024-03-07 06:00:00,4.9,2.5,0.0,0.0,0.0,0.0,12.9,27.5,1,100,1,41.97907642975536,-87.90298113721171
2024-03-07 07:00:00,3.1,1.1,0.0,0.0,0.0,0.0,6.2,17.7,0,56,1,41.97907642975536,-87.90298113721171
2024-03-07 08:00:00,4.7,2.2,0.0,0.0,0.0,0.0,29.5,33.2,0,96,1,41.97907642975536,-87.90298113721171
2024-03-07 09:00:00,5.5,2.8,0.0,0.0,0.0,0.0,19.2,27.7,0,0,1,41.97907642975536,-87.90298113721171
2024-03-07 10:00:00,8.2,6.6,0.0,0.0,0.0,0.0,31.3,38.6,0,67,1,41.97907642975536,-87.90298113721171
2024-03-07 11:00:00,7.5,4.9,0.0,0.0,0.0,0.0,16.1,23.3,2,56,1,41.97907642975536,-87.90298113721171
2024-03-07 12:00:00,6.3,4.8,0.0,0.0,0.0,0.0,13.3,25.5,0,3,1,41.97907642975536,-87.90298113721171
2024-03-07 13:00:00,8.9,6.3,0.0,0.0,0.0,0.0,25.0,34.6,0,55,1,41.97907642975536,-87.90298113721171
2024-03-07 14:00:00,8.2,5.9,0.0,0.0,0.0,0.0,23.1,34.6,2,24,1,41.97907642975536,-87.90298113721171
2024-03-07 15:00:00,7.3,5.2,0.0,0.0,0.0,0.0,26.1,37.8,0,42,1,41.97907642975536,-87.90298113721171
2024-03-07 16:00:00,6.4,4.5,0.0,0.0,0.0,0.0,7.7,18.7,0,63,1,41.97907642975536,-87.90298113721171
2024-03-07 17:00:00,3.8,1.7,0.0,0.0,0.0,0.0,7.5,19.4,1,52,1,41.97907642975536,-87.90298113721171
2024-03-07 18:00:00,5.9,4.4,0.0,0.0,0.0,0.0,22.1,27.0,0,64,1,41.97907642975536,-87.90298113721171
2024-03-07 19:00:00,2.8,0.8,0.0,0.0,0.0,0.0,21.4,24.7,2,59,1,41.97907642975536,-87.90298113721171
2024-03-07 20:00:00,2.4,0.2,0.0,0.0,0.0,0.0,7.8,11.9,0,100,1,41.97907642975536,-87.90298113721171
2024-03-07 21:00:00,1.7,-0.0,0.0,0.0,0.0,0.0,17.9,30.4,0,61,1,41.97907642975536,-87.90298113721171
2024-03-07 22:00:00,-0.9,-2.6,0.0,0.0,0.0,0.0,24.0,38.4,1,58,1,41.97907642975536,-87.90298113721171
2024-03-07 23:00:00,3.0,1.3,0.0,0.0,0.0,0.0,21.3,35.4,2,66,1,41.97907642975536,-87.90298113721171
2024-03-08 00:00:00,-0.0,-2.7,0.0,0.0,0.0,0.0,10.6,12.8,0,54,1,41.97907642975536,-87.90298113721171
2024-03-08 01:00:00,0.2,-1.6,1.63,1.63,0.0,0.0,32.8,47.8,3,15,1,41.97907642975536,-87.90298113721171
2024-03-08 02:00:00,-0.1,-2.2,1.85,0.0,1.29,0.03,6.0,19.6,61,72,1,41.97907642975536,-87.90298113721171
2024-03-08 03:00:00,2.9,-0.0,0.0,0.0,0.0,0.03,13.2,17.8,1,87,1,41.97907642975536,-87.90298113721171
2024-03-08 04:00:00,3.8,2.7,0.0,0.0,0.0,0.03,7.0,16.3,0,94,1,41.97907642975536,-87.90298113721171
2024-03-08 05:00:00,3.2,1.8,0.0,0.0,0.0,0.03,13.5,28.3,0,72,1,41.97907642975536,-87.90298113721171
2024-03-08 06:00:00,1.8,-1.0,0.0,0.0,0.0,0.03,25.6,33.7,61,48,1,41.97907642975536,-87.90298113721171
2024-03-08 07:00:00,4.8,2.4,0.0,0.0,0.0,0.03,5.7,20.1,0,62,1,41.97907642975536,-87.90298113721171
2024-03-08 08:00:00,5.9,4.1,0.0,0.0,0.0,0.03,6.2,15.2,0,100,1,41.97907642975536,-87.90298113721171
2024-03-08 09:00:00,6.2,5.0,0.0,0.0,0.0,0.03,11.2,17.7,0,49,1,41.97907642975536,-87.90298113721171
2024-03-08 10:00:00,6.0,4.0,0.0,0.0,0.0,0.03,5.8,9.9,0,25,1,41.97907642975536,-87.90298113721171
2024-03-08 11:00:00,5.5,3.0,0.0,0.0,0.0,0.03,16.7,20.1,0,100,1,41.97907642975536,-87.90298113721171
2024-03-08 12:00:00,10.2,8.4,0.0,0.0,0.0,0.03,11.9,23.1,0,30,1,41.97907642975536,-87.90298113721171
2024-03-08 13:00:00,9.0,6.3,0.0,0.0,0.0,0.03,14.7,20.9,2,16,1,41.97907642975536,-87.90298113721171
2024-03-08 14:00:00,7.5,5.9,0.0,0.0,0.0,0.03,30.1,37.4,0,63,1,41.97907642975536,-87.90298113721171
2024-03-08 15:00:00,5.9,3.9,0.0,0.0,0.0,0.03,18.0,32.1,3,65,1,41.97907642975536,-87.90298113721171
2024-03-08 16:00:00,6.5,5.4,0.0,0.0,0.0,0.03,5.5,10.0,1,66,1,41.97907642975536,-87.90298113721171
2024-03-08 17:00:00,5.3,3.3,0.0,0.0,0.0,0.03,21.4,28.3,0,77,1,41.97907642975536,-87.90298113721171
2024-03-08 18:00:00,3.4,0.7,0.0,0.0,0.0,0.03,8.3,22.1,3,51,1,41.97907642975536,-87.90298113721171
2024-03-08 19:00:00,3.5,2.2,0.0,0.0,0.0,0.03,6.8,21.0,2,51,1,41.97907642975536,-87.90298113721171
2024-03-08 20:00:00,2.8,0.5,0.0,0.0,0.0,0.03,14.8,27.3,2,41,1,41.97907642975536,-87.90298113721171
2024-03-08 21:00:00,2.2,0.6,0.0,0.0,0.0,0.03,13.2,20.1,0,58,1,41.97907642975536,-87.90298113721171
2024-03-08 22:00:00,-0.8,-2.5,0.0,0.0,0.0,0.03,8.4,12.0,2,69,1,41.97907642975536,-87.90298113721171
2024-03-08 23:00:00,0.8,-0.2,0.0,0.0,0.0,0.03,14.0,26.2,3,78,1,41.97907642975536,-87.90298113721171
2024-03-09 00:00:00,1.8,-0.3,0.0,0.0,0.0,0.03,19.5,32.4,71,33,1,41.97907642975536,-87.90298113721171
2024-03-09 01:00:00,0.6,-2.4,0.0,0.0,0.0,0.03,12.5,23.8,2,24,1,41.97907642975536,-87.90298113721171
2024-03-09 02:00:00,3.8,2.6,0.15,0.15,0.0,0.03,6.0,12.4,1,77,1,41.97907642975536,-87.90298113721171
2024-03-09 03:00:00,0.9,-0.6,0.0,0.0,0.0,0.03,31.8,42.3,3,42,1,41.97907642975536,-87.90298113721171
2024-03-09 04:00:00,-0.6,-2.0,0.0,0.0,0.0,0.03,24.5,35.7,0,30,1,41.97907642975536,-87.90298113721171
2024-03-09 05:00:00,1.7,-0.4,0.0,0.0,0.0,0.03,26.2,39.7,1,9,1,41.97907642975536,-87.90298113721171
2024-03-09 06:00:00,3.0,1.6,0.0,0.0,0.0,0.03,17.2,21.1,2,90,1,41.97907642975536,-87.90298113721171
2024-03-09 07:00:00,5.9,3.0,0.29,0.29,0.0,0.03,22.2,27.6,1,62,1,41.97907642975536,-87.90298113721171
2024-03-09 08:00:00,7.2,4.9,0.0,0.0,0.0,0.03,26.1,33.3,0,69,1,41.97907642975536,-87.90298113721171
2024-03-09 09:00:00,7.0,4.8,0.0,0.0,0.0,0.03,15.7,28.3,0,66,1,41.97907642975536,-87.90298113721171
2024-03-09 10:00:00,7.9,6.9,0.0,0.0,0.0,0.03,29.9,43.6,0,60,1,41.97907642975536,-87.90298113721171
2024-03-09 11:00:00,10.7,8.8,0.0,0.0,0.0,0.03,28.2,33.8,3,54,1,41.97907642975536,-87.90298113721171
2024-03-09 12:00:00,6.8,4.1,0.0,0.0,0.0,0.03,13.6,22.2,2,53,1,41.97907642975536,-87.90298113721171
2024-03-09 13:00:00,7.8,5.7,0.0,0.0,0.0,0.03,15.0,24.9,3,31,1,41.97907642975536,-87.90298113721171
2024-03-09 14:00:00,6.8,4.3,0.7,0.7,0.0,0.03,10.5,14.7,61,11,1,41.97907642975536,-87.90298113721171
2024-03-09 15:00:00,5.1,2.7,0.0,0.0,0.0,0.03,20.1,32.4,0,100,1,41.97907642975536,-87.90298113721171
2024-03-09 16:00:00,3.0,0.1,0.0,0.0,0.0,0.03,29.3,37.5,2,56,1,41.97907642975536,-87.90298113721171
2024-03-09 17:00:00,7.0,5.2,0.0,0.0,0.0,0.03,21.9,35.6,1,44,1,41.97907642975536,-87.90298113721171
2024-03-09 18:00:00,2.9,0.2,0.0,0.0,0.0,0.03,15.6,24.8,3,35,1,41.97907642975536,-87.90298113721171
2024-03-09 19:00:00,2.6,1.1,0.0,0.0,0.0,0.03,17.3,30.1,2,81,1,41.97907642975536,-87.90298113721171
2024-03-09 20:00:00,2.6,0.5,0.0,0.0,0.0,0.03,25.8,28.4,71,59,1,41.97907642975536,-87.90298113721171
2024-03-09 21:00:00,-0.6,-2.8,0.0,0.0,0.0,0.03,20.4,28.1,3,33,1,41.97907642975536,-87.90298113721171
2024-03-09 22:00:00,-0.7,-2.6,0.0,0.0,0.0,0.03,21.6,29.0,0,47,1,41.97907642975536,-87.90298113721171
2024-03-09 23:00:00,0.1,-1.1,0.0,0.0,0.0,0.03,23.3,27.8,2,63,1,41.97907642975536,-87.90298113721171
2024-03-10 00:00:00,-0.7,-2.5,0.0,0.0,0.0,0.03,27.2,36.5,0,45,1,41.97907642975536,-87.90298113721171
2024-03-10 01:00:00,-1.8,-3.2,0.0,0.0,0.0,0.03,23.8,35.5,1,75,1,41.97907642975536,-87.90298113721171
2024-03-10 02:00:00,1.4,-0.5,0.0,0.0,0.0,0.03,25.5,33.9,0,100,1,41.97907642975536,-87.90298113721171
2024-03-10 03:00:00,0.5,-0.6,0.9,0.9,0.0,0.03,25.0,37.8,1,44,1,41.97907642975536,-87.90298113721171
2024-03-10 04:00:00,2.2,0.2,0.0,0.0,0.0,0.03,32.8,38.6,3,48,1,41.97907642975536,-87.90298113721171
2024-03-10 05:00:00,3.1,1.3,0.0,0.0,0.0,0.03,27.1,33.0,0,34,1,41.97907642975536,-87.90298113721171
2024-03-10 06:00:00,5.5,4.4,0.0,0.0,0.0,0.03,21.4,25.6,0,51,1,41.97907642975536,-87.90298113721171
2024-03-10 07:00:00,5.6,3.3,0.0,0.0,0.0,0.03,31.9,44.1,0,6,1,41.97907642975536,-87.90298113721171
2024-03-10 08:00:00,4.7,3.1,0.0,0.0,0.0,0.03,32.0,35.9,0,82,1,41.97907642975536,-87.90298113721171
2024-03-10 09:00:00,8.6,6.4,0.0,0.0,0.0,0.03,15.5,19.5,0,22,1,41.97907642975536,-87.90298113721171
2024-03-10 10:00:00,6.8,4.0,0.0,0.0,0.0,0.03,29.2,31.3,2,35,1,41.97907642975536,-87.90298113721171
2024-03-10 11:00:00,6.6,3.9,0.0,0.0,0.0,0.03,34.5,41.5,2,57,1,41.97907642975536,-87.90298113721171
2024-03-10 12:00:00,6.6,4.5,0.0,0.0,0.0,0.03,11.2,18.9,1,89,1,41.97907642975536,-87.90298113721171
2024-03-10 13:00:00,4.3,2.4,0.0,0.0,0.0,0.03,16.9,24.8,0,34,1,41.97907642975536,-87.90298113721171
2024-03-10 14:00:00,6.6,4.5,0.57,0.57,0.0,0.03,17.5,29.4,1,50,1,41.97907642975536,-87.90298113721171
2024-03-10 15:00:00,7.4,5.6,0.0,0.0,0.0,0.03,23.3,30.7,61,62,1,41.97907642975536,-87.90298113721171
2024-03-10 16:00:00,4.0,2.4,0.0,0.0,0.0,0.03,33.9,35.9,1,38,1,41.97907642975536,-87.90298113721171
2024-03-10 17:00:00,7.6,6.3,0.0,0.0,0.0,0.03,14.2,24.1,1,52,1,41.97907642975536,-87.90298113721171
2024-03-10 18:00:00,0.6,-2.2,0.0,0.0,0.0,0.03,27.6,31.8,1,15,1,41.97907642975536,-87.90298113721171
2024-03-10 19:00:00,1.8,0.7,0.0,0.0,0.0,0.03,28.4,30.7,0,42,1,41.97907642975536,-87.90298113721171
2024-03-10 20:00:00,-0.2,-1.9,0.0,0.0,0.0,0.03,25.9,38.0,0,86,1,41.97907642975536,-87.90298113721171
2024-03-10 21:00:00,2.5,1.2,1.35,1.35,0.0,0.03,22.6,27.8,2,75,1,41.97907642975536,-87.90298113721171
2024-03-10 22:00:00,1.5,0.4,0.0,0.0,0.0,0.03,22.2,34.0,0,44,1,41.97907642975536,-87.90298113721171
2024-03-10 23:00:00,-0.3,-1.6,0.0,0.0,0.0,0.03,13.5,23.8,2,30,1,41.97907642975536,-87.90298113721171
2024-03-11 00:00:00,-2.1,-4.0,0.0,0.0,0.0,0.03,9.1,22.6,1,50,1,41.97907642975536,-87.90298113721171
2024-03-11 01:00:00,-1.7,-3.8,0.0,0.0,0.0,0.03,15.0,21.7,0,18,1,41.97907642975536,-87.90298113721171
2024-03-11 02:00:00,0.9,-1.9,0.0,0.0,0.0,0.03,11.9,22.3,1,50,1,41.97907642975536,-87.90298113721171
2024-03-11 03:00:00,0.2,-2.2,0.0,0.0,0.0,0.03,24.6,34.0,0,45,1,41.97907642975536,-87.90298113721171
2024-03-11 04:00:00,1.2,-1.4,0.0,0.0,0.0,0.03,30.6,42.8,0,44,1,41.97907642975536,-87.90298113721171
2024-03-11 05:00:00,2.9,0.7,0.0,0.0,0.0,0.03,9.8,16.0,1,51,1,41.97907642975536,-87.90298113721171
2024-03-11 06:00:00,3.4,2.0,0.0,0.0,0.0,0.03,24.8,34.6,2,68,1,41.97907642975536,-87.90298113721171
2024-03-11 07:00:00,2.4,-0.3,0.0,0.0,0.0,0.03,8.7,17.7,3,29,1,41.97907642975536,-87.90298113721171
2024-03-11 08:00:00,4.0,2.1,0.0,0.0,0.0,0.03,16.4,19.0,3,79,1,41.97907642975536,-87.90298113721171
2024-03-11 09:00:00,4.9,2.3,0.0,0.0,0.0,0.03,10.2,12.6,1,83,1,41.97907642975536,-87.90298113721171
2024-03-11 10:00:00,6.4,5.4,1.48,1.48,0.0,0.03,14.0,27.7,0,100,1,41.97907642975536,-87.90298113721171
2024-03-11 11:00:00,8.0,6.1,0.0,0.0,0.0,0.03,30.8,41.1,0,62,1,41.97907642975536,-87.90298113721171
2024-03-11 12:00:00,8.1,6.4,0.0,0.0,0.0,0.03,17.6,27.6,0,92,1,41.97907642975536,-87.90298113721171
2024-03-11 13:00:00,9.6,8.0,0.0,0.0,0.0,0.03,8.3,19.9,0,79,1,41.97907642975536,-87.90298113721171
2024-03-11 14:00:00,5.4,3.0,0.0,0.0,0.0,0.03,11.0,13.2,0,60,1,41.97907642975536,-87.90298113721171
2024-03-11 15:00:00,7.3,4.6,1.19,1.19,0.0,0.03,30.3,35.3,2,25,1,41.97907642975536,-87.90298113721171
2024-03-11 16:00:00,4.8,2.1,0.0,0.0,0.0,0.03,17.3,27.8,1,77,1,41.97907642975536,-87.90298113721171
2024-03-11 17:00:00,8.0,5.4,0.0,0.0,0.0,0.03,33.1,44.4,0,61,1,41.97907642975536,-87.90298113721171
2024-03-11 18:00:00,3.8,1.2,0.0,0.0,0.0,0.03,21.8,32.0,2,100,1,41.97907642975536,-87.90298113721171
2024-03-11 19:00:00,2.1,-0.5,0.0,0.0,0.0,0.03,20.2,27.6,3,74,1,41.97907642975536,-87.90298113721171
2024-03-11 20:00:00,2.4,0.0,0.0,0.0,0.0,0.03,18.7,28.3,0,81,1,41.97907642975536,-87.90298113721171
2024-03-11 21:00:00,1.5,-1.1,0.0,0.0,0.0,0.03,28.2,39.3,0,41,1,41.97907642975536,-87.90298113721171
2024-03-11 22:00:00,-0.0,-1.5,0.0,0.0,0.0,0.03,30.1,37.4,1,61,1,41.97907642975536,-87.90298113721171
2024-03-11 23:00:00,1.0,-1.9,0.0,0.0,0.0,0.03,8.8,18.1,0,7,1,41.97907642975536,-87.90298113721171
2024-03-12 00:00:00,2.3,0.3,0.0,0.0,0.0,0.03,17.3,20.3,0,69,1,41.97907642975536,-87.90298113721171
2024-03-12 01:00:00,1.5,-0.0,0.0,0.0,0.0,0.03,13.5,17.7,1,85,1,41.97907642975536,-87.90298113721171
2024-03-12 02:00:00,0.3,-1.6,0.0,0.0,0.0,0.03,32.0,44.0,1,90,1,41.97907642975536,-87.90298113721171
2024-03-12 03:00:00,3.8,1.2,0.0,0.0,0.0,0.03,27.0,34.0,3,46,1,41.97907642975536,-87.90298113721171
2024-03-12 04:00:00,2.7,0.3,1.28,1.28,0.0,0.03,13.8,25.9,0,10,1,41.97907642975536,-87.90298113721171
2024-03-12 05:00:00,1.3,0.0,1.79,1.79,0.0,0.03,17.3,28.0,3,42,1,41.97907642975536,-87.90298113721171
2024-03-12 06:00:00,4.1,2.2,0.0,0.0,0.0,0.03,17.6,24.3,0,53,1,41.97907642975536,-87.90298113721171
2024-03-12 07:00:00,4.7,2.2,0.0,0.0,0.0,0.03,33.0,45.0,0,65,1,41.97907642975536,-87.90298113721171
2024-03-12 08:00:00,5.2,2.8,0.0,0.0,0.0,0.03,19.2,22.9,0,4,1,41.97907642975536,-87.90298113721171
2024-03-12 09:00:00,7.3,5.9,0.0,0.0,0.0,0.03,5.6,9.6,0,52,1,41.97907642975536,-87.90298113721171
2024-03-12 10:00:00,4.6,2.2,0.0,0.0,0.0,0.03,26.9,34.2,3,29,1,41.97907642975536,-87.90298113721171
2024-03-12 11:00:00,10.3,7.9,0.0,0.0,0.0,0.03,7.9,18.4,0,91,1,41.97907642975536,-87.90298113721171
2024-03-12 12:00:00,8.9,7.4,0.0,0.0,0.0,0.03,23.9,29.8,0,0,1,41.97907642975536,-87.90298113721171
2024-03-12 13:00:00,5.1,3.5,0.0,0.0,0.0,0.03,20.4,26.6,2,80,1,41.97907642975536,-87.90298113721171
2024-03-12 14:00:00,8.4,6.5,0.0,0.0,0.0,0.03,27.9,41.1,0,51,1,41.97907642975536,-87.90298113721171
2024-03-12 15:00:00,7.5,5.1,0.0,0.0,0.0,0.03,21.5,35.2,2,4,1,41.97907642975536,-87.90298113721171
2024-03-12 16:00:00,8.2,5.3,0.0,0.0,0.0,0.03,10.3,24.1,3,97,1,41.97907642975536,-87.90298113721171
2024-03-12 17:00:00,7.6,4.6,0.0,0.0,0.0,0.03,31.8,34.1,0,89,1,41.97907642975536,-87.90298113721171
2024-03-12 18:00:00,6.8,4.5,0.0,0.0,0.0,0.03,32.1,44.5,0,86,1,41.97907642975536,-87.90298113721171
2024-03-12 19:00:00,2.5,0.7,0.0,0.0,0.0,0.03,17.6,29.5,1,57,1,41.97907642975536,-87.90298113721171
2024-03-12 20:00:00,2.8,1.7,0.0,0.0,0.0,0.03,23.3,28.6,3,38,1,41.97907642975536,-87.90298113721171
2024-03-12 21:00:00,0.5,-1.7,0.0,0.0,0.0,0.03,21.6,26.5,61,57,1,41.97907642975536,-87.90298113721171
2024-03-12 22:00:00,2.0,0.0,0.0,0.0,0.0,0.03,21.0,23.5,3,69,1,41.97907642975536,-87.90298113721171
2024-03-12 23:00:00,-3.1,-5.4,0.0,0.0,0.0,0.03,7.7,20.4,2,41,1,41.97907642975536,-87.90298113721171
2024-03-13 00:00:00,-1.9,-4.8,0.0,0.0,0.0,0.03,19.8,29.7,1,34,1,41.97907642975536,-87.90298113721171
2024-03-13 01:00:00,-0.5,-1.8,0.0,0.0,0.0,0.03,11.8,14.0,3,67,1,41.97907642975536,-87.90298113721171
2024-03-13 02:00:00,0.4,-1.3,0.0,0.0,0.0,0.03,28.9,33.9,3,60,1,41.97907642975536,-87.90298113721171
2024-03-13 03:00:00,1.4,-0.7,0.0,0.0,0.0,0.03,30.5,43.3,0,78,1,41.97907642975536,-87.90298113721171
2024-03-13 04:00:00,3.9,2.2,0.0,0.0,0.0,0.03,5.6,15.4,2,93,1,41.97907642975536,-87.90298113721171
2024-03-13 05:00:00,2.0,0.6,0.0,0.0,0.0,0.03,27.1,40.2,3,76,1,41.97907642975536,-87.90298113721171
2024-03-13 06:00:00,2.1,-0.1,0.0,0.0,0.0,0.03,8.4,12.4,61,26,1,41.97907642975536,-87.90298113721171
2024-03-13 07:00:00,4.5,3.4,0.0,0.0,0.0,0.03,5.3,19.7,2,55,1,41.97907642975536,-87.90298113721171
2024-03-13 08:00:00,5.1,3.3,0.0,0.0,0.0,0.03,5.4,10.1,2,65,1,41.97907642975536,-87.90298113721171
2024-03-13 09:00:00,7.7,4.7,0.0,0.0,0.0,0.03,19.0,24.9,61,75,1,41.97907642975536,-87.90298113721171
2024-03-13 10:00:00,9.8,7.8,0.0,0.0,0.0,0.03,29.4,43.5,0,76,1,41.97907642975536,-87.90298113721171
2024-03-13 11:00:00,10.0,8.8,0.13,0.13,0.0,0.03,14.3,20.4,1,54,1,41.97907642975536,-87.90298113721171
2024-03-13 12:00:00,9.6,7.0,0.0,0.0,0.0,0.03,32.7,42.5,3,43,1,41.97907642975536,-87.90298113721171
2024-03-13 13:00:00,7.0,5.7,1.88,1.88,0.0,0.03,17.6,24.1,2,80,1,41.97907642975536,-87.90298113721171
2024-03-13 14:00:00,7.2,5.7,0.0,0.0,0.0,0.03,10.7,22.3,61,64,1,41.97907642975536,-87.90298113721171
2024-03-13 15:00:00,7.5,4.5,0.0,0.0,0.0,0.03,18.8,24.8,0,62,1,41.97907642975536,-87.90298113721171
2024-03-13 16:00:00,4.8,2.3,0.0,0.0,0.0,0.03,23.8,31.5,0,37,1,41.97907642975536,-87.90298113721171
2024-03-13 17:00:00,4.0,2.4,0.0,0.0,0.0,0.03,20.2,23.3,0,100,1,41.97907642975536,-87.90298113721171
2024-03-13 18:00:00,4.6,2.3,0.0,0.0,0.0,0.03,18.2,32.2,0,61,1,41.97907642975536,-87.90298113721171
2024-03-13 19:00:00,0.9,-1.1,0.0,0.0,0.0,0.03,10.7,24.4,2,53,1,41.97907642975536,-87.90298113721171
2024-03-13 20:00:00,3.6,0.9,0.0,0.0,0.0,0.03,26.0,38.4,1,61,1,41.97907642975536,-87.90298113721171
2024-03-13 21:00:00,0.6,-1.6,0.0,0.0,0.0,0.03,15.5,28.9,0,52,1,41.97907642975536,-87.90298113721171
2024-03-13 22:00:00,1.3,-1.0,0.0,0.0,0.0,0.03,34.1,44.0,2,23,1,41.97907642975536,-87.90298113721171
2024-03-13 23:00:00,0.4,-0.9,0.0,0.0,0.0,0.03,17.0,20.1,2,62,1,41.97907642975536,-87.90298113721171
2024-03-14 00:00:00,1.9,0.4,0.0,0.0,0.0,0.03,11.6,14.6,0,19,1,41.97907642975536,-87.90298113721171
2024-03-14 01:00:00,-3.1,-4.1,0.0,0.0,0.0,0.03,30.8,43.0,1,58,1,41.97907642975536,-87.90298113721171
2024-03-14 02:00:00,2.4,0.3,0.37,0.37,0.0,0.03,11.3,20.0,2,15,1,41.97907642975536,-87.90298113721171
2024-03-14 03:00:00,3.0,0.9,0.0,0.0,0.0,0.03,10.0,15.6,0,1,1,41.97907642975536,-87.90298113721171
2024-03-14 04:00:00,2.4,0.8,0.0,0.0,0.0,0.03,26.6,29.0,3,70,1,41.97907642975536,-87.90298113721171
2024-03-14 05:00:00,3.7,2.3,0.0,0.0,0.0,0.03,13.9,28.7,2,27,1,41.97907642975536,-87.90298113721171
2024-03-14 06:00:00,4.9,3.0,0.0,0.0,0.0,0.03,17.5,20.8,2,66,1,41.97907642975536,-87.90298113721171
2024-03-14 07:00:00,3.7,2.5,0.0,0.0,0.0,0.03,18.5,25.3,0,59,1,41.97907642975536,-87.90298113721171
2024-03-14 08:00:00,6.1,3.4,0.0,0.0,0.0,0.03,28.5,39.3,2,59,1,41.97907642975536,-87.90298113721171
2024-03-14 09:00:00,8.2,5.5,0.0,0.0,0.0,0.03,22.2,32.3,0,39,1,41.97907642975536,-87.90298113721171
2024-03-14 10:00:00,4.8,2.6,0.0,0.0,0.0,0.03,27.2,30.9,3,52,1,41.97907642975536,-87.90298113721171
2024-03-14 11:00:00,8.6,5.8,0.0,0.0,0.0,0.03,34.6,44.7,0,39,1,41.97907642975536,-87.90298113721171
2024-03-14 12:00:00,8.1,5.9,0.0,0.0,0.0,0.03,26.3,32.7,0,79,1,41.97907642975536,-87.90298113721171
2024-03-14 13:00:00,8.8,6.8,0.0,0.0,0.0,0.03,13.4,17.6,2,43,1,41.97907642975536,-87.90298113721171
2024-03-14 14:00:00,5.6,3.4,0.0,0.0,0.0,0.03,28.0,38.0,0,49,1,41.97907642975536,-87.90298113721171
2024-03-14 15:00:00,5.7,4.5,1.82,1.82,0.0,0.03,30.5,44.2,0,74,1,41.97907642975536,-87.90298113721171
2024-03-14 16:00:00,3.9,2.5,0.0,0.0,0.0,0.03,17.9,29.7,0,39,1,41.97907642975536,-87.90298113721171
2024-03-14 17:00:00,2.9,0.8,0.0,0.0,0.0,0.03,24.8,28.9,3,10,1,41.97907642975536,-87.90298113721171
2024-03-14 18:00:00,5.2,4.0,0.0,0.0,0.0,0.03,19.7,24.0,1,28,1,41.97907642975536,-87.90298113721171
2024-03-14 19:00:00,2.1,-0.5,0.83,0.83,0.0,0.03,8.8,16.9,1,81,1,41.97907642975536,-87.90298113721171
2024-03-14 20:00:00,1.0,-0.3,0.0,0.0,0.0,0.03,26.9,29.1,0,57,1,41.97907642975536,-87.90298113721171
2024-03-14 21:00:00,2.8,1.0,0.0,0.0,0.0,0.03,18.3,20.6,1,62,1,41.97907642975536,-87.90298113721171
2024-03-14 22:00:00,0.0,-1.9,0.0,0.0,0.0,0.03,15.4,20.7,1,62,1,41.97907642975536,-87.90298113721171
2024-03-14 23:00:00,1.6,0.3,0.0,0.0,0.0,0.03,19.0,22.4,0,100,1,41.97907642975536,-87.90298113721171
2024-03-15 00:00:00,-1.6,-3.1,0.0,0.0,0.0,0.03,22.5,31.6,0,3,1,41.97907642975536,-87.90298113721171
2024-03-15 01:00:00,-0.4,-2.4,0.0,0.0,0.0,0.03,27.7,30.3,2,52,1,41.97907642975536,-87.90298113721171
2024-03-15 02:00:00,-0.8,-2.0,1.46,0.0,1.02,0.05,32.3,37.4,0,56,1,41.97907642975536,-87.90298113721171
2024-03-15 03:00:00,2.0,0.6,0.0,0.0,0.0,0.05,25.5,28.3,71,54,1,41.97907642975536,-87.90298113721171
2024-03-15 04:00:00,1.7,0.6,0.0,0.0,0.0,0.05,34.8,43.7,0,75,1,41.97907642975536,-87.90298113721171
2024-03-15 05:00:00,4.1,2.0,0.0,0.0,0.0,0.05,9.7,16.3,0,76,1,41.97907642975536,-87.90298113721171
2024-03-15 06:00:00,4.2,1.6,0.0,0.0,0.0,0.05,9.6,12.7,0,50,1,41.97907642975536,-87.90298113721171
2024-03-15 07:00:00,2.1,-0.5,0.0,0.0,0.0,0.05,28.7,35.3,2,13,1,41.97907642975536,-87.90298113721171
2024-03-15 08:00:00,5.6,3.9,0.0,0.0,0.0,0.05,24.0,26.0,0,100,1,41.97907642975536,-87.90298113721171
2024-03-15 09:00:00,4.5,2.2,0.0,0.0,0.0,0.05,30.9,43.6,0,55,1,41.97907642975536,-87.90298113721171
2024-03-15 10:00:00,8.0,5.0,0.0,0.0,0.0,0.05,25.4,32.1,0,57,1,41.97907642975536,-87.90298113721171
2024-03-15 11:00:00,8.7,6.8,0.0,0.0,0.0,0.05,5.4,16.0,0,87,1,41.97907642975536,-87.90298113721171
2024-03-15 12:00:00,9.0,6.2,0.0,0.0,0.0,0.05,25.2,36.4,0,45,1,41.97907642975536,-87.90298113721171
2024-03-15 13:00:00,7.7,5.1,0.0,0.0,0.0,0.05,11.3,20.6,1,87,1,41.97907642975536,-87.90298113721171
2024-03-15 14:00:00,5.0,3.7,0.0,0.0,0.0,0.05,18.4,28.1,2,47,1,41.97907642975536,-87.90298113721171
2024-03-15 15:00:00,7.1,5.3,0.0,0.0,0.0,0.05,25.7,33.3,0,100,1,41.97907642975536,-87.90298113721171
2024-03-15 16:00:00,6.6,3.7,0.0,0.0,0.0,0.05,24.7,32.0,1,66,1,41.97907642975536,-87.90298113721171
2024-03-15 17:00:00,4.8,3.4,0.0,0.0,0.0,0.05,16.5,22.5,71,38,1,41.97907642975536,-87.90298113721171
2024-03-15 18:00:00,4.1,3.0,0.0,0.0,0.0,0.05,26.4,29.3,2,100,1,41.97907642975536,-87.90298113721171
2024-03-15 19:00:00,0.1,-1.4,0.0,0.0,0.0,0.05,33.3,39.9,71,70,1,41.97907642975536,-87.90298113721171
2024-03-15 20:00:00,2.1,1.1,0.0,0.0,0.0,0.05,11.9,19.9,0,40,1,41.97907642975536,-87.90298113721171
2024-03-15 21:00:00,1.0,-0.2,0.0,0.0,0.0,0.05,8.6,12.3,1,20,1,41.97907642975536,-87.90298113721171
2024-03-15 22:00:00,-1.3,-3.1,0.0,0.0,0.0,0.05,9.1,22.9,0,72,1,41.97907642975536,-87.90298113721171
2024-03-15 23:00:00,0.9,-1.6,0.0,0.0,0.0,0.05,18.7,20.8,61,90,1,41.97907642975536,-87.90298113721171
2024-03-16 00:00:00,-0.7,-2.2,0.0,0.0,0.0,0.05,13.9,18.9,61,65,1,41.97907642975536,-87.90298113721171
2024-03-16 01:00:00,0.5,-2.2,0.88,0.88,0.0,0.05,19.0,29.9,1,63,1,41.97907642975536,-87.90298113721171
2024-03-16 02:00:00,1.3,-1.7,0.0,0.0,0.0,0.05,7.5,20.2,0,94,1,41.97907642975536,-87.90298113721171
2024-03-16 03:00:00,1.7,-0.3,1.37,1.37,0.0,0.05,12.4,20.6,1,70,1,41.97907642975536,-87.90298113721171
2024-03-16 04:00:00,-0.0,-3.0,0.0,0.0,0.0,0.05,15.4,25.1,3,39,1,41.97907642975536,-87.90298113721171
2024-03-16 05:00:00,2.4,0.2,0.0,0.0,0.0,0.05,33.0,38.6,1,40,1,41.97907642975536,-87.90298113721171
2024-03-16 06:00:00,7.2,6.1,0.0,0.0,0.0,0.05,13.9,28.3,3,69,1,41.97907642975536,-87.90298113721171
2024-03-16 07:00:00,7.1,5.9,1.0,1.0,0.0,0.05,6.4,16.8,2,68,1,41.97907642975536,-87.90298113721171
2024-03-16 08:00:00,7.3,5.2,0.0,0.0,0.0,0.05,14.3,18.0,0,82,1,41.97907642975536,-87.90298113721171
2024-03-16 09:00:00,7.2,4.4,0.0,0.0,0.0,0.05,33.1,44.7,3,64,1,41.97907642975536,-87.90298113721171
2024-03-16 10:00:00,6.0,4.8,1.2,1.2,0.0,0.05,17.8,21.5,0,72,1,41.97907642975536,-87.90298113721171
2024-03-16 11:00:00,7.6,5.5,0.0,0.0,0.0,0.05,29.6,36.8,3,64,1,41.97907642975536,-87.90298113721171
2024-03-16 12:00:00,7.4,4.7,0.0,0.0,0.0,0.05,13.0,21.4,0,79,1,41.97907642975536,-87.90298113721171
2024-03-16 13:00:00,7.7,4.8,0.0,0.0,0.0,0.05,9.1,20.5,1,74,1,41.97907642975536,-87.90298113721171
2024-03-16 14:00:00,5.3,2.5,0.0,0.0,0.0,0.05,19.9,34.9,0,49,1,41.97907642975536,-87.90298113721171
2024-03-16 15:00:00,8.3,7.0,0.51,0.51,0.0,0.05,26.1,32.9,0,50,1,41.97907642975536,-87.90298113721171
2024-03-16 16:00:00,2.0,0.8,0.0,0.0,0.0,0.05,30.4,41.1,3,63,1,41.97907642975536,-87.90298113721171
2024-03-16 17:00:00,6.3,4.9,0.0,0.0,0.0,0.05,12.2,23.0,2,58,1,41.97907642975536,-87.90298113721171
2024-03-16 18:00:00,5.3,3.8,0.0,0.0,0.0,0.05,34.6,39.0,61,88,1,41.97907642975536,-87.90298113721171
2024-03-16 19:00:00,6.5,3.7,0.0,0.0,0.0,0.05,19.7,30.0,1,60,1,41.97907642975536,-87.90298113721171
2024-03-16 20:00:00,1.6,-0.7,0.0,0.0,0.0,0.05,20.1,33.5,0,19,1,41.97907642975536,-87.90298113721171
2024-03-16 21:00:00,0.4,-2.5,0.0,0.0,0.0,0.05,30.8,40.0,0,25,1,41.97907642975536,-87.90298113721171
2024-03-16 22:00:00,0.7,-1.1,0.0,0.0,0.0,0.05,17.2,25.5,1,49,1,41.97907642975536,-87.90298113721171
2024-03-16 23:00:00,1.0,-0.8,0.0,0.0,0.0,0.05,27.7,38.1,0,73,1,41.97907642975536,-87.90298113721171
2024-03-17 00:00:00,-0.1,-1.7,0.0,0.0,0.0,0.05,22.0,34.5,1,37,1,41.97907642975536,-87.90298113721171
2024-03-17 01:00:00,-1.6,-3.5,0.0,0.0,0.0,0.05,9.1,14.0,0,71,1,41.97907642975536,-87.90298113721171
2024-03-17 02:00:00,1.4,-1.2,0.0,0.0,0.0,0.05,6.0,10.1,71,36,1,41.97907642975536,-87.90298113721171
2024-03-17 03:00:00,1.2,-1.2,0.0,0.0,0.0,0.05,33.0,43.5,0,59,1,41.97907642975536,-87.90298113721171
2024-03-17 04:00:00,0.5,-2.1,0.0,0.0,0.0,0.05,31.0,33.4,2,65,1,41.97907642975536,-87.90298113721171
2024-03-17 05:00:00,0.5,-2.1,0.0,0.0,0.0,0.05,34.5,47.2,1,26,1,41.97907642975536,-87.90298113721171
2024-03-17 06:00:00,7.7,6.7,0.0,0.0,0.0,0.05,25.2,31.2,1,65,1,41.97907642975536,-87.90298113721171
2024-03-17 07:00:00,6.3,4.8,0.0,0.0,0.0,0.05,24.4,27.8,2,95,1,41.97907642975536,-87.90298113721171
2024-03-17 08:00:00,6.8,4.5,0.0,0.0,0.0,0.05,11.3,23.2,61,50,1,41.97907642975536,-87.90298113721171
2024-03-17 09:00:00,6.7,4.8,0.0,0.0,0.0,0.05,24.3,29.2,2,57,1,41.97907642975536,-87.90298113721171
2024-03-17 10:00:00,8.5,7.3,0.0,0.0,0.0,0.05,19.7,26.9,0,61,1,41.97907642975536,-87.90298113721171
2024-03-17 11:00:00,6.3,5.2,0.0,0.0,0.0,0.05,16.3,23.7,0,57,1,41.97907642975536,-87.90298113721171
2024-03-17 12:00:00,8.3,5.4,0.0,0.0,0.0,0.05,25.5,38.1,3,56,1,41.97907642975536,-87.90298113721171
2024-03-17 13:00:00,8.2,5.5,0.0,0.0,0.0,0.05,7.5,13.0,1,54,1,41.97907642975536,-87.90298113721171
2024-03-17 14:00:00,5.9,4.3,0.0,0.0,0.0,0.05,20.1,30.3,2,16,1,41.97907642975536,-87.90298113721171
2024-03-17 15:00:00,6.7,4.4,1.85,1.85,0.0,0.05,27.7,42.7,1,66,1,41.97907642975536,-87.90298113721171
2024-03-17 16:00:00,5.4,4.1,0.0,0.0,0.0,0.05,29.9,39.7,2,28,1,41.97907642975536,-87.90298113721171
2024-03-17 17:00:00,3.9,2.6,0.0,0.0,0.0,0.05,19.7,23.5,1,64,1,41.97907642975536,-87.90298113721171
2024-03-17 18:00:00,3.2,1.5,0.0,0.0,0.0,0.05,15.6,21.3,1,73,1,41.97907642975536,-87.90298113721171
2024-03-17 19:00:00,0.4,-1.2,0.0,0.0,0.0,0.05,22.2,31.1,61,65,1,41.97907642975536,-87.90298113721171
2024-03-17 20:00:00,3.6,0.6,0.0,0.0,0.0,0.05,8.8,15.0,1,33,1,41.97907642975536,-87.90298113721171
2024-03-17 21:00:00,3.5,2.5,0.0,0.0,0.0,0.05,7.7,16.5,0,63,1,41.97907642975536,-87.90298113721171
2024-03-17 22:00:00,-0.9,-2.9,0.0,0.0,0.0,0.05,29.6,38.6,1,50,1,41.97907642975536,-87.90298113721171
2024-03-17 23:00:00,1.8,-0.9,1.62,1.62,0.0,0.05,8.8,20.4,0,40,1,41.97907642975536,-87.90298113721171
2024-03-18 00:00:00,-0.0,-1.1,0.0,0.0,0.0,0.05,17.5,27.6,0,100,1,41.97907642975536,-87.90298113721171
2024-03-18 01:00:00,0.1,-2.0,0.0,0.0,0.0,0.05,17.4,28.4,2,33,1,41.97907642975536,-87.90298113721171
2024-03-18 02:00:00,-1.4,-3.2,0.0,0.0,0.0,0.05,34.5,39.3,0,67,1,41.97907642975536,-87.90298113721171
2024-03-18 03:00:00,0.3,-1.1,0.0,0.0,0.0,0.05,26.2,33.7,1,93,1,41.97907642975536,-87.90298113721171
2024-03-18 04:00:00,2.8,1.3,0.0,0.0,0.0,0.05,28.0,40.7,1,65,1,41.97907642975536,-87.90298113721171
2024-03-18 05:00:00,1.5,-1.1,0.0,0.0,0.0,0.05,25.1,36.9,0,40,1,41.97907642975536,-87.90298113721171
2024-03-18 06:00:00,2.9,1.0,0.0,0.0,0.0,0.05,13.2,17.5,0,41,1,41.97907642975536,-87.90298113721171
2024-03-18 07:00:00,4.3,3.2,0.0,0.0,0.0,0.05,15.8,18.7,2,20,1,41.97907642975536,-87.90298113721171
2024-03-18 08:00:00,0.9,-0.9,0.0,0.0,0.0,0.05,10.5,21.0,71,57,1,41.97907642975536,-87.90298113721171
2024-03-18 09:00:00,7.3,4.7,0.0,0.0,0.0,0.05,21.3,29.0,0,58,1,41.97907642975536,-87.90298113721171
2024-03-18 10:00:00,8.4,6.0,0.0,0.0,0.0,0.05,7.3,14.7,0,49,1,41.97907642975536,-87.90298113721171
2024-03-18 11:00:00,8.4,5.5,0.0,0.0,0.0,0.05,32.1,34.4,71,91,1,41.97907642975536,-87.90298113721171
2024-03-18 12:00:00,9.4,6.9,1.29,1.29,0.0,0.05,10.9,17.9,3,54,1,41.97907642975536,-87.90298113721171
2024-03-18 13:00:00,7.2,5.9,0.0,0.0,0.0,0.05,11.4,15.7,61,16,1,41.97907642975536,-87.90298113721171
2024-03-18 14:00:00,10.2,9.0,0.0,0.0,0.0,0.05,19.5,22.0,0,93,1,41.97907642975536,-87.90298113721171
2024-03-18 15:00:00,5.6,3.6,0.46,0.46,0.0,0.05,14.6,21.8,61,26,1,41.97907642975536,-87.90298113721171
2024-03-18 16:00:00,5.7,3.8,0.0,0.0,0.0,0.05,10.0,22.7,3,69,1,41.97907642975536,-87.90298113721171
2024-03-18 17:00:00,4.6,2.5,0.0,0.0,0.0,0.05,34.6,48.2,0,72,1,41.97907642975536,-87.90298113721171
2024-03-18 18:00:00,4.3,1.9,0.0,0.0,0.0,0.05,13.4,18.5,2,54,1,41.97907642975536,-87.90298113721171
2024-03-18 19:00:00,2.6,1.1,0.0,0.0,0.0,0.05,27.2,32.8,0,79,1,41.97907642975536,-87.90298113721171
2024-03-18 20:00:00,1.8,-1.1,0.0,0.0,0.0,0.05,26.8,30.1,1,58,1,41.97907642975536,-87.90298113721171
2024-03-18 21:00:00,0.2,-1.8,0.0,0.0,0.0,0.05,12.3,26.2,2,47,1,41.97907642975536,-87.90298113721171
2024-03-18 22:00:00,-0.1,-2.6,0.0,0.0,0.0,0.05,13.3,16.2,0,4,1,41.97907642975536,-87.90298113721171
2024-03-18 23:00:00,-3.2,-5.0,0.0,0.0,0.0,0.05,21.0,35.2,71,13,1,41.97907642975536,-87.90298113721171
2024-03-19 00:00:00,1.2,-1.2,0.4,0.4,0.0,0.05,30.8,41.2,61,100,1,41.97907642975536,-87.90298113721171
2024-03-19 01:00:00,-1.4,-4.4,0.0,0.0,0.0,0.05,27.2,39.4,3,74,1,41.97907642975536,-87.90298113721171
2024-03-19 02:00:00,-0.2,-1.5,0.0,0.0,0.0,0.05,14.1,19.0,0,87,1,41.97907642975536,-87.90298113721171
2024-03-19 03:00:00,-0.4,-2.3,0.0,0.0,0.0,0.05,6.3,16.2,2,100,1,41.97907642975536,-87.90298113721171
2024-03-19 04:00:00,2.9,0.5,0.0,0.0,0.0,0.05,23.2,26.6,3,47,1,41.97907642975536,-87.90298113721171
2024-03-19 05:00:00,2.1,-0.6,0.0,0.0,0.0,0.05,19.3,29.8,0,53,1,41.97907642975536,-87.90298113721171
2024-03-19 06:00:00,0.3,-1.9,0.0,0.0,0.0,0.05,15.3,25.1,2,15,1,41.97907642975536,-87.90298113721171
2024-03-19 07:00:00,5.5,4.0,0.0,0.0,0.0,0.05,24.4,37.1,0,49,1,41.97907642975536,-87.90298113721171
2024-03-19 08:00:00,4.9,2.6,0.0,0.0,0.0,0.05,33.6,43.9,2,48,1,41.97907642975536,-87.90298113721171
2024-03-19 09:00:00,6.8,4.5,0.0,0.0,0.0,0.05,32.1,46.7,2,46,1,41.97907642975536,-87.90298113721171
2024-03-19 10:00:00,8.7,7.6,0.0,0.0,0.0,0.05,25.0,33.3,3,83,1,41.97907642975536,-87.90298113721171
2024-03-19 11:00:00,6.4,4.2,0.0,0.0,0.0,0.05,33.8,43.0,1,74,1,41.97907642975536,-87.90298113721171
2024-03-19 12:00:00,7.9,5.9,0.0,0.0,0.0,0.05,16.9,19.9,3,79,1,41.97907642975536,-87.90298113721171
2024-03-19 13:00:00,6.7,5.1,0.0,0.0,0.0,0.05,8.0,11.4,0,26,1,41.97907642975536,-87.90298113721171
2024-03-19 14:00:00,8.9,7.5,0.0,0.0,0.0,0.05,18.6,22.8,2,57,1,41.97907642975536,-87.90298113721171
2024-03-19 15:00:00,6.9,4.4,0.0,0.0,0.0,0.05,24.8,28.4,3,65,1,41.97907642975536,-87.90298113721171
2024-03-19 16:00:00,6.0,4.8,1.86,1.86,0.0,0.05,29.0,32.8,2,100,1,41.97907642975536,-87.90298113721171
2024-03-19 17:00:00,3.2,1.6,0.0,0.0,0.0,0.05,33.1,38.5,3,59,1,41.97907642975536,-87.90298113721171
2024-03-19 18:00:00,5.1,2.7,0.0,0.0,0.0,0.05,20.5,26.1,2,52,1,41.97907642975536,-87.90298113721171
2024-03-19 19:00:00,4.3,2.9,0.0,0.0,0.0,0.05,16.2,27.2,1,83,1,41.97907642975536,-87.90298113721171
2024-03-19 20:00:00,0.9,-0.4,0.79,0.79,0.0,0.05,13.4,21.8,61,50,1,41.97907642975536,-87.90298113721171
2024-03-19 21:00:00,1.4,-1.6,0.0,0.0,0.0,0.05,23.2,37.3,0,68,1,41.97907642975536,-87.90298113721171
2024-03-19 22:00:00,1.4,-0.7,0.0,0.0,0.0,0.05,25.8,32.2,2,67,1,41.97907642975536,-87.90298113721171
2024-03-19 23:00:00,3.5,1.9,0.0,0.0,0.0,0.05,24.0,26.8,2,43,1,41.97907642975536,-87.90298113721171
2024-03-20 00:00:00,0.6,-0.7,0.0,0.0,0.0,0.05,10.9,23.8,3,39,1,41.97907642975536,-87.90298113721171
2024-03-20 01:00:00,0.1,-0.9,0.9,0.9,0.0,0.05,18.4,31.3,1,54,1,41.97907642975536,-87.90298113721171
2024-03-20 02:00:00,0.3,-2.2,0.0,0.0,0.0,0.05,7.2,14.0,1,44,1,41.97907642975536,-87.90298113721171
2024-03-20 03:00:00,1.0,-0.7,0.98,0.98,0.0,0.05,20.6,23.5,0,18,1,41.97907642975536,-87.90298113721171
2024-03-20 04:00:00,3.2,1.8,0.0,0.0,0.0,0.05,11.4,24.9,61,73,1,41.97907642975536,-87.90298113721171
2024-03-20 05:00:00,1.6,-1.2,0.0,0.0,0.0,0.05,31.7,45.8,1,69,1,41.97907642975536,-87.90298113721171
2024-03-20 06:00:00,5.4,3.0,0.0,0.0,0.0,0.05,29.2,44.2,1,36,1,41.97907642975536,-87.90298113721171
2024-03-20 07:00:00,2.7,0.1,0.0,0.0,0.0,0.05,26.9,34.0,0,34,1,41.97907642975536,-87.90298113721171
2024-03-20 08:00:00,7.0,4.7,0.0,0.0,0.0,0.05,8.4,12.0,2,67,1,41.97907642975536,-87.90298113721171
2024-03-20 09:00:00,8.2,5.4,0.78,0.78,0.0,0.05,18.4,25.3,0,99,1,41.97907642975536,-87.90298113721171
2024-03-20 10:00:00,8.7,7.0,1.06,1.06,0.0,0.05,10.4,20.0,1,81,1,41.97907642975536,-87.90298113721171
2024-03-20 11:00:00,8.3,7.0,0.0,0.0,0.0,0.05,6.3,8.9,2,85,1,41.97907642975536,-87.90298113721171
2024-03-20 12:00:00,8.6,7.6,0.0,0.0,0.0,0.05,17.1,22.6,2,47,1,41.97907642975536,-87.90298113721171
2024-03-20 13:00:00,7.3,6.2,0.0,0.0,0.0,0.05,14.4,28.7,0,65,1,41.97907642975536,-87.90298113721171
2024-03-20 14:00:00,5.8,3.1,0.59,0.59,0.0,0.05,32.5,35.1,3,52,1,41.97907642975536,-87.90298113721171
2024-03-20 15:00:00,7.2,5.0,0.0,0.0,0.0,0.05,32.8,36.7,1,37,1,41.97907642975536,-87.90298113721171
2024-03-20 16:00:00,6.1,5.0,0.0,0.0,0.0,0.05,33.0,42.6,0,60,1,41.97907642975536,-87.90298113721171
2024-03-20 17:00:00,6.4,5.2,0.0,0.0,0.0,0.05,5.4,19.9,0,33,1,41.97907642975536,-87.90298113721171
2024-03-20 18:00:00,3.8,1.4,0.0,0.0,0.0,0.05,20.6,34.8,3,36,1,41.97907642975536,-87.90298113721171
2024-03-20 19:00:00,3.2,1.4,0.0,0.0,0.0,0.05,5.5,10.9,61,44,1,41.97907642975536,-87.90298113721171
2024-03-20 20:00:00,2.4,-0.1,0.0,0.0,0.0,0.05,23.1,33.1,3,47,1,41.97907642975536,-87.90298113721171
2024-03-20 21:00:00,2.0,-0.8,0.0,0.0,0.0,0.05,20.3,34.8,3,54,1,41.97907642975536,-87.90298113721171
2024-03-20 22:00:00,2.0,-0.6,0.0,0.0,0.0,0.05,17.9,28.1,1,3,1,41.97907642975536,-87.90298113721171
2024-03-20 23:00:00,-1.3,-2.7,0.0,0.0,0.0,0.05,6.6,11.5,1,32,1,41.97907642975536,-87.90298113721171
2024-03-21 00:00:00,1.1,-1.2,1.41,1.41,0.0,0.05,8.1,19.2,3,94,1,41.97907642975536,-87.90298113721171
2024-03-21 01:00:00,-0.1,-2.3,0.0,0.0,0.0,0.05,14.4,23.0,1,55,1,41.97907642975536,-87.90298113721171
2024-03-21 02:00:00,1.5,-1.2,0.0,0.0,0.0,0.05,12.3,20.7,2,69,1,41.97907642975536,-87.90298113721171
2024-03-21 03:00:00,3.4,2.0,0.0,0.0,0.0,0.05,10.4,18.7,2,65,1,41.97907642975536,-87.90298113721171
2024-03-21 04:00:00,-1.2,-3.6,0.0,0.0,0.0,0.05,30.5,34.0,0,52,1,41.97907642975536,-87.90298113721171
2024-03-21 05:00:00,4.8,2.6,0.0,0.0,0.0,0.05,5.9,18.1,0,33,1,41.97907642975536,-87.90298113721171
2024-03-21 06:00:00,3.8,1.9,0.0,0.0,0.0,0.05,11.5,18.0,0,41,1,41.97907642975536,-87.90298113721171
2024-03-21 07:00:00,3.8,2.2,0.0,0.0,0.0,0.05,32.5,36.9,0,100,1,41.97907642975536,-87.90298113721171
2024-03-21 08:00:00,5.3,4.3,0.0,0.0,0.0,0.05,31.2,38.9,1,42,1,41.97907642975536,-87.90298113721171
2024-03-21 09:00:00,5.3,2.7,0.0,0.0,0.0,0.05,15.7,26.0,0,98,1,41.97907642975536,-87.90298113721171
2024-03-21 10:00:00,8.2,7.0,0.0,0.0,0.0,0.05,29.1,38.3,0,45,1,41.97907642975536,-87.90298113721171
2024-03-21 11:00:00,6.3,4.6,0.0,0.0,0.0,0.05,9.6,22.2,0,47,1,41.97907642975536,-87.90298113721171
2024-03-21 12:00:00,9.8,7.8,0.0,0.0,0.0,0.05,24.2,37.2,2,57,1,41.97907642975536,-87.90298113721171
2024-03-21 13:00:00,8.9,7.2,0.51,0.51,0.0,0.05,31.5,41.6,3,51,1,41.97907642975536,-87.90298113721171
2024-03-21 14:00:00,7.8,5.5,0.0,0.0,0.0,0.05,19.2,28.3,1,32,1,41.97907642975536,-87.90298113721171
2024-03-21 15:00:00,3.8,2.1,0.0,0.0,0.0,0.05,10.0,19.4,2,55,1,41.97907642975536,-87.90298113721171
2024-03-21 16:00:00,4.0,2.0,0.0,0.0,0.0,0.05,22.4,29.5,2,18,1,41.97907642975536,-87.90298113721171
2024-03-21 17:00:00,4.9,3.7,0.0,0.0,0.0,0.05,27.4,35.5,2,64,1,41.97907642975536,-87.90298113721171
2024-03-21 18:00:00,4.0,2.1,0.0,0.0,0.0,0.05,31.0,39.8,71,61,1,41.97907642975536,-87.90298113721171
2024-03-21 19:00:00,4.4,2.2,0.6,0.6,0.0,0.05,16.4,28.8,2,73,1,41.97907642975536,-87.90298113721171
2024-03-21 20:00:00,-2.4,-5.1,0.0,0.0,0.0,0.05,13.5,25.2,1,43,1,41.97907642975536,-87.90298113721171
2024-03-21 21:00:00,0.0,-1.3,0.0,0.0,0.0,0.05,25.6,30.1,3,73,1,41.97907642975536,-87.90298113721171
2024-03-21 22:00:00,1.8,0.1,0.0,0.0,0.0,0.05,12.5,27.2,2,66,1,41.97907642975536,-87.90298113721171
2024-03-21 23:00:00,-0.4,-1.9,0.0,0.0,0.0,0.05,12.3,26.8,1,58,1,41.97907642975536,-87.90298113721171
2024-03-22 00:00:00,-0.7,-2.0,0.0,0.0,0.0,0.05,10.5,16.1,2,100,1,41.97907642975536,-87.90298113721171
2024-03-22 01:00:00,-2.3,-4.1,0.0,0.0,0.0,0.05,16.0,31.0,0,67,1,41.97907642975536,-87.90298113721171
2024-03-22 02:00:00,2.1,-0.7,0.0,0.0,0.0,0.05,18.2,27.0,2,43,1,41.97907642975536,-87.90298113721171
2024-03-22 03:00:00,0.4,-1.3,0.0,0.0,0.0,0.05,26.7,31.7,3,93,1,41.97907642975536,-87.90298113721171
2024-03-22 04:00:00,3.6,2.1,0.0,0.0,0.0,0.05,8.2,19.6,2,68,1,41.97907642975536,-87.90298113721171
2024-03-22 05:00:00,5.2,2.2,0.0,0.0,0.0,0.05,17.8,20.4,0,99,1,41.97907642975536,-87.90298113721171
2024-03-22 06:00:00,6.0,3.5,0.0,0.0,0.0,0.05,24.7,35.7,1,9,1,41.97907642975536,-87.90298113721171
2024-03-22 07:00:00,5.0,3.2,0.0,0.0,0.0,0.05,21.3,34.2,3,47,1,41.97907642975536,-87.90298113721171
2024-03-22 08:00:00,5.3,2.8,0.0,0.0,0.0,0.05,28.6,35.2,1,48,1,41.97907642975536,-87.90298113721171
2024-03-22 09:00:00,6.0,3.7,0.0,0.0,0.0,0.05,31.8,38.1,61,8,1,41.97907642975536,-87.90298113721171
2024-03-22 10:00:00,10.4,7.7,0.0,0.0,0.0,0.05,11.4,16.9,0,59,1,41.97907642975536,-87.90298113721171
2024-03-22 11:00:00,7.5,6.3,0.0,0.0,0.0,0.05,32.3,39.6,2,46,1,41.97907642975536,-87.90298113721171
2024-03-22 12:00:00,9.6,7.5,0.05,0.05,0.0,0.05,31.6,41.0,0,5,1,41.97907642975536,-87.90298113721171
2024-03-22 13:00:00,8.6,6.2,0.0,0.0,0.0,0.05,15.9,27.8,2,36,1,41.97907642975536,-87.90298113721171
2024-03-22 14:00:00,6.8,3.9,0.0,0.0,0.0,0.05,29.4,42.9,61,90,1,41.97907642975536,-87.90298113721171
2024-03-22 15:00:00,6.4,4.2,0.0,0.0,0.0,0.05,20.5,29.6,1,78,1,41.97907642975536,-87.90298113721171
2024-03-22 16:00:00,7.8,6.5,0.0,0.0,0.0,0.05,29.3,37.5,1,37,1,41.97907642975536,-87.90298113721171
2024-03-22 17:00:00,5.1,2.1,0.0,0.0,0.0,0.05,27.4,34.3,3,36,1,41.97907642975536,-87.90298113721171
2024-03-22 18:00:00,3.3,1.4,0.0,0.0,0.0,0.05,33.9,43.6,1,77,1,41.97907642975536,-87.90298113721171
2024-03-22 19:00:00,1.8,-0.2,0.0,0.0,0.0,0.05,11.6,15.5,1,6,1,41.97907642975536,-87.90298113721171
2024-03-22 20:00:00,2.5,1.0,0.23,0.23,0.0,0.05,27.1,35.2,0,70,1,41.97907642975536,-87.90298113721171
2024-03-22 21:00:00,0.4,-2.2,0.0,0.0,0.0,0.05,5.4,14.0,1,9,1,41.97907642975536,-87.90298113721171
2024-03-22 22:00:00,1.4,-0.6,0.0,0.0,0.0,0.05,32.7,42.8,2,96,1,41.97907642975536,-87.90298113721171
2024-03-22 23:00:00,4.0,1.0,0.0,0.0,0.0,0.05,11.0,13.9,1,71,1,41.97907642975536,-87.90298113721171
2024-03-23 00:00:00,0.8,-1.3,0.0,0.0,0.0,0.05,16.2,23.8,0,9,1,41.97907642975536,-87.90298113721171
2024-03-23 01:00:00,2.8,1.5,0.0,0.0,0.0,0.05,30.3,42.2,0,45,1,41.97907642975536,-87.90298113721171
2024-03-23 02:00:00,-0.5,-3.1,0.0,0.0,0.0,0.05,19.3,31.5,0,63,1,41.97907642975536,-87.90298113721171
2024-03-23 03:00:00,2.2,0.9,0.0,0.0,0.0,0.05,24.9,34.0,3,5,1,41.97907642975536,-87.90298113721171
2024-03-23 04:00:00,3.9,2.3,0.0,0.0,0.0,0.05,15.8,29.2,61,54,1,41.97907642975536,-87.90298113721171
2024-03-23 05:00:00,5.0,2.2,0.0,0.0,0.0,0.05,21.7,33.5,1,67,1,41.97907642975536,-87.90298113721171
2024-03-23 06:00:00,5.9,3.0,1.61,1.61,0.0,0.05,30.4,42.7,3,3,1,41.97907642975536,-87.90298113721171
2024-03-23 07:00:00,5.1,2.5,0.0,0.0,0.0,0.05,31.8,44.1,0,74,1,41.97907642975536,-87.90298113721171
2024-03-23 08:00:00,7.3,5.9,0.0,0.0,0.0,0.05,18.7,30.2,3,52,1,41.97907642975536,-87.90298113721171
2024-03-23 09:00:00,5.3,2.8,0.0,0.0,0.0,0.05,26.6,39.7,0,78,1,41.97907642975536,-87.90298113721171
2024-03-23 10:00:00,9.9,7.7,0.0,0.0,0.0,0.05,19.0,22.3,0,49,1,41.97907642975536,-87.90298113721171
2024-03-23 11:00:00,6.4,4.5,0.0,0.0,0.0,0.05,33.2,41.7,0,29,1,41.97907642975536,-87.90298113721171
2024-03-23 12:00:00,9.9,8.0,0.0,0.0,0.0,0.05,26.8,39.6,1,26,1,41.97907642975536,-87.90298113721171
2024-03-23 13:00:00,9.4,7.5,0.0,0.0,0.0,0.05,17.9,21.4,1,47,1,41.97907642975536,-87.90298113721171
2024-03-23 14:00:00,9.0,7.4,0.0,0.0,0.0,0.05,19.9,24.0,0,50,1,41.97907642975536,-87.90298113721171
2024-03-23 15:00:00,9.9,7.9,0.0,0.0,0.0,0.05,10.5,17.7,0,82,1,41.97907642975536,-87.90298113721171
2024-03-23 16:00:00,7.6,6.5,0.0,0.0,0.0,0.05,33.2,42.6,2,48,1,41.97907642975536,-87.90298113721171
2024-03-23 17:00:00,3.0,0.3,0.0,0.0,0.0,0.05,12.7,24.1,3,16,1,41.97907642975536,-87.90298113721171
2024-03-23 18:00:00,4.9,2.1,0.14,0.14,0.0,0.05,10.4,19.7,0,44,1,41.97907642975536,-87.90298113721171
2024-03-23 19:00:00,0.1,-1.7,0.0,0.0,0.0,0.05,18.6,23.4,0,17,1,41.97907642975536,-87.90298113721171
2024-03-23 20:00:00,1.9,-1.0,0.0,0.0,0.0,0.05,26.8,39.8,2,64,1,41.97907642975536,-87.90298113721171
2024-03-23 21:00:00,0.5,-2.0,0.0,0.0,0.0,0.05,25.5,30.9,2,69,1,41.97907642975536,-87.90298113721171
2024-03-23 22:00:00,1.5,-1.2,0.0,0.0,0.0,0.05,12.6,25.8,1,74,1,41.97907642975536,-87.90298113721171
2024-03-23 23:00:00,-1.1,-3.9,0.0,0.0,0.0,0.05,12.9,21.4,1,47,1,41.97907642975536,-87.90298113721171
2024-03-24 00:00:00,-1.2,-2.9,1.78,0.0,1.25,0.07,12.1,14.6,1,38,1,41.97907642975536,-87.90298113721171
2024-03-24 01:00:00,0.9,-1.7,0.0,0.0,0.0,0.07,23.1,31.3,1,42,1,41.97907642975536,-87.90298113721171
2024-03-24 02:00:00,2.3,1.0,0.0,0.0,0.0,0.07,33.7,44.2,3,53,1,41.97907642975536,-87.90298113721171
2024-03-24 03:00:00,1.2,-1.8,0.04,0.04,0.0,0.07,31.7,45.1,3,42,1,41.97907642975536,-87.90298113721171
2024-03-24 04:00:00,5.5,3.3,0.0,0.0,0.0,0.07,20.1,29.7,2,95,1,41.97907642975536,-87.90298113721171
2024-03-24 05:00:00,2.4,0.1,0.0,0.0,0.0,0.07,16.3,31.2,0,46,1,41.97907642975536,-87.90298113721171
2024-03-24 06:00:00,5.0,3.4,0.0,0.0,0.0,0.07,16.9,23.8,71,52,1,41.97907642975536,-87.90298113721171
2024-03-24 07:00:00,5.5,4.5,0.0,0.0,0.0,0.07,29.2,34.4,0,36,1,41.97907642975536,-87.90298113721171
2024-03-24 08:00:00,5.5,4.2,0.0,0.0,0.0,0.07,24.5,32.3,61,37,1,41.97907642975536,-87.90298113721171
2024-03-24 09:00:00,8.8,7.5,0.0,0.0,0.0,0.07,6.2,16.8,1,23,1,41.97907642975536,-87.90298113721171
2024-03-24 10:00:00,6.1,4.2,0.0,0.0,0.0,0.07,7.3,10.5,2,29,1,41.97907642975536,-87.90298113721171
2024-03-24 11:00:00,4.7,3.2,1.04,1.04,0.0,0.07,19.4,22.6,1,100,1,41.97907642975536,-87.90298113721171
2024-03-24 12:00:00,7.8,4.9,0.73,0.73,0.0,0.07,21.0,31.1,1,69,1,41.97907642975536,-87.90298113721171
2024-03-24 13:00:00,7.5,4.8,0.0,0.0,0.0,0.07,33.8,40.8,0,47,1,41.97907642975536,-87.90298113721171
2024-03-24 14:00:00,9.1,7.0,0.0,0.0,0.0,0.07,9.2,21.4,0,39,1,41.97907642975536,-87.90298113721171
2024-03-24 15:00:00,5.0,2.2,0.0,0.0,0.0,0.07,29.2,34.7,0,86,1,41.97907642975536,-87.90298113721171
2024-03-24 16:00:00,6.8,4.6,0.0,0.0,0.0,0.07,31.9,39.5,0,34,1,41.97907642975536,-87.90298113721171
2024-03-24 17:00:00,5.6,2.8,0.0,0.0,0.0,0.07,16.3,25.0,1,12,1,41.97907642975536,-87.90298113721171
2024-03-24 18:00:00,4.5,2.0,0.0,0.0,0.0,0.07,9.9,24.1,3,67,1,41.97907642975536,-87.90298113721171
2024-03-24 19:00:00,4.5,2.1,0.0,0.0,0.0,0.07,12.4,14.5,0,32,1,41.97907642975536,-87.90298113721171
2024-03-24 20:00:00,2.0,0.4,0.0,0.0,0.0,0.07,24.9,29.7,2,23,1,41.97907642975536,-87.90298113721171
2024-03-24 21:00:00,1.2,-1.3,0.0,0.0,0.0,0.07,7.1,10.3,0,28,1,41.97907642975536,-87.90298113721171
2024-03-24 22:00:00,1.2,-1.3,0.0,0.0,0.0,0.07,31.6,46.5,2,65,1,41.97907642975536,-87.90298113721171
2024-03-24 23:00:00,-0.0,-1.2,1.25,0.0,0.88,0.09,27.7,31.4,2,52,1,41.97907642975536,-87.90298113721171
2024-03-04 00:00:00,-1.5,-4.4,0.0,0.0,0.0,0.0,27.4,35.5,1,62,2,41.785414698041734,-87.74950367730293
2024-03-04 01:00:00,0.8,-0.6,0.0,0.0,0.0,0.0,29.1,36.8,3,35,2,41.785414698041734,-87.74950367730293
2024-03-04 02:00:00,-0.7,-2.0,0.0,0.0,0.0,0.0,13.6,22.9,1,53,2,41.785414698041734,-87.74950367730293
2024-03-04 03:00:00,-1.3,-3.7,0.0,0.0,0.0,0.0,20.3,28.7,1,74,2,41.785414698041734,-87.74950367730293
2024-03-04 04:00:00,0.0,-1.6,0.0,0.0,0.0,0.0,15.3,23.2,3,41,2,41.785414698041734,-87.74950367730293
2024-03-04 05:00:00,3.0,1.0,0.0,0.0,0.0,0.0,19.5,25.8,1,38,2,41.785414698041734,-87.74950367730293
2024-03-04 06:00:00,2.8,0.4,0.0,0.0,0.0,0.0,8.4,16.2,0,49,2,41.785414698041734,-87.74950367730293
2024-03-04 07:00:00,5.2,3.4,0.0,0.0,0.0,0.0,20.6,24.9,1,100,2,41.785414698041734,-87.74950367730293
2024-03-04 08:00:00,7.7,5.9,0.0,0.0,0.0,0.0,20.8,25.3,1,60,2,41.785414698041734,-87.74950367730293
2024-03-04 09:00:00,5.9,4.0,0.0,0.0,0.0,0.0,22.2,33.2,3,59,2,41.785414698041734,-87.74950367730293
2024-03-04 10:00:00,11.5,9.5,0.0,0.0,0.0,0.0,12.0,26.6,3,66,2,41.785414698041734,-87.74950367730293
2024-03-04 11:00:00,8.3,7.3,0.0,0.0,0.0,0.0,11.6,16.4,3,12,2,41.785414698041734,-87.74950367730293
2024-03-04 12:00:00,7.7,6.4,0.0,0.0,0.0,0.0,16.0,29.9,1,78,2,41.785414698041734,-87.74950367730293
2024-03-04 13:00:00,5.9,3.6,0.0,0.0,0.0,0.0,21.1,31.3,0,73,2,41.785414698041734,-87.74950367730293
2024-03-04 14:00:00,6.9,5.9,0.0,0.0,0.0,0.0,15.1,29.5,1,10,2,41.785414698041734,-87.74950367730293
2024-03-04 15:00:00,6.5,4.9,0.0,0.0,0.0,0.0,26.2,33.3,0,100,2,41.785414698041734,-87.74950367730293
2024-03-04 16:00:00,7.1,5.3,0.06,0.06,0.0,0.0,22.6,33.5,71,55,2,41.785414698041734,-87.74950367730293
2024-03-04 17:00:00,4.1,2.3,0.0,0.0,0.0,0.0,8.4,17.5,0,27,2,41.785414698041734,-87.74950367730293
2024-03-04 18:00:00,4.6,3.6,0.0,0.0,0.0,0.0,11.7,26.4,1,63,2,41.785414698041734,-87.74950367730293
2024-03-04 19:00:00,3.0,0.3,0.0,0.0,0.0,0.0,23.1,25.9,1,32,2,41.785414698041734,-87.74950367730293
2024-03-04 20:00:00,3.5,2.3,0.0,0.0,0.0,0.0,21.0,23.7,3,15,2,41.785414698041734,-87.74950367730293
2024-03-04 21:00:00,2.8,0.0,0.0,0.0,0.0,0.0,15.2,28.4,1,48,2,41.785414698041734,-87.74950367730293
2024-03-04 22:00:00,1.0,-1.9,0.0,0.0,0.0,0.0,10.2,12.9,0,49,2,41.785414698041734,-87.74950367730293
2024-03-04 23:00:00,1.3,-0.1,0.0,0.0,0.0,0.0,32.6,46.4,2,16,2,41.785414698041734,-87.74950367730293
2024-03-05 00:00:00,1.7,0.5,0.0,0.0,0.0,0.0,18.5,21.7,1,35,2,41.785414698041734,-87.74950367730293
2024-03-05 01:00:00,0.9,-0.3,0.0,0.0,0.0,0.0,11.4,14.8,2,29,2,41.785414698041734,-87.74950367730293
2024-03-05 02:00:00,1.0,-1.8,0.0,0.0,0.0,0.0,26.6,32.9,0,46,2,41.785414698041734,-87.74950367730293
2024-03-05 03:00:00,1.8,-1.2,0.0,0.0,0.0,0.0,12.7,24.1,1,71,2,41.785414698041734,-87.74950367730293
2024-03-05 04:00:00,4.4,2.2,0.0,0.0,0.0,0.0,13.0,22.5,1,59,2,41.785414698041734,-87.74950367730293
2024-03-05 05:00:00,3.1,0.2,0.0,0.0,0.0,0.0,29.8,43.6,0,54,2,41.785414698041734,-87.74950367730293
2024-03-05 06:00:00,5.1,2.6,0.0,0.0,0.0,0.0,32.2,42.4,2,9,2,41.785414698041734,-87.74950367730293
2024-03-05 07:00:00,4.0,1.9,0.0,0.0,0.0,0.0,19.0,28.8,61,54,2,41.785414698041734,-87.74950367730293
2024-03-05 08:00:00,8.3,5.4,0.0,0.0,0.0,0.0,24.0,33.4,0,28,2,41.785414698041734,-87.74950367730293
2024-03-05 09:00:00,7.5,5.6,0.0,0.0,0.0,0.0,15.8,23.1,0,12,2,41.785414698041734,-87.74950367730293
2024-03-05 10:00:00,6.9,5.1,0.0,0.0,0.0,0.0,24.0,34.3,0,77,2,41.785414698041734,-87.74950367730293
2024-03-05 11:00:00,7.8,5.3,0.0,0.0,0.0,0.0,26.8,41.5,1,22,2,41.785414698041734,-87.74950367730293
2024-03-05 12:00:00,7.7,5.2,0.0,0.0,0.0,0.0,26.6,41.3,2,57,2,41.785414698041734,-87.74950367730293
2024-03-05 13:00:00,7.9,6.2,0.0,0.0,0.0,0.0,6.2,9.7,2,43,2,41.785414698041734,-87.74950367730293
2024-03-05 14:00:00,7.8,5.8,0.0,0.0,0.0,0.0,8.0,15.9,1,31,2,41.785414698041734,-87.74950367730293
2024-03-05 15:00:00,6.5,5.1,0.07,0.07,0.0,0.0,26.2,35.9,61,85,2,41.785414698041734,-87.74950367730293
2024-03-05 16:00:00,3.6,2.4,0.0,0.0,0.0,0.0,21.0,32.3,0,40,2,41.785414698041734,-87.74950367730293
2024-03-05 17:00:00,7.7,6.0,0.0,0.0,0.0,0.0,33.3,39.2,3,42,2,41.785414698041734,-87.74950367730293
2024-03-05 18:00:00,4.4,2.4,0.0,0.0,0.0,0.0,8.1,22.9,3,37,2,41.785414698041734,-87.74950367730293
2024-03-05 19:00:00,3.4,2.1,0.0,0.0,0.0,0.0,34.7,42.1,0,59,2,41.785414698041734,-87.74950367730293
2024-03-05 20:00:00,1.9,0.6,0.0,0.0,0.0,0.0,9.0,14.7,0,51,2,41.785414698041734,-87.74950367730293
2024-03-05 21:00:00,2.5,1.3,0.0,0.0,0.0,0.0,5.9,18.1,71,37,2,41.785414698041734,-87.74950367730293
2024-03-05 22:00:00,0.6,-2.1,0.0,0.0,0.0,0.0,32.0,41.6,1,32,2,41.785414698041734,-87.74950367730293
2024-03-05 23:00:00,-0.3,-2.7,1.22,0.0,0.86,0.02,20.1,33.9,2,54,2,41.785414698041734,-87.74950367730293
2024-03-06 00:00:00,-0.4,-1.7,0.0,0.0,0.0,0.02,13.6,17.0,0,39,2,41.785414698041734,-87.74950367730293
2024-03-06 01:00:00,2.0,-0.3,0.0,0.0,0.0,0.02,22.2,24.9,3,98,2,41.785414698041734,-87.74950367730293
2024-03-06 02:00:00,0.8,-1.1,0.0,0.0,0.0,0.02,16.3,30.6,1,42,2,41.785414698041734,-87.74950367730293
2024-03-06 03:00:00,1.1,-1.0,0.0,0.0,0.0,0.02,34.7,42.5,1,63,2,41.785414698041734,-87.74950367730293
2024-03-06 04:00:00,1.3,-1.3,0.0,0.0,0.0,0.02,28.2,33.0,0,53,2,41.785414698041734,-87.74950367730293
2024-03-06 05:00:00,2.5,0.5,0.29,0.29,0.0,0.02,24.7,36.3,0,48,2,41.785414698041734,-87.74950367730293
2024-03-06 06:00:00,5.6,4.0,0.0,0.0,0.0,0.02,14.7,29.6,3,77,2,41.785414698041734,-87.74950367730293
2024-03-06 07:00:00,3.7,1.1,0.0,0.0,0.0,0.02,5.8,20.8,1,70,2,41.785414698041734,-87.74950367730293
2024-03-06 08:00:00,7.0,5.7,0.0,0.0,0.0,0.02,28.9,43.4,3,69,2,41.785414698041734,-87.74950367730293
2024-03-06 09:00:00,7.9,5.0,0.0,0.0,0.0,0.02,6.4,10.5,0,69,2,41.785414698041734,-87.74950367730293
2024-03-06 10:00:00,7.8,4.9,0.0,0.0,0.0,0.02,8.4,21.4,0,15,2,41.785414698041734,-87.74950367730293
2024-03-06 11:00:00,7.6,5.9,0.0,0.0,0.0,0.02,22.7,26.3,3,66,2,41.785414698041734,-87.74950367730293
2024-03-06 12:00:00,5.8,3.2,0.0,0.0,0.0,0.02,27.7,34.3,1,49,2,41.785414698041734,-87.74950367730293
2024-03-06 13:00:00,8.9,6.0,0.0,0.0,0.0,0.02,17.3,21.6,2,42,2,41.785414698041734,-87.74950367730293
2024-03-06 14:00:00,5.1,2.2,0.0,0.0,0.0,0.02,22.7,29.3,0,100,2,41.785414698041734,-87.74950367730293
2024-03-06 15:00:00,7.1,5.8,0.0,0.0,0.0,0.02,34.2,39.4,1,18,2,41.785414698041734,-87.74950367730293
2024-03-06 16:00:00,6.1,4.7,0.0,0.0,0.0,0.02,13.4,27.1,2,53,2,41.785414698041734,-87.74950367730293
2024-03-06 17:00:00,6.2,4.2,0.0,0.0,0.0,0.02,6.3,21.2,0,51,2,41.785414698041734,-87.74950367730293
2024-03-06 18:00:00,2.7,0.6,0.0,0.0,0.0,0.02,11.7,15.9,0,53,2,41.785414698041734,-87.74950367730293
2024-03-06 19:00:00,1.5,-0.1,0.0,0.0,0.0,0.02,18.4,22.1,0,30,2,41.785414698041734,-87.74950367730293
2024-03-06 20:00:00,2.8,1.6,0.0,0.0,0.0,0.02,28.3,32.5,71,61,2,41.785414698041734,-87.74950367730293
2024-03-06 21:00:00,0.9,-0.9,0.0,0.0,0.0,0.02,17.6,26.9,3,27,2,41.785414698041734,-87.74950367730293
2024-03-06 22:00:00,-2.5,-4.1,0.0,0.0,0.0,0.02,22.7,36.1,0,62,2,41.785414698041734,-87.74950367730293
2024-03-06 23:00:00,0.1,-1.8,0.0,0.0,0.0,0.02,22.0,33.7,3,59,2,41.785414698041734,-87.74950367730293
2024-03-07 00:00:00,2.7,1.2,0.0,0.0,0.0,0.02,19.6,27.1,1,49,2,41.785414698041734,-87.74950367730293
2024-03-07 01:00:00,1.0,-0.9,0.0,0.0,0.0,0.02,9.8,24.2,71,53,2,41.785414698041734,-87.74950367730293
2024-03-07 02:00:00,-1.2,-3.4,0.0,0.0,0.0,0.02,7.0,16.0,1,95,2,41.785414698041734,-87.74950367730293
2024-03-07 03:00:00,1.9,0.2,0.88,0.88,0.0,0.02,11.1,23.3,0,69,2,41.785414698041734,-87.74950367730293
2024-03-07 04:00:00,3.5,2.1,0.16,0.16,0.0,0.02,13.1,21.6,3,59,2,41.785414698041734,-87.74950367730293
2024-03-07 05:00:00,0.4,-1.4,0.0,0.0,0.0,0.02,10.6,21.3,61,66,2,41.785414698041734,-87.74950367730293
2024-03-07 06:00:00,3.6,2.0,0.0,0.0,0.0,0.02,10.8,17.7,1,56,2,41.785414698041734,-87.74950367730293
2024-03-07 07:00:00,7.0,5.9,0.0,0.0,0.0,0.02,23.3,25.9,1,69,2,41.785414698041734,-87.74950367730293
2024-03-07 08:00:00,3.7,1.4,0.0,0.0,0.0,0.02,18.6,28.6,3,40,2,41.785414698041734,-87.74950367730293
2024-03-07 09:00:00,6.4,4.1,0.0,0.0,0.0,0.02,12.5,18.3,0,100,2,41.785414698041734,-87.74950367730293
2024-03-07 10:00:00,7.1,5.5,0.0,0.0,0.0,0.02,12.1,21.2,3,60,2,41.785414698041734,-87.74950367730293
2024-03-07 11:00:00,7.2,4.3,0.0,0.0,0.0,0.02,9.3,19.8,3,100,2,41.785414698041734,-87.74950367730293
2024-03-07 12:00:00,10.1,7.5,0.0,0.0,0.0,0.02,25.8,33.6,0,100,2,41.785414698041734,-87.74950367730293
2024-03-07 13:00:00,9.7,6.9,0.0,0.0,0.0,0.02,19.3,23.3,0,42,2,41.785414698041734,-87.74950367730293
2024-03-07 14:00:00,7.0,5.1,1.84,1.84,0.0,0.02,24.9,37.4,0,61,2,41.785414698041734,-87.74950367730293
2024-03-07 15:00:00,5.3,3.3,0.0,0.0,0.0,0.02,16.4,20.6,71,64,2,41.785414698041734,-87.74950367730293
2024-03-07 16:00:00,7.9,5.5,0.0,0.0,0.0,0.02,7.6,11.2,3,78,2,41.785414698041734,-87.74950367730293
2024-03-07 17:00:00,6.2,4.0,0.0,0.0,0.0,0.02,29.7,35.8,1,58,2,41.785414698041734,-87.74950367730293
2024-03-07 18:00:00,4.0,1.6,0.0,0.0,0.0,0.02,6.2,9.0,3,85,2,41.785414698041734,-87.74950367730293
2024-03-07 19:00:00,3.9,2.1,0.0,0.0,0.0,0.02,16.0,22.6,3,11,2,41.785414698041734,-87.74950367730293
2024-03-07 20:00:00,3.0,1.7,0.0,0.0,0.0,0.02,22.6,34.4,61,40,2,41.785414698041734,-87.74950367730293
2024-03-07 21:00:00,-0.1,-2.8,0.0,0.0,0.0,0.02,24.9,37.2,1,50,2,41.785414698041734,-87.74950367730293
2024-03-07 22:00:00,-0.4,-2.1,0.0,0.0,0.0,0.02,19.5,27.4,3,38,2,41.785414698041734,-87.74950367730293
2024-03-07 23:00:00,0.1,-2.1,1.3,1.3,0.0,0.02,29.0,33.4,0,12,2,41.785414698041734,-87.74950367730293
2024-03-08 00:00:00,-2.9,-4.6,0.0,0.0,0.0,0.02,19.4,34.0,0,77,2,41.785414698041734,-87.74950367730293
2024-03-08 01:00:00,-0.4,-2.3,0.0,0.0,0.0,0.02,30.1,42.8,2,27,2,41.785414698041734,-87.74950367730293
2024-03-08 02:00:00,-0.7,-2.9,0.0,0.0,0.0,0.02,12.4,14.5,0,38,2,41.785414698041734,-87.74950367730293
2024-03-08 03:00:00,1.4,-0.7,1.43,1.43,0.0,0.02,19.2,29.1,0,74,2,41.785414698041734,-87.74950367730293
2024-03-08 04:00:00,0.3,-1.0,0.0,0.0,0.0,0.02,5.9,20.2,0,86,2,41.785414698041734,-87.74950367730293
2024-03-08 05:00:00,3.6,2.1,0.0,0.0,0.0,0.02,22.3,36.4,1,41,2,41.785414698041734,-87.74950367730293
2024-03-08 06:00:00,4.3,3.0,0.0,0.0,0.0,0.02,17.1,24.3,1,29,2,41.785414698041734,-87.74950367730293
2024-03-08 07:00:00,4.9,2.7,0.0,0.0,0.0,0.02,25.4,35.4,61,35,2,41.785414698041734,-87.74950367730293
2024-03-08 08:00:00,6.7,4.9,0.0,0.0,0.0,0.02,27.3,37.3,1,83,2,41.785414698041734,-87.74950367730293
2024-03-08 09:00:00,7.7,6.2,0.0,0.0,0.0,0.02,18.0,29.5,1,84,2,41.785414698041734,-87.74950367730293
2024-03-08 10:00:00,7.1,6.0,0.0,0.0,0.0,0.02,23.3,37.5,3,63,2,41.785414698041734,-87.74950367730293
2024-03-08 11:00:00,7.9,5.4,0.0,0.0,0.0,0.02,27.0,35.0,3,61,2,41.785414698041734,-87.74950367730293
2024-03-08 12:00:00,7.0,5.9,0.0,0.0,0.0,0.02,30.1,32.9,0,22,2,41.785414698041734,-87.74950367730293
2024-03-08 13:00:00,6.8,5.1,0.0,0.0,0.0,0.02,8.2,19.5,2,67,2,41.785414698041734,-87.74950367730293
2024-03-08 14:00:00,9.8,7.9,0.0,0.0,0.0,0.02,21.4,35.7,3,75,2,41.785414698041734,-87.74950367730293
2024-03-08 15:00:00,6.5,4.6,0.0,0.0,0.0,0.02,32.7,46.1,3,59,2,41.785414698041734,-87.74950367730293
2024-03-08 16:00:00,6.0,4.7,0.0,0.0,0.0,0.02,13.5,15.8,0,60,2,41.785414698041734,-87.74950367730293
2024-03-08 17:00:00,4.9,2.5,0.0,0.0,0.0,0.02,23.9,37.3,2,29,2,41.785414698041734,-87.74950367730293
2024-03-08 18:00:00,4.6,3.1,0.01,0.01,0.0,0.02,13.5,17.4,2,84,2,41.785414698041734,-87.74950367730293
2024-03-08 19:00:00,2.1,-0.1,0.0,0.0,0.0,0.02,29.1,43.8,0,21,2,41.785414698041734,-87.74950367730293
2024-03-08 20:00:00,1.3,-0.4,0.0,0.0,0.0,0.02,27.3,38.9,2,55,2,41.785414698041734,-87.74950367730293
2024-03-08 21:00:00,2.6,0.5,0.0,0.0,0.0,0.02,33.5,37.1,0,66,2,41.785414698041734,-87.74950367730293
2024-03-08 22:00:00,-1.7,-3.6,0.0,0.0,0.0,0.02,26.0,29.3,0,84,2,41.785414698041734,-87.74950367730293
2024-03-08 23:00:00,0.4,-2.5,0.0,0.0,0.0,0.02,19.7,25.3,0,81,2,41.785414698041734,-87.74950367730293
2024-03-09 00:00:00,-1.2,-2.9,0.0,0.0,0.0,0.02,21.2,26.2,0,83,2,41.785414698041734,-87.74950367730293
2024-03-09 01:00:00,-2.9,-4.2,0.71,0.0,0.5,0.03,28.4,30.4,0,47,2,41.785414698041734,-87.74950367730293
2024-03-09 02:00:00,0.4,-1.3,0.0,0.0,0.0,0.03,27.1,40.7,61,100,2,41.785414698041734,-87.74950367730293
2024-03-09 03:00:00,-0.6,-2.6,0.0,0.0,0.0,0.03,8.5,12.2,0,82,2,41.785414698041734,-87.74950367730293
2024-03-09 04:00:00,-0.0,-1.1,0.0,0.0,0.0,0.03,14.0,28.8,0,46,2,41.785414698041734,-87.74950367730293
2024-03-09 05:00:00,6.9,4.0,0.0,0.0,0.0,0.03,25.5,30.9,3,48,2,41.785414698041734,-87.74950367730293
2024-03-09 06:00:00,4.8,3.4,0.0,0.0,0.0,0.03,8.0,17.5,2,74,2,41.785414698041734,-87.74950367730293
2024-03-09 07:00:00,5.9,3.0,0.0,0.0,0.0,0.03,24.8,35.9,2,43,2,41.785414698041734,-87.74950367730293
2024-03-09 08:00:00,5.9,4.1,0.0,0.0,0.0,0.03,30.9,36.8,3,23,2,41.785414698041734,-87.74950367730293
2024-03-09 09:00:00,5.0,2.9,0.0,0.0,0.0,0.03,16.0,24.0,2,57,2,41.785414698041734,-87.74950367730293
2024-03-09 10:00:00,7.2,4.8,1.57,1.57,0.0,0.03,11.5,23.6,2,0,2,41.785414698041734,-87.74950367730293
2024-03-09 11:00:00,7.3,6.2,0.0,0.0,0.0,0.03,30.6,33.5,1,64,2,41.785414698041734,-87.74950367730293
2024-03-09 12:00:00,5.1,3.3,0.0,0.0,0.0,0.03,19.4,26.1,1,71,2,41.785414698041734,-87.74950367730293
2024-03-09 13:00:00,10.6,9.0,0.0,0.0,0.0,0.03,30.0,42.2,3,48,2,41.785414698041734,-87.74950367730293
2024-03-09 14:00:00,7.3,6.0,0.0,0.0,0.0,0.03,7.3,13.7,1,84,2,41.785414698041734,-87.74950367730293
2024-03-09 15:00:00,5.6,3.2,0.0,0.0,0.0,0.03,11.4,14.1,0,76,2,41.785414698041734,-87.74950367730293
2024-03-09 16:00:00,6.2,4.9,0.0,0.0,0.0,0.03,5.0,9.5,1,30,2,41.785414698041734,-87.74950367730293
2024-03-09 17:00:00,3.0,0.8,0.0,0.0,0.0,0.03,18.4,29.2,1,56,2,41.785414698041734,-87.74950367730293
2024-03-09 18:00:00,2.6,0.8,0.0,0.0,0.0,0.03,31.5,46.0,0,42,2,41.785414698041734,-87.74950367730293
2024-03-09 19:00:00,5.3,2.3,0.0,0.0,0.0,0.03,24.4,29.3,2,47,2,41.785414698041734,-87.74950367730293
2024-03-09 20:00:00,1.2,-1.6,1.22,1.22,0.0,0.03,5.5,14.3,3,84,2,41.785414698041734,-87.74950367730293
2024-03-09 21:00:00,1.1,0.1,0.92,0.92,0.0,0.03,5.7,10.9,0,71,2,41.785414698041734,-87.74950367730293
2024-03-09 22:00:00,0.7,-1.9,0.0,0.0,0.0,0.03,26.6,40.6,1,37,2,41.785414698041734,-87.74950367730293
2024-03-09 23:00:00,-0.1,-1.5,0.0,0.0,0.0,0.03,7.8,21.5,0,61,2,41.785414698041734,-87.74950367730293
2024-03-10 00:00:00,-0.8,-2.7,0.0,0.0,0.0,0.03,11.6,18.7,1,36,2,41.785414698041734,-87.74950367730293
2024-03-10 01:00:00,3.5,0.9,0.0,0.0,0.0,0.03,26.0,28.4,0,43,2,41.785414698041734,-87.74950367730293
2024-03-10 02:00:00,-0.6,-2.2,0.0,0.0,0.0,0.03,12.5,22.4,61,93,2,41.785414698041734,-87.74950367730293
2024-03-10 03:00:00,-0.2,-2.6,0.0,0.0,0.0,0.03,19.7,29.9,0,100,2,41.785414698041734,-87.74950367730293
2024-03-10 04:00:00,2.7,1.3,0.0,0.0,0.0,0.03,16.9,26.9,3,99,2,41.785414698041734,-87.74950367730293
2024-03-10 05:00:00,1.0,-1.7,0.0,0.0,0.0,0.03,15.3,21.2,0,62,2,41.785414698041734,-87.74950367730293
2024-03-10 06:00:00,5.5,3.7,0.0,0.0,0.0,0.03,12.6,14.9,3,60,2,41.785414698041734,-87.74950367730293
2024-03-10 07:00:00,4.7,3.3,0.0,0.0,0.0,0.03,17.2,19.6,0,80,2,41.785414698041734,-87.74950367730293
2024-03-10 08:00:00,6.2,5.1,0.48,0.48,0.0,0.03,10.5,22.6,3,58,2,41.785414698041734,-87.74950367730293
2024-03-10 09:00:00,7.3,5.1,0.0,0.0,0.0,0.03,33.6,42.5,61,19,2,41.785414698041734,-87.74950367730293
2024-03-10 10:00:00,7.0,4.6,0.0,0.0,0.0,0.03,14.5,20.0,61,100,2,41.785414698041734,-87.74950367730293
2024-03-10 11:00:00,9.2,6.9,0.75,0.75,0.0,0.03,26.9,40.8,3,25,2,41.785414698041734,-87.74950367730293
2024-03-10 12:00:00,9.0,7.0,1.4,1.4,0.0,0.03,13.8,27.3,1,85,2,41.785414698041734,-87.74950367730293
2024-03-10 13:00:00,8.6,6.8,0.0,0.0,0.0,0.03,12.9,25.5,1,74,2,41.785414698041734,-87.74950367730293
2024-03-10 14:00:00,5.2,3.0,0.0,0.0,0.0,0.03,19.5,29.6,61,100,2,41.785414698041734,-87.74950367730293
2024-03-10 15:00:00,6.3,5.2,0.0,0.0,0.0,0.03,27.0,37.0,3,77,2,41.785414698041734,-87.74950367730293
2024-03-10 16:00:00,5.8,4.4,0.0,0.0,0.0,0.03,5.1,14.0,1,40,2,41.785414698041734,-87.74950367730293
2024-03-10 17:00:00,7.6,6.1,0.0,0.0,0.0,0.03,10.1,14.5,1,82,2,41.785414698041734,-87.74950367730293
2024-03-10 18:00:00,1.9,-0.7,0.0,0.0,0.0,0.03,28.2,39.7,0,46,2,41.785414698041734,-87.74950367730293
2024-03-10 19:00:00,2.0,0.1,0.0,0.0,0.0,0.03,15.6,24.4,1,31,2,41.785414698041734,-87.74950367730293
2024-03-10 20:00:00,3.6,2.5,0.0,0.0,0.0,0.03,30.7,39.8,1,9,2,41.785414698041734,-87.74950367730293
2024-03-10 21:00:00,-0.2,-3.0,0.04,0.0,0.03,0.03,9.0,19.9,3,52,2,41.785414698041734,-87.74950367730293
2024-03-10 22:00:00,-0.5,-2.2,0.0,0.0,0.0,0.03,29.4,36.2,0,13,2,41.785414698041734,-87.74950367730293
2024-03-10 23:00:00,2.6,1.5,0.0,0.0,0.0,0.03,23.7,34.8,0,91,2,41.785414698041734,-87.74950367730293
2024-03-11 00:00:00,0.5,-1.3,0.0,0.0,0.0,0.03,10.1,15.3,0,16,2,41.785414698041734,-87.74950367730293
2024-03-11 01:00:00,1.4,-1.5,0.0,0.0,0.0,0.03,5.4,18.6,0,45,2,41.785414698041734,-87.74950367730293
2024-03-11 02:00:00,1.6,-1.0,0.05,0.05,0.0,0.03,31.4,46.3,3,47,2,41.785414698041734,-87.74950367730293
2024-03-11 03:00:00,1.3,-0.8,0.0,0.0,0.0,0.03,13.7,23.4,0,59,2,41.785414698041734,-87.74950367730293
2024-03-11 04:00:00,2.1,-0.4,0.0,0.0,0.0,0.03,12.2,19.2,71,33,2,41.785414698041734,-87.74950367730293
2024-03-11 05:00:00,4.3,2.3,0.0,0.0,0.0,0.03,10.5,16.3,0,83,2,41.785414698041734,-87.74950367730293
2024-03-11 06:00:00,2.7,0.1,0.0,0.0,0.0,0.03,15.7,29.3,3,59,2,41.785414698041734,-87.74950367730293
2024-03-11 07:00:00,7.6,5.0,0.0,0.0,0.0,0.03,20.7,27.0,0,55,2,41.785414698041734,-87.74950367730293
2024-03-11 08:00:00,5.2,3.5,0.0,0.0,0.0,0.03,19.3,31.9,2,39,2,41.785414698041734,-87.74950367730293
2024-03-11 09:00:00,8.4,6.5,0.0,0.0,0.0,0.03,30.5,37.8,3,69,2,41.785414698041734,-87.74950367730293
2024-03-11 10:00:00,8.2,6.8,0.0,0.0,0.0,0.03,10.9,24.4,0,90,2,41.785414698041734,-87.74950367730293
2024-03-11 11:00:00,7.0,4.7,0.0,0.0,0.0,0.03,27.4,35.0,1,100,2,41.785414698041734,-87.74950367730293
2024-03-11 12:00:00,8.7,7.5,0.0,0.0,0.0,0.03,32.3,41.8,3,31,2,41.785414698041734,-87.74950367730293
2024-03-11 13:00:00,8.1,6.1,0.0,0.0,0.0,0.03,6.1,9.7,0,52,2,41.785414698041734,-87.74950367730293
2024-03-11 14:00:00,4.8,1.9,0.0,0.0,0.0,0.03,27.5,42.2,1,7,2,41.785414698041734,-87.74950367730293
2024-03-11 15:00:00,6.7,4.8,0.0,0.0,0.0,0.03,13.2,22.6,1,72,2,41.785414698041734,-87.74950367730293
2024-03-11 16:00:00,4.1,3.0,0.0,0.0,0.0,0.03,18.4,28.5,3,21,2,41.785414698041734,-87.74950367730293
2024-03-11 17:00:00,5.8,4.8,1.96,1.96,0.0,0.03,6.8,10.5,1,62,2,41.785414698041734,-87.74950367730293
2024-03-11 18:00:00,3.8,0.9,0.0,0.0,0.0,0.03,13.8,24.8,2,86,2,41.785414698041734,-87.74950367730293
2024-03-11 19:00:00,4.3,1.9,1.1,1.1,0.0,0.03,8.4,15.9,61,45,2,41.785414698041734,-87.74950367730293
2024-03-11 20:00:00,1.0,-1.5,0.0,0.0,0.0,0.03,12.0,19.5,2,32,2,41.785414698041734,-87.74950367730293
2024-03-11 21:00:00,-0.8,-2.5,0.0,0.0,0.0,0.03,6.0,14.1,0,88,2,41.785414698041734,-87.74950367730293
2024-03-11 22:00:00,-1.1,-3.1,0.0,0.0,0.0,0.03,33.2,42.1,0,73,2,41.785414698041734,-87.74950367730293
2024-03-11 23:00:00,3.2,1.0,0.0,0.0,0.0,0.03,31.9,44.3,1,27,2,41.785414698041734,-87.74950367730293
2024-03-12 00:00:00,4.5,2.0,0.0,0.0,0.0,0.03,24.5,31.0,1,58,2,41.785414698041734,-87.74950367730293
2024-03-12 01:00:00,3.1,1.1,0.0,0.0,0.0,0.03,14.8,28.2,0,34,2,41.785414698041734,-87.74950367730293
2024-03-12 02:00:00,-1.8,-3.4,0.0,0.0,0.0,0.03,33.3,36.7,1,82,2,41.785414698041734,-87.74950367730293
2024-03-12 03:00:00,-0.9,-3.0,0.0,0.0,0.0,0.03,34.2,43.1,61,58,2,41.785414698041734,-87.74950367730293
2024-03-12 04:00:00,0.4,-2.0,0.0,0.0,0.0,0.03,28.8,39.7,3,93,2,41.785414698041734,-87.74950367730293
2024-03-12 05:00:00,4.1,3.0,0.0,0.0,0.0,0.03,25.4,40.1,0,32,2,41.785414698041734,-87.74950367730293
2024-03-12 06:00:00,7.2,5.2,0.0,0.0,0.0,0.03,14.9,22.0,1,61,2,41.785414698041734,-87.74950367730293
2024-03-12 07:00:00,6.4,4.7,0.0,0.0,0.0,0.03,31.5,42.3,2,55,2,41.785414698041734,-87.74950367730293
2024-03-12 08:00:00,6.3,3.5,0.0,0.0,0.0,0.03,20.0,32.2,0,61,2,41.785414698041734,-87.74950367730293
2024-03-12 09:00:00,5.4,3.7,0.0,0.0,0.0,0.03,24.0,36.8,0,41,2,41.785414698041734,-87.74950367730293
2024-03-12 10:00:00,7.0,4.8,1.42,1.42,0.0,0.03,10.2,24.1,61,0,2,41.785414698041734,-87.74950367730293
2024-03-12 11:00:00,8.0,6.1,0.0,0.0,0.0,0.03,5.6,12.1,3,72,2,41.785414698041734,-87.74950367730293
2024-03-12 12:00:00,9.3,6.7,0.0,0.0,0.0,0.03,34.6,47.6,3,56,2,41.785414698041734,-87.74950367730293
2024-03-12 13:00:00,7.1,4.3,0.0,0.0,0.0,0.03,23.6,38.1,3,34,2,41.785414698041734,-87.74950367730293
2024-03-12 14:00:00,8.1,6.9,0.0,0.0,0.0,0.03,25.6,33.7,2,42,2,41.785414698041734,-87.74950367730293
2024-03-12 15:00:00,7.2,6.2,0.61,0.61,0.0,0.03,6.5,17.5,3,26,2,41.785414698041734,-87.74950367730293
2024-03-12 16:00:00,6.2,3.7,0.0,0.0,0.0,0.03,17.6,23.8,1,9,2,41.785414698041734,-87.74950367730293
2024-03-12 17:00:00,4.4,2.2,0.0,0.0,0.0,0.03,13.5,18.9,0,81,2,41.785414698041734,-87.74950367730293
2024-03-12 18:00:00,4.2,2.1,0.0,0.0,0.0,0.03,30.1,35.7,0,69,2,41.785414698041734,-87.74950367730293
2024-03-12 19:00:00,2.8,1.0,0.0,0.0,0.0,0.03,19.6,22.2,1,21,2,41.785414698041734,-87.74950367730293
2024-03-12 20:00:00,0.8,-1.7,0.0,0.0,0.0,0.03,16.5,26.1,0,100,2,41.785414698041734,-87.74950367730293
2024-03-12 21:00:00,2.5,0.1,0.0,0.0,0.0,0.03,9.4,22.6,3,27,2,41.785414698041734,-87.74950367730293
2024-03-12 22:00:00,2.9,1.1,0.0,0.0,0.0,0.03,16.5,22.2,1,73,2,41.785414698041734,-87.74950367730293
2024-03-12 23:00:00,0.4,-1.3,0.0,0.0,0.0,0.03,15.9,18.3,71,55,2,41.785414698041734,-87.74950367730293
2024-03-13 00:00:00,-0.1,-3.0,0.0,0.0,0.0,0.03,28.6,34.3,1,23,2,41.785414698041734,-87.74950367730293
2024-03-13 01:00:00,1.3,-0.5,0.0,0.0,0.0,0.03,30.4,42.5,1,64,2,41.785414698041734,-87.74950367730293
2024-03-13 02:00:00,0.8,-0.6,0.4,0.4,0.0,0.03,16.4,24.2,0,50,2,41.785414698041734,-87.74950367730293
2024-03-13 03:00:00,2.9,-0.0,1.88,1.88,0.0,0.03,17.3,29.3,0,39,2,41.785414698041734,-87.74950367730293
2024-03-13 04:00:00,2.2,-0.3,0.0,0.0,0.0,0.03,34.3,39.1,1,88,2,41.785414698041734,-87.74950367730293
2024-03-13 05:00:00,3.8,1.7,0.0,0.0,0.0,0.03,16.3,26.7,0,71,2,41.785414698041734,-87.74950367730293
2024-03-13 06:00:00,6.6,4.1,0.0,0.0,0.0,0.03,23.9,35.4,3,73,2,41.785414698041734,-87.74950367730293
2024-03-13 07:00:00,6.9,5.5,0.0,0.0,0.0,0.03,9.0,21.6,0,50,2,41.785414698041734,-87.74950367730293
2024-03-13 08:00:00,5.8,3.6,0.0,0.0,0.0,0.03,17.9,28.8,61,64,2,41.785414698041734,-87.74950367730293
2024-03-13 09:00:00,8.5,6.9,0.0,0.0,0.0,0.03,12.2,26.1,1,54,2,41.785414698041734,-87.74950367730293
2024-03-13 10:00:00,5.9,3.1,0.0,0.0,0.0,0.03,12.3,15.9,1,67,2,41.785414698041734,-87.74950367730293
2024-03-13 11:00:00,7.6,6.3,0.0,0.0,0.0,0.03,12.0,21.2,71,31,2,41.785414698041734,-87.74950367730293
2024-03-13 12:00:00,9.3,7.8,0.0,0.0,0.0,0.03,19.2,27.1,2,0,2,41.785414698041734,-87.74950367730293
2024-03-13 13:00:00,10.2,8.7,0.0,0.0,0.0,0.03,13.8,28.8,0,89,2,41.785414698041734,-87.74950367730293
2024-03-13 14:00:00,6.3,4.5,0.0,0.0,0.0,0.03,29.5,38.6,0,55,2,41.785414698041734,-87.74950367730293
2024-03-13 15:00:00,6.8,5.5,0.0,0.0,0.0,0.03,18.5,29.4,0,69,2,41.785414698041734,-87.74950367730293
2024-03-13 16:00:00,6.0,3.9,0.0,0.0,0.0,0.03,6.6,20.6,2,38,2,41.785414698041734,-87.74950367730293
2024-03-13 17:00:00,4.9,2.4,0.0,0.0,0.0,0.03,18.2,22.0,2,49,2,41.785414698041734,-87.74950367730293
2024-03-13 18:00:00,2.2,1.2,0.0,0.0,0.0,0.03,8.0,14.4,3,93,2,41.785414698041734,-87.74950367730293
2024-03-13 19:00:00,3.7,0.9,0.0,0.0,0.0,0.03,9.4,15.6,0,64,2,41.785414698041734,-87.74950367730293
2024-03-13 20:00:00,0.1,-2.6,0.0,0.0,0.0,0.03,9.1,12.6,0,100,2,41.785414698041734,-87.74950367730293
2024-03-13 21:00:00,2.9,1.8,1.04,1.04,0.0,0.03,28.8,38.1,0,77,2,41.785414698041734,-87.74950367730293
2024-03-13 22:00:00,2.6,1.4,0.0,0.0,0.0,0.03,17.9,23.9,71,38,2,41.785414698041734,-87.74950367730293
2024-03-13 23:00:00,-0.8,-3.0,0.11,0.0,0.08,0.03,5.0,9.2,71,66,2,41.785414698041734,-87.74950367730293
2024-03-14 00:00:00,-1.9,-3.5,0.0,0.0,0.0,0.03,20.4,22.6,1,97,2,41.785414698041734,-87.74950367730293
2024-03-14 01:00:00,0.1,-1.9,0.0,0.0,0.0,0.03,11.0,13.4,1,61,2,41.785414698041734,-87.74950367730293
2024-03-14 02:00:00,-0.2,-2.4,0.0,0.0,0.0,0.03,26.5,33.6,3,71,2,41.785414698041734,-87.74950367730293
2024-03-14 03:00:00,0.9,-1.4,0.0,0.0,0.0,0.03,33.2,43.2,1,90,2,41.785414698041734,-87.74950367730293
2024-03-14 04:00:00,2.1,-0.3,0.0,0.0,0.0,0.03,10.1,14.9,61,0,2,41.785414698041734,-87.74950367730293
2024-03-14 05:00:00,1.6,-1.1,0.0,0.0,0.0,0.03,13.3,27.1,3,73,2,41.785414698041734,-87.74950367730293
2024-03-14 06:00:00,6.5,4.3,0.0,0.0,0.0,0.03,26.4,31.1,2,89,2,41.785414698041734,-87.74950367730293
2024-03-14 07:00:00,4.1,2.9,0.0,0.0,0.0,0.03,24.0,29.5,2,36,2,41.785414698041734,-87.74950367730293
2024-03-14 08:00:00,7.4,6.1,0.0,0.0,0.0,0.03,29.8,35.8,0,81,2,41.785414698041734,-87.74950367730293
2024-03-14 09:00:00,5.5,3.3,0.0,0.0,0.0,0.03,24.5,28.5,0,55,2,41.785414698041734,-87.74950367730293
2024-03-14 10:00:00,7.6,5.1,0.0,0.0,0.0,0.03,10.7,25.7,3,13,2,41.785414698041734,-87.74950367730293
2024-03-14 11:00:00,8.5,6.0,0.0,0.0,0.0,0.03,30.1,41.4,0,75,2,41.785414698041734,-87.74950367730293
2024-03-14 12:00:00,8.2,6.2,0.0,0.0,0.0,0.03,9.8,15.7,0,55,2,41.785414698041734,-87.74950367730293
2024-03-14 13:00:00,7.5,5.3,0.33,0.33,0.0,0.03,7.5,22.2,3,53,2,41.785414698041734,-87.74950367730293
2024-03-14 14:00:00,6.7,3.8,0.0,0.0,0.0,0.03,33.2,43.4,0,71,2,41.785414698041734,-87.74950367730293
2024-03-14 15:00:00,6.2,4.5,0.0,0.0,0.0,0.03,22.5,34.5,2,31,2,41.785414698041734,-87.74950367730293
2024-03-14 16:00:00,5.0,3.6,0.0,0.0,0.0,0.03,14.9,21.4,2,74,2,41.785414698041734,-87.74950367730293
2024-03-14 17:00:00,5.5,2.6,0.0,0.0,0.0,0.03,12.7,17.5,0,32,2,41.785414698041734,-87.74950367730293
2024-03-14 18:00:00,6.7,3.9,0.0,0.0,0.0,0.03,7.5,15.4,0,93,2,41.785414698041734,-87.74950367730293
2024-03-14 19:00:00,3.5,2.5,0.0,0.0,0.0,0.03,21.8,29.2,0,83,2,41.785414698041734,-87.74950367730293
2024-03-14 20:00:00,2.9,1.1,0.0,0.0,0.0,0.03,31.1,45.9,0,93,2,41.785414698041734,-87.74950367730293
2024-03-14 21:00:00,2.8,0.3,0.0,0.0,0.0,0.03,25.4,29.3,0,67,2,41.785414698041734,-87.74950367730293
2024-03-14 22:00:00,-0.1,-1.5,0.0,0.0,0.0,0.03,27.9,31.6,3,44,2,41.785414698041734,-87.74950367730293
2024-03-14 23:00:00,-2.6,-3.6,0.0,0.0,0.0,0.03,23.0,33.0,61,37,2,41.785414698041734,-87.74950367730293
2024-03-15 00:00:00,0.0,-1.1,0.0,0.0,0.0,0.03,5.3,14.6,0,35,2,41.785414698041734,-87.74950367730293
2024-03-15 01:00:00,1.4,-0.7,0.0,0.0,0.0,0.03,18.4,27.5,1,51,2,41.785414698041734,-87.74950367730293
2024-03-15 02:00:00,3.6,2.1,0.0,0.0,0.0,0.03,6.1,13.4,1,38,2,41.785414698041734,-87.74950367730293
2024-03-15 03:00:00,-0.3,-1.8,0.0,0.0,0.0,0.03,7.4,14.1,1,63,2,41.785414698041734,-87.74950367730293
2024-03-15 04:00:00,3.6,2.6,0.0,0.0,0.0,0.03,10.3,13.4,61,35,2,41.785414698041734,-87.74950367730293
2024-03-15 05:00:00,3.4,0.9,0.0,0.0,0.0,0.03,31.7,44.0,0,39,2,41.785414698041734,-87.74950367730293
2024-03-15 06:00:00,3.4,0.7,0.0,0.0,0.0,0.03,11.5,19.3,71,45,2,41.785414698041734,-87.74950367730293
2024-03-15 07:00:00,3.5,1.0,1.25,1.25,0.0,0.03,18.6,32.2,0,36,2,41.785414698041734,-87.74950367730293
2024-03-15 08:00:00,5.1,3.9,0.0,0.0,0.0,0.03,31.3,39.7,1,46,2,41.785414698041734,-87.74950367730293
2024-03-15 09:00:00,7.7,4.8,0.0,0.0,0.0,0.03,25.3,39.1,61,70,2,41.785414698041734,-87.74950367730293
2024-03-15 10:00:00,9.3,6.4,0.0,0.0,0.0,0.03,9.0,23.0,2,33,2,41.785414698041734,-87.74950367730293
2024-03-15 11:00:00,3.8,2.3,0.0,0.0,0.0,0.03,18.9,28.1,3,25,2,41.785414698041734,-87.74950367730293
2024-03-15 12:00:00,8.8,5.8,0.0,0.0,0.0,0.03,28.1,40.5,0,51,2,41.785414698041734,-87.74950367730293
2024-03-15 13:00:00,7.0,5.1,0.0,0.0,0.0,0.03,18.3,21.7,1,27,2,41.785414698041734,-87.74950367730293
2024-03-15 14:00:00,6.7,5.7,0.0,0.0,0.0,0.03,11.5,15.0,0,88,2,41.785414698041734,-87.74950367730293
2024-03-15 15:00:00,7.5,5.3,0.0,0.0,0.0,0.03,24.3,35.4,1,38,2,41.785414698041734,-87.74950367730293
2024-03-15 16:00:00,8.9,6.8,0.0,0.0,0.0,0.03,17.2,19.9,0,56,2,41.785414698041734,-87.74950367730293
2024-03-15 17:00:00,4.0,1.2,0.0,0.0,0.0,0.03,20.4,31.7,2,66,2,41.785414698041734,-87.74950367730293
2024-03-15 18:00:00,3.9,2.1,0.0,0.0,0.0,0.03,8.7,13.7,1,23,2,41.785414698041734,-87.74950367730293
2024-03-15 19:00:00,0.6,-1.9,0.0,0.0,0.0,0.03,32.2,37.2,0,34,2,41.785414698041734,-87.74950367730293
2024-03-15 20:00:00,2.7,0.1,0.0,0.0,0.0,0.03,32.6,39.3,2,39,2,41.785414698041734,-87.74950367730293
2024-03-15 21:00:00,0.1,-0.9,0.0,0.0,0.0,0.03,14.1,28.1,0,75,2,41.785414698041734,-87.74950367730293
2024-03-15 22:00:00,2.9,0.6,0.0,0.0,0.0,0.03,13.8,25.0,1,100,2,41.785414698041734,-87.74950367730293
2024-03-15 23:00:00,0.7,-1.3,0.0,0.0,0.0,0.03,10.1,21.9,3,100,2,41.785414698041734,-87.74950367730293
2024-03-16 00:00:00,-0.4,-1.8,0.0,0.0,0.0,0.03,22.6,34.8,1,87,2,41.785414698041734,-87.74950367730293
2024-03-16 01:00:00,-0.3,-2.1,0.0,0.0,0.0,0.03,11.0,23.8,2,24,2,41.785414698041734,-87.74950367730293
2024-03-16 02:00:00,1.1,-1.6,0.0,0.0,0.0,0.03,23.4,27.6,3,33,2,41.785414698041734,-87.74950367730293
2024-03-16 03:00:00,2.2,-0.2,0.0,0.0,0.0,0.03,33.4,47.6,2,90,2,41.785414698041734,-87.74950367730293
2024-03-16 04:00:00,0.2,-2.0,0.0,0.0,0.0,0.03,10.4,17.6,71,93,2,41.785414698041734,-87.74950367730293
2024-03-16 05:00:00,2.7,1.6,0.0,0.0,0.0,0.03,11.8,21.1,0,75,2,41.785414698041734,-87.74950367730293
2024-03-16 06:00:00,4.0,1.7,0.0,0.0,0.0,0.03,7.7,20.3,1,75,2,41.785414698041734,-87.74950367730293
2024-03-16 07:00:00,5.4,2.8,0.0,0.0,0.0,0.03,14.4,27.5,2,44,2,41.785414698041734,-87.74950367730293
2024-03-16 08:00:00,8.0,5.1,0.0,0.0,0.0,0.03,31.4,40.0,1,98,2,41.785414698041734,-87.74950367730293
2024-03-16 09:00:00,4.7,2.1,0.92,0.92,0.0,0.03,5.5,14.6,0,37,2,41.785414698041734,-87.74950367730293
2024-03-16 10:00:00,8.9,7.7,0.0,0.0,0.0,0.03,24.1,31.4,0,15,2,41.785414698041734,-87.74950367730293
2024-03-16 11:00:00,8.4,5.5,0.0,0.0,0.0,0.03,16.5,19.2,2,75,2,41.785414698041734,-87.74950367730293
2024-03-16 12:00:00,7.3,4.7,0.0,0.0,0.0,0.03,14.5,24.9,3,40,2,41.785414698041734,-87.74950367730293
2024-03-16 13:00:00,9.1,8.1,0.0,0.0,0.0,0.03,10.2,21.0,2,23,2,41.785414698041734,-87.74950367730293
2024-03-16 14:00:00,6.9,4.5,0.0,0.0,0.0,0.03,30.0,38.1,3,77,2,41.785414698041734,-87.74950367730293
2024-03-16 15:00:00,4.1,2.5,0.0,0.0,0.0,0.03,29.7,32.3,1,9,2,41.785414698041734,-87.74950367730293
2024-03-16 16:00:00,0.8,-1.4,0.0,0.0,0.0,0.03,6.2,15.6,3,66,2,41.785414698041734,-87.74950367730293
2024-03-16 17:00:00,3.2,1.6,0.0,0.0,0.0,0.03,22.3,25.6,0,44,2,41.785414698041734,-87.74950367730293
2024-03-16 18:00:00,3.2,0.7,0.0,0.0,0.0,0.03,17.4,25.4,71,95,2,41.785414698041734,-87.74950367730293
2024-03-16 19:00:00,3.2,1.8,0.0,0.0,0.0,0.03,5.2,17.6,3,66,2,41.785414698041734,-87.74950367730293
2024-03-16 20:00:00,2.9,0.2,0.0,0.0,0.0,0.03,14.2,19.1,3,82,2,41.785414698041734,-87.74950367730293
2024-03-16 21:00:00,0.8,-0.4,0.0,0.0,0.0,0.03,10.6,24.6,3,28,2,41.785414698041734,-87.74950367730293
2024-03-16 22:00:00,-1.6,-2.6,0.0,0.0,0.0,0.03,27.9,39.1,3,13,2,41.785414698041734,-87.74950367730293
2024-03-16 23:00:00,-0.4,-1.7,0.0,0.0,0.0,0.03,18.4,23.8,0,46,2,41.785414698041734,-87.74950367730293
2024-03-17 00:00:00,-0.3,-2.1,0.0,0.0,0.0,0.03,28.9,33.9,61,70,2,41.785414698041734,-87.74950367730293
2024-03-17 01:00:00,2.7,0.4,0.0,0.0,0.0,0.03,34.1,37.0,0,57,2,41.785414698041734,-87.74950367730293
2024-03-17 02:00:00,1.4,-0.6,0.0,0.0,0.0,0.03,17.0,30.4,3,84,2,41.785414698041734,-87.74950367730293
2024-03-17 03:00:00,-1.3,-3.3,0.0,0.0,0.0,0.03,21.7,24.5,1,69,2,41.785414698041734,-87.74950367730293
2024-03-17 04:00:00,1.5,-1.2,0.0,0.0,0.0,0.03,34.2,44.3,0,29,2,41.785414698041734,-87.74950367730293
2024-03-17 05:00:00,4.0,1.9,0.11,0.11,0.0,0.03,10.0,21.8,0,67,2,41.785414698041734,-87.74950367730293
2024-03-17 06:00:00,4.0,2.0,0.0,0.0,0.0,0.03,6.6,11.9,0,59,2,41.785414698041734,-87.74950367730293
2024-03-17 07:00:00,2.6,0.8,0.0,0.0,0.0,0.03,19.1,26.0,2,87,2,41.785414698041734,-87.74950367730293
2024-03-17 08:00:00,7.2,4.3,0.0,0.0,0.0,0.03,19.6,25.5,2,32,2,41.785414698041734,-87.74950367730293
2024-03-17 09:00:00,7.4,5.9,0.0,0.0,0.0,0.03,32.9,45.3,1,38,2,41.785414698041734,-87.74950367730293
2024-03-17 10:00:00,7.2,5.9,0.0,0.0,0.0,0.03,18.7,33.6,1,65,2,41.785414698041734,-87.74950367730293
2024-03-17 11:00:00,6.7,4.7,0.0,0.0,0.0,0.03,18.3,32.9,0,90,2,41.785414698041734,-87.74950367730293
2024-03-17 12:00:00,9.5,7.2,0.0,0.0,0.0,0.03,19.9,22.8,1,50,2,41.785414698041734,-87.74950367730293
2024-03-17 13:00:00,5.1,4.1,0.0,0.0,0.0,0.03,18.4,29.2,2,70,2,41.785414698041734,-87.74950367730293
2024-03-17 14:00:00,5.1,2.4,0.0,0.0,0.0,0.03,32.0,41.6,2,56,2,41.785414698041734,-87.74950367730293
2024-03-17 15:00:00,5.7,4.2,0.0,0.0,0.0,0.03,23.5,37.6,0,54,2,41.785414698041734,-87.74950367730293
2024-03-17 16:00:00,6.5,4.2,0.0,0.0,0.0,0.03,28.9,38.4,2,84,2,41.785414698041734,-87.74950367730293
2024-03-17 17:00:00,3.0,1.6,0.0,0.0,0.0,0.03,9.6,17.6,71,58,2,41.785414698041734,-87.74950367730293
2024-03-17 18:00:00,3.2,0.4,0.0,0.0,0.0,0.03,31.3,39.1,3,44,2,41.785414698041734,-87.74950367730293
2024-03-17 19:00:00,2.5,0.7,0.0,0.0,0.0,0.03,34.1,47.2,0,42,2,41.785414698041734,-87.74950367730293
2024-03-17 20:00:00,2.5,1.1,0.0,0.0,0.0,0.03,33.7,44.4,3,47,2,41.785414698041734,-87.74950367730293
2024-03-17 21:00:00,0.8,-0.3,0.0,0.0,0.0,0.03,34.5,37.4,0,38,2,41.785414698041734,-87.74950367730293
2024-03-17 22:00:00,0.1,-1.5,0.0,0.0,0.0,0.03,25.9,40.1,0,49,2,41.785414698041734,-87.74950367730293
2024-03-17 23:00:00,-0.9,-2.7,0.0,0.0,0.0,0.03,25.1,36.0,0,56,2,41.785414698041734,-87.74950367730293
2024-03-18 00:00:00,1.6,0.6,0.0,0.0,0.0,0.03,7.0,11.0,1,62,2,41.785414698041734,-87.74950367730293
2024-03-18 01:00:00,1.1,-1.0,0.0,0.0,0.0,0.03,13.5,21.6,3,30,2,41.785414698041734,-87.74950367730293
2024-03-18 02:00:00,1.5,-0.4,0.0,0.0,0.0,0.03,28.6,33.9,3,44,2,41.785414698041734,-87.74950367730293
2024-03-18 03:00:00,0.0,-2.0,0.0,0.0,0.0,0.03,15.8,25.5,1,46,2,41.785414698041734,-87.74950367730293
2024-03-18 04:00:00,1.2,-0.0,0.0,0.0,0.0,0.03,23.6,32.8,1,36,2,41.785414698041734,-87.74950367730293
2024-03-18 05:00:00,3.7,1.9,0.0,0.0,0.0,0.03,22.6,37.2,0,41,2,41.785414698041734,-87.74950367730293
2024-03-18 06:00:00,3.1,0.2,0.0,0.0,0.0,0.03,22.4,25.1,61,78,2,41.785414698041734,-87.74950367730293
2024-03-18 07:00:00,3.6,1.9,0.0,0.0,0.0,0.03,16.1,24.0,0,89,2,41.785414698041734,-87.74950367730293
2024-03-18 08:00:00,6.4,3.8,0.0,0.0,0.0,0.03,31.5,35.9,0,47,2,41.785414698041734,-87.74950367730293
2024-03-18 09:00:00,4.9,3.6,0.0,0.0,0.0,0.03,12.5,14.8,71,37,2,41.785414698041734,-87.74950367730293
2024-03-18 10:00:00,7.1,5.9,0.0,0.0,0.0,0.03,28.1,40.2,0,53,2,41.785414698041734,-87.74950367730293
2024-03-18 11:00:00,9.2,6.2,0.0,0.0,0.0,0.03,5.8,17.6,0,57,2,41.785414698041734,-87.74950367730293
2024-03-18 12:00:00,8.2,5.9,0.0,0.0,0.0,0.03,30.2,44.3,71,72,2,41.785414698041734,-87.74950367730293
2024-03-18 13:00:00,6.3,4.0,0.0,0.0,0.0,0.03,27.7,37.4,0,45,2,41.785414698041734,-87.74950367730293
2024-03-18 14:00:00,8.2,6.3,0.0,0.0,0.0,0.03,34.4,39.7,0,41,2,41.785414698041734,-87.74950367730293
2024-03-18 15:00:00,5.9,3.4,0.0,0.0,0.0,0.03,8.6,15.3,1,100,2,41.785414698041734,-87.74950367730293
2024-03-18 16:00:00,7.3,4.4,0.0,0.0,0.0,0.03,29.1,39.0,0,23,2,41.785414698041734,-87.74950367730293
2024-03-18 17:00:00,5.8,4.6,0.0,0.0,0.0,0.03,14.3,24.4,3,78,2,41.785414698041734,-87.74950367730293
2024-03-18 18:00:00,3.5,2.1,0.0,0.0,0.0,0.03,12.4,15.0,2,92,2,41.785414698041734,-87.74950367730293
2024-03-18 19:00:00,1.8,-0.9,0.0,0.0,0.0,0.03,11.2,25.0,1,49,2,41.785414698041734,-87.74950367730293
2024-03-18 20:00:00,0.7,-0.4,0.0,0.0,0.0,0.03,26.6,40.6,0,66,2,41.785414698041734,-87.74950367730293
2024-03-18 21:00:00,5.1,3.3,0.0,0.0,0.0,0.03,33.3,45.7,0,13,2,41.785414698041734,-87.74950367730293
2024-03-18 22:00:00,-2.9,-4.1,0.0,0.0,0.0,0.03,24.6,29.8,3,56,2,41.785414698041734,-87.74950367730293
2024-03-18 23:00:00,-2.5,-4.3,0.0,0.0,0.0,0.03,13.0,19.5,0,84,2,41.785414698041734,-87.74950367730293
2024-03-19 00:00:00,1.7,-0.2,1.68,1.68,0.0,0.03,17.0,28.1,0,58,2,41.785414698041734,-87.74950367730293
2024-03-19 01:00:00,1.5,0.1,0.0,0.0,0.0,0.03,12.2,18.2,0,56,2,41.785414698041734,-87.74950367730293
2024-03-19 02:00:00,1.1,-0.1,0.0,0.0,0.0,0.03,7.1,14.1,3,98,2,41.785414698041734,-87.74950367730293
2024-03-19 03:00:00,-1.8,-3.7,0.0,0.0,0.0,0.03,28.0,38.7,3,75,2,41.785414698041734,-87.74950367730293
2024-03-19 04:00:00,2.8,0.8,0.0,0.0,0.0,0.03,8.1,10.6,0,73,2,41.785414698041734,-87.74950367730293
2024-03-19 05:00:00,1.5,-1.0,0.0,0.0,0.0,0.03,24.5,28.3,0,35,2,41.785414698041734,-87.74950367730293
2024-03-19 06:00:00,3.9,1.4,0.0,0.0,0.0,0.03,17.8,20.3,3,0,2,41.785414698041734,-87.74950367730293
2024-03-19 07:00:00,5.6,4.5,0.0,0.0,0.0,0.03,7.2,12.6,0,64,2,41.785414698041734,-87.74950367730293
2024-03-19 08:00:00,6.8,4.9,0.8,0.8,0.0,0.03,14.0,22.3,1,55,2,41.785414698041734,-87.74950367730293
2024-03-19 09:00:00,5.9,3.2,0.0,0.0,0.0,0.03,7.3,20.2,1,74,2,41.785414698041734,-87.74950367730293
2024-03-19 10:00:00,9.4,7.2,0.0,0.0,0.0,0.03,23.9,28.2,1,58,2,41.785414698041734,-87.74950367730293
2024-03-19 11:00:00,9.1,6.4,0.0,0.0,0.0,0.03,25.0,31.7,0,56,2,41.785414698041734,-87.74950367730293
2024-03-19 12:00:00,6.6,3.7,0.0,0.0,0.0,0.03,31.8,34.0,3,56,2,41.785414698041734,-87.74950367730293
2024-03-19 13:00:00,7.1,5.5,0.0,0.0,0.0,0.03,13.6,21.6,0,27,2,41.785414698041734,-87.74950367730293
2024-03-19 14:00:00,6.3,5.1,0.29,0.29,0.0,0.03,10.3,12.6,1,9,2,41.785414698041734,-87.74950367730293
2024-03-19 15:00:00,6.7,5.6,0.0,0.0,0.0,0.03,19.2,25.4,2,33,2,41.785414698041734,-87.74950367730293
2024-03-19 16:00:00,6.9,5.7,0.0,0.0,0.0,0.03,29.4,42.2,3,27,2,41.785414698041734,-87.74950367730293
2024-03-19 17:00:00,2.3,-0.1,0.0,0.0,0.0,0.03,22.0,36.1,1,54,2,41.785414698041734,-87.74950367730293
2024-03-19 18:00:00,1.0,-0.2,0.0,0.0,0.0,0.03,33.3,40.1,1,14,2,41.785414698041734,-87.74950367730293
2024-03-19 19:00:00,1.7,-1.2,0.0,0.0,0.0,0.03,7.7,13.3,0,43,2,41.785414698041734,-87.74950367730293
2024-03-19 20:00:00,4.0,1.7,0.0,0.0,0.0,0.03,26.6,38.4,1,100,2,41.785414698041734,-87.74950367730293
2024-03-19 21:00:00,1.5,-1.4,0.0,0.0,0.0,0.03,24.9,36.0,1,53,2,41.785414698041734,-87.74950367730293
2024-03-19 22:00:00,2.9,0.8,0.0,0.0,0.0,0.03,12.3,19.2,1,56,2,41.785414698041734,-87.74950367730293
2024-03-19 23:00:00,-0.1,-1.5,0.0,0.0,0.0,0.03,11.2,25.0,2,55,2,41.785414698041734,-87.74950367730293
2024-03-20 00:00:00,-1.3,-2.6,0.0,0.0,0.0,0.03,16.5,24.4,3,60,2,41.785414698041734,-87.74950367730293
2024-03-20 01:00:00,-2.4,-4.9,0.0,0.0,0.0,0.03,14.7,28.8,0,42,2,41.785414698041734,-87.74950367730293
2024-03-20 02:00:00,-0.7,-1.7,0.0,0.0,0.0,0.03,15.0,28.5,3,51,2,41.785414698041734,-87.74950367730293
2024-03-20 03:00:00,0.2,-2.5,1.85,1.85,0.0,0.03,26.7,41.0,1,41,2,41.785414698041734,-87.74950367730293
2024-03-20 04:00:00,-1.6,-2.7,0.0,0.0,0.0,0.03,7.7,11.1,0,18,2,41.785414698041734,-87.74950367730293
2024-03-20 05:00:00,1.7,-0.5,0.0,0.0,0.0,0.03,27.4,32.9,2,84,2,41.785414698041734,-87.74950367730293
2024-03-20 06:00:00,2.7,0.9,0.0,0.0,0.0,0.03,20.0,26.8,2,33,2,41.785414698041734,-87.74950367730293
2024-03-20 07:00:00,5.1,2.8,0.0,0.0,0.0,0.03,10.2,21.9,3,95,2,41.785414698041734,-87.74950367730293
2024-03-20 08:00:00,5.9,3.4,0.0,0.0,0.0,0.03,25.1,30.9,1,36,2,41.785414698041734,-87.74950367730293
2024-03-20 09:00:00,7.3,6.1,0.0,0.0,0.0,0.03,16.2,20.9,1,21,2,41.785414698041734,-87.74950367730293
2024-03-20 10:00:00,5.0,2.1,0.0,0.0,0.0,0.03,9.0,15.5,1,100,2,41.785414698041734,-87.74950367730293
2024-03-20 11:00:00,6.2,4.0,0.0,0.0,0.0,0.03,22.6,28.7,1,18,2,41.785414698041734,-87.74950367730293
2024-03-20 12:00:00,9.4,7.6,1.77,1.77,0.0,0.03,14.6,27.2,0,0,2,41.785414698041734,-87.74950367730293
2024-03-20 13:00:00,7.5,4.5,0.0,0.0,0.0,0.03,13.5,28.4,61,19,2,41.785414698041734,-87.74950367730293
2024-03-20 14:00:00,8.7,6.1,0.0,0.0,0.0,0.03,19.3,25.3,0,52,2,41.785414698041734,-87.74950367730293
2024-03-20 15:00:00,6.6,5.3,0.0,0.0,0.0,0.03,20.6,23.3,2,22,2,41.785414698041734,-87.74950367730293
2024-03-20 16:00:00,6.3,5.1,0.0,0.0,0.0,0.03,26.1,37.5,1,41,2,41.785414698041734,-87.74950367730293
2024-03-20 17:00:00,5.8,3.0,0.0,0.0,0.0,0.03,19.8,28.0,3,4,2,41.785414698041734,-87.74950367730293
2024-03-20 18:00:00,3.2,1.0,0.0,0.0,0.0,0.03,21.0,28.6,1,82,2,41.785414698041734,-87.74950367730293
2024-03-20 19:00:00,2.0,0.0,0.0,0.0,0.0,0.03,22.1,28.7,0,65,2,41.785414698041734,-87.74950367730293
2024-03-20 20:00:00,1.0,-0.2,0.0,0.0,0.0,0.03,32.8,40.9,0,23,2,41.785414698041734,-87.74950367730293
2024-03-20 21:00:00,1.1,-1.0,0.0,0.0,0.0,0.03,8.0,11.8,1,0,2,41.785414698041734,-87.74950367730293
2024-03-20 22:00:00,1.4,-0.1,0.0,0.0,0.0,0.03,24.9,34.9,1,32,2,41.785414698041734,-87.74950367730293
2024-03-20 23:00:00,-0.5,-1.9,0.0,0.0,0.0,0.03,6.1,20.2,2,71,2,41.785414698041734,-87.74950367730293
2024-03-21 00:00:00,1.7,-0.0,0.0,0.0,0.0,0.03,12.8,26.7,3,82,2,41.785414698041734,-87.74950367730293
2024-03-21 01:00:00,2.8,1.7,0.0,0.0,0.0,0.03,28.7,40.3,1,49,2,41.785414698041734,-87.74950367730293
2024-03-21 02:00:00,-0.8,-3.0,0.0,0.0,0.0,0.03,15.8,22.9,3,42,2,41.785414698041734,-87.74950367730293
2024-03-21 03:00:00,3.0,0.7,0.0,0.0,0.0,0.03,5.8,19.8,0,41,2,41.785414698041734,-87.74950367730293
2024-03-21 04:00:00,2.0,-0.4,0.0,0.0,0.0,0.03,20.4,31.0,3,63,2,41.785414698041734,-87.74950367730293
2024-03-21 05:00:00,3.5,2.5,0.31,0.31,0.0,0.03,18.1,26.7,0,77,2,41.785414698041734,-87.74950367730293
2024-03-21 06:00:00,3.8,2.4,0.0,0.0,0.0,0.03,32.8,38.5,3,51,2,41.785414698041734,-87.74950367730293
2024-03-21 07:00:00,6.9,4.3,0.0,0.0,0.0,0.03,33.3,45.1,0,46,2,41.785414698041734,-87.74950367730293
2024-03-21 08:00:00,6.5,4.4,0.0,0.0,0.0,0.03,13.4,25.7,2,75,2,41.785414698041734,-87.74950367730293
2024-03-21 09:00:00,6.3,5.3,1.31,1.31,0.0,0.03,29.6,38.9,1,92,2,41.785414698041734,-87.74950367730293
2024-03-21 10:00:00,6.8,4.4,0.0,0.0,0.0,0.03,20.4,26.2,1,48,2,41.785414698041734,-87.74950367730293
2024-03-21 11:00:00,6.1,4.2,0.0,0.0,0.0,0.03,21.2,28.3,71,57,2,41.785414698041734,-87.74950367730293
2024-03-21 12:00:00,7.1,5.6,0.0,0.0,0.0,0.03,8.4,18.5,1,36,2,41.785414698041734,-87.74950367730293
2024-03-21 13:00:00,9.7,7.2,0.0,0.0,0.0,0.03,30.1,35.0,0,57,2,41.785414698041734,-87.74950367730293
2024-03-21 14:00:00,9.1,7.4,0.0,0.0,0.0,0.03,23.2,31.3,1,32,2,41.785414698041734,-87.74950367730293
2024-03-21 15:00:00,5.9,4.0,0.0,0.0,0.0,0.03,33.7,36.2,0,91,2,41.785414698041734,-87.74950367730293
2024-03-21 16:00:00,4.4,1.6,0.0,0.0,0.0,0.03,28.5,41.0,0,77,2,41.785414698041734,-87.74950367730293
2024-03-21 17:00:00,6.5,5.2,0.0,0.0,0.0,0.03,19.0,26.0,0,98,2,41.785414698041734,-87.74950367730293
2024-03-21 18:00:00,4.6,2.5,0.0,0.0,0.0,0.03,30.7,38.5,2,41,2,41.785414698041734,-87.74950367730293
2024-03-21 19:00:00,0.0,-1.2,0.0,0.0,0.0,0.03,14.5,28.1,61,100,2,41.785414698041734,-87.74950367730293
2024-03-21 20:00:00,6.3,3.4,0.0,0.0,0.0,0.03,30.9,38.0,0,61,2,41.785414698041734,-87.74950367730293
2024-03-21 21:00:00,1.2,-0.4,0.0,0.0,0.0,0.03,8.5,16.7,3,52,2,41.785414698041734,-87.74950367730293
2024-03-21 22:00:00,3.1,0.3,0.0,0.0,0.0,0.03,15.1,20.9,3,86,2,41.785414698041734,-87.74950367730293
2024-03-21 23:00:00,0.4,-1.3,0.0,0.0,0.0,0.03,31.0,43.5,2,29,2,41.785414698041734,-87.74950367730293
2024-03-22 00:00:00,-1.6,-4.3,0.0,0.0,0.0,0.03,5.7,13.4,2,56,2,41.785414698041734,-87.74950367730293
2024-03-22 01:00:00,0.4,-2.1,0.0,0.0,0.0,0.03,31.1,39.3,3,51,2,41.785414698041734,-87.74950367730293
2024-03-22 02:00:00,-1.7,-3.1,0.0,0.0,0.0,0.03,6.2,14.6,1,65,2,41.785414698041734,-87.74950367730293
2024-03-22 03:00:00,1.0,-1.3,0.0,0.0,0.0,0.03,24.8,35.6,71,44,2,41.785414698041734,-87.74950367730293
2024-03-22 04:00:00,0.4,-1.1,0.0,0.0,0.0,0.03,24.1,33.2,1,42,2,41.785414698041734,-87.74950367730293
2024-03-22 05:00:00,2.7,1.6,1.04,1.04,0.0,0.03,6.7,14.4,0,45,2,41.785414698041734,-87.74950367730293
2024-03-22 06:00:00,4.4,2.8,0.0,0.0,0.0,0.03,30.1,40.7,2,48,2,41.785414698041734,-87.74950367730293
2024-03-22 07:00:00,5.5,3.1,0.0,0.0,0.0,0.03,7.6,17.9,0,57,2,41.785414698041734,-87.74950367730293
2024-03-22 08:00:00,3.8,2.5,0.0,0.0,0.0,0.03,30.5,41.8,0,87,2,41.785414698041734,-87.74950367730293
2024-03-22 09:00:00,5.9,3.6,0.0,0.0,0.0,0.03,34.5,42.6,0,1,2,41.785414698041734,-87.74950367730293
2024-03-22 10:00:00,4.5,2.0,0.0,0.0,0.0,0.03,25.2,39.9,1,74,2,41.785414698041734,-87.74950367730293
2024-03-22 11:00:00,8.8,7.2,0.0,0.0,0.0,0.03,32.9,42.4,0,43,2,41.785414698041734,-87.74950367730293
2024-03-22 12:00:00,8.3,7.1,0.0,0.0,0.0,0.03,23.8,36.1,0,51,2,41.785414698041734,-87.74950367730293
2024-03-22 13:00:00,6.1,3.9,0.0,0.0,0.0,0.03,34.4,42.5,0,28,2,41.785414698041734,-87.74950367730293
2024-03-22 14:00:00,9.6,8.3,0.0,0.0,0.0,0.03,28.9,35.3,2,56,2,41.785414698041734,-87.74950367730293
2024-03-22 15:00:00,7.5,6.5,1.68,1.68,0.0,0.03,25.4,34.2,0,45,2,41.785414698041734,-87.74950367730293
2024-03-22 16:00:00,5.8,4.6,0.0,0.0,0.0,0.03,34.7,44.2,3,49,2,41.785414698041734,-87.74950367730293
2024-03-22 17:00:00,4.3,2.8,0.0,0.0,0.0,0.03,19.5,25.5,3,70,2,41.785414698041734,-87.74950367730293
2024-03-22 18:00:00,3.0,0.7,0.0,0.0,0.0,0.03,19.5,31.3,2,71,2,41.785414698041734,-87.74950367730293
2024-03-22 19:00:00,1.8,0.1,0.0,0.0,0.0,0.03,30.5,38.1,0,90,2,41.785414698041734,-87.74950367730293
2024-03-22 20:00:00,3.8,0.9,0.0,0.0,0.0,0.03,25.2,35.8,1,40,2,41.785414698041734,-87.74950367730293
2024-03-22 21:00:00,1.6,-0.9,0.0,0.0,0.0,0.03,9.3,15.1,0,72,2,41.785414698041734,-87.74950367730293
2024-03-22 22:00:00,-1.0,-4.0,0.0,0.0,0.0,0.03,14.2,22.5,61,71,2,41.785414698041734,-87.74950367730293
2024-03-22 23:00:00,2.1,-0.2,0.0,0.0,0.0,0.03,22.5,29.1,0,57,2,41.785414698041734,-87.74950367730293
2024-03-23 00:00:00,-0.1,-1.2,0.0,0.0,0.0,0.03,5.5,12.9,0,97,2,41.785414698041734,-87.74950367730293
2024-03-23 01:00:00,-1.2,-2.5,0.0,0.0,0.0,0.03,20.3,31.1,0,39,2,41.785414698041734,-87.74950367730293
2024-03-23 02:00:00,3.5,2.0,0.0,0.0,0.0,0.03,12.0,16.1,71,59,2,41.785414698041734,-87.74950367730293
2024-03-23 03:00:00,-0.5,-2.9,0.0,0.0,0.0,0.03,12.1,17.3,0,63,2,41.785414698041734,-87.74950367730293
2024-03-23 04:00:00,0.8,-1.5,0.0,0.0,0.0,0.03,31.9,38.5,0,25,2,41.785414698041734,-87.74950367730293
2024-03-23 05:00:00,3.0,1.6,0.89,0.89,0.0,0.03,13.5,19.0,0,87,2,41.785414698041734,-87.74950367730293
2024-03-23 06:00:00,4.5,2.1,0.0,0.0,0.0,0.03,31.9,36.2,3,52,2,41.785414698041734,-87.74950367730293
2024-03-23 07:00:00,3.9,2.3,0.0,0.0,0.0,0.03,21.0,33.6,1,66,2,41.785414698041734,-87.74950367730293
2024-03-23 08:00:00,2.7,0.3,0.0,0.0,0.0,0.03,32.8,36.9,61,94,2,41.785414698041734,-87.74950367730293
2024-03-23 09:00:00,6.9,5.3,0.0,0.0,0.0,0.03,26.9,37.2,61,60,2,41.785414698041734,-87.74950367730293
2024-03-23 10:00:00,5.9,4.5,0.0,0.0,0.0,0.03,17.4,25.3,2,56,2,41.785414698041734,-87.74950367730293
2024-03-23 11:00:00,7.3,5.3,0.0,0.0,0.0,0.03,6.1,10.2,0,57,2,41.785414698041734,-87.74950367730293
2024-03-23 12:00:00,6.8,3.8,0.0,0.0,0.0,0.03,31.7,37.6,71,30,2,41.785414698041734,-87.74950367730293
2024-03-23 13:00:00,6.2,3.9,0.0,0.0,0.0,0.03,26.2,29.6,1,45,2,41.785414698041734,-87.74950367730293
2024-03-23 14:00:00,7.1,5.4,0.0,0.0,0.0,0.03,9.0,12.3,1,51,2,41.785414698041734,-87.74950367730293
2024-03-23 15:00:00,5.9,3.8,0.0,0.0,0.0,0.03,33.1,39.7,2,57,2,41.785414698041734,-87.74950367730293
2024-03-23 16:00:00,4.7,2.9,0.0,0.0,0.0,0.03,19.7,31.5,2,89,2,41.785414698041734,-87.74950367730293
2024-03-23 17:00:00,6.5,5.4,0.0,0.0,0.0,0.03,5.9,13.1,71,78,2,41.785414698041734,-87.74950367730293
2024-03-23 18:00:00,2.5,0.2,1.59,1.59,0.0,0.03,13.9,23.3,71,40,2,41.785414698041734,-87.74950367730293
2024-03-23 19:00:00,2.6,1.2,0.0,0.0,0.0,0.03,30.8,34.5,1,54,2,41.785414698041734,-87.74950367730293
2024-03-23 20:00:00,1.9,-0.1,0.0,0.0,0.0,0.03,17.6,31.0,0,90,2,41.785414698041734,-87.74950367730293
2024-03-23 21:00:00,-1.4,-2.5,0.0,0.0,0.0,0.03,29.2,35.5,61,12,2,41.785414698041734,-87.74950367730293
2024-03-23 22:00:00,-1.1,-3.7,0.0,0.0,0.0,0.03,17.1,21.5,0,49,2,41.785414698041734,-87.74950367730293
2024-03-23 23:00:00,0.1,-1.0,0.0,0.0,0.0,0.03,9.0,15.6,1,22,2,41.785414698041734,-87.74950367730293
2024-03-24 00:00:00,-0.1,-1.8,0.0,0.0,0.0,0.03,10.8,25.4,0,100,2,41.785414698041734,-87.74950367730293
2024-03-24 01:00:00,-1.0,-2.8,0.0,0.0,0.0,0.03,31.4,41.6,1,74,2,41.785414698041734,-87.74950367730293
2024-03-24 02:00:00,0.5,-2.0,0.0,0.0,0.0,0.03,10.4,14.0,1,43,2,41.785414698041734,-87.74950367730293
2024-03-24 03:00:00,1.6,-1.4,0.0,0.0,0.0,0.03,33.1,37.2,2,54,2,41.785414698041734,-87.74950367730293
2024-03-24 04:00:00,2.9,1.5,0.0,0.0,0.0,0.03,13.7,25.6,71,34,2,41.785414698041734,-87.74950367730293
2024-03-24 05:00:00,4.0,2.7,0.0,0.0,0.0,0.03,34.1,47.1,61,100,2,41.785414698041734,-87.74950367730293
2024-03-24 06:00:00,5.8,3.6,0.0,0.0,0.0,0.03,7.9,11.0,1,0,2,41.785414698041734,-87.74950367730293
2024-03-24 07:00:00,5.2,3.8,0.0,0.0,0.0,0.03,21.5,27.3,0,63,2,41.785414698041734,-87.74950367730293
2024-03-24 08:00:00,3.9,2.9,0.0,0.0,0.0,0.03,6.1,8.7,1,53,2,41.785414698041734,-87.74950367730293
2024-03-24 09:00:00,6.4,4.9,0.0,0.0,0.0,0.03,12.7,16.3,1,29,2,41.785414698041734,-87.74950367730293
2024-03-24 10:00:00,5.6,4.1,0.0,0.0,0.0,0.03,30.7,34.5,1,49,2,41.785414698041734,-87.74950367730293
2024-03-24 11:00:00,9.1,7.0,0.0,0.0,0.0,0.03,10.6,18.3,61,14,2,41.785414698041734,-87.74950367730293
2024-03-24 12:00:00,10.1,8.2,1.76,1.76,0.0,0.03,31.7,33.9,1,94,2,41.785414698041734,-87.74950367730293
2024-03-24 13:00:00,7.9,6.2,0.3,0.3,0.0,0.03,22.7,34.0,0,56,2,41.785414698041734,-87.74950367730293
2024-03-24 14:00:00,9.2,7.6,0.0,0.0,0.0,0.03,26.8,34.0,2,78,2,41.785414698041734,-87.74950367730293
2024-03-24 15:00:00,8.5,6.9,0.0,0.0,0.0,0.03,15.8,23.0,0,43,2,41.785414698041734,-87.74950367730293
2024-03-24 16:00:00,6.5,3.7,1.09,1.09,0.0,0.03,34.5,49.1,0,89,2,41.785414698041734,-87.74950367730293
2024-03-24 17:00:00,5.8,3.9,0.0,0.0,0.0,0.03,29.8,36.1,3,56,2,41.785414698041734,-87.74950367730293
2024-03-24 18:00:00,5.4,2.7,0.0,0.0,0.0,0.03,32.4,34.9,0,82,2,41.785414698041734,-87.74950367730293
2024-03-24 19:00:00,0.9,-2.1,0.0,0.0,0.0,0.03,9.4,16.6,2,69,2,41.785414698041734,-87.74950367730293
2024-03-24 20:00:00,2.4,0.4,0.0,0.0,0.0,0.03,13.0,21.1,3,54,2,41.785414698041734,-87.74950367730293
2024-03-24 21:00:00,2.0,-0.9,0.0,0.0,0.0,0.03,30.2,38.3,0,80,2,41.785414698041734,-87.74950367730293
2024-03-24 22:00:00,-1.6,-3.0,0.0,0.0,0.0,0.03,25.1,33.1,1,100,2,41.785414698041734,-87.74950367730293
2024-03-24 23:00:00,3.0,1.4,0.0,0.0,0.0,0.03,16.5,22.9,1,27,2,41.785414698041734,-87.74950367730293
