trip_id,taxi_id,trip_start_timestamp,trip_end_timestamp,trip_seconds,trip_miles,pickup_census_tract,dropoff_census_tract,pickup_community_area,dropoff_community_area,fare,tips,tolls,extras,trip_total,payment_type,company,pickup_centroid_latitude,pickup_centroid_longitude,dropoff_centroid_latitude,dropoff_centroid_longitude
demo_trip_000000,demo_taxi_0010,2024-03-22T19:38:20.000,2024-03-22T19:48:27.000,607,3.77,,,69.0,54.0,13.0,2.44,0.0,0.0,15.44,Credit Card,Demo Flash Cab,41.751549066333276,-87.62660844900141,41.67792026991733,-87.61080801659489
demo_trip_000001,demo_taxi_0092,2024-03-05T13:42:13.000,2024-03-05T13:56:02.000,829,3.24,,,29.0,59.0,16.09,0.0,0.0,0.0,16.09,Cash,Demo Flash Cab,41.86342198911536,-87.6996325948565,41.82771184661044,-87.66175568705705
demo_trip_000002,demo_taxi_0078,2024-03-12T22:16:31.000,2024-03-12T22:52:39.000,2168,17.93,,,36.0,36.0,79.38,0.0,0.0,2.54,81.92,Credit Card,Demo Taxi Co,41.82867902631993,-87.60145727639438,41.82872571576511,-87.60914411775289
demo_trip_000003,demo_taxi_0052,2024-03-13T17:21:39.000,2024-03-13T17:48:29.000,1610,11.02,,,11.0,35.0,51.27,11.42,0.0,0.0,62.69,Credit Card,Demo Flash Cab,41.978372027894494,-87.76406367074694,41.8444849787529,-87.6228474950129
demo_trip_000004,demo_taxi_0051,2024-03-20T07:56:15.000,2024-03-20T08:07:43.000,688,1.82,,,75.0,69.0,6.4,0.98,0.0,0.0,7.38,Cash,Demo City Service,41.69277211869325,-87.65484479625725,41.7593974901081,-87.6112375930585
demo_trip_000005,demo_taxi_0103,2024-03-06T20:51:46.000,2024-03-06T21:25:07.000,2001,9.82,,,75.0,75.0,38.93,0.0,0.0,0.0,38.93,Credit Card,Demo Flash Cab,41.69077625392449,-87.67811945895158,41.69257615403685,-87.6525147454195
demo_trip_000006,demo_taxi_0010,2024-03-13T14:24:38.000,2024-03-13T14:54:12.000,1774,15.36,,,75.0,1.0,55.7,5.78,0.0,0.0,61.48,No Charge,Demo Sun Taxi,41.682205504317,-87.68541719631799,42.00351411741474,-87.65942371093718
demo_trip_000007,demo_taxi_0083,2024-03-07T07:14:09.000,2024-03-07T07:19:59.000,350,1.51,,,1.0,69.0,5.47,0.0,0.0,0.0,5.47,Cash,Demo Sun Taxi,42.010175636425004,-87.67727965540351,41.76249883032528,-87.61323595436549
demo_trip_000008,demo_taxi_0024,2024-03-20T07:18:56.000,2024-03-20T07:32:24.000,808,6.16,,,69.0,5.0,17.37,3.82,0.0,1.06,22.25,Credit Card,Demo Sun Taxi,41.77441823173915,-87.62140012255358,41.93939234105487,-87.68789797669406
demo_trip_000009,demo_taxi_0011,2024-03-17T17:32:02.000,2024-03-17T18:06:16.000,2054,0.0,,,36.0,6.0,27.68,5.57,0.0,2.6,35.85,No Charge,Demo Flash Cab,41.82212300665335,-87.60052264201254,41.94566084536581,-87.66200632015992
demo_trip_000010,demo_taxi_0063,2024-03-14T04:34:39.000,2024-03-14T04:50:37.000,958,8.81,,,11.0,59.0,30.63,0.0,0.0,0.0,30.63,Credit Card,Demo Taxi Co,41.97711687464359,-87.76803539404204,41.830469687026785,-87.67967476946767
demo_trip_000011,demo_taxi_0117,2024-03-12T09:11:26.000,2024-03-12T09:15:49.000,263,1.47,,,29.0,29.0,5.81,0.0,0.0,0.0,5.81,Mobile,Demo Globe Taxi,41.85808401449256,-87.71764241456451,41.86364368671171,-87.709948498337
demo_trip_000012,demo_taxi_0088,2024-03-07T07:03:39.000,2024-03-07T07:28:59.000,1520,8.98,,,19.0,10.0,41.69,6.55,0.0,2.28,50.52,Credit Card,Demo Globe Taxi,41.93481965371419,-87.78664142507161,41.97666322629461,-87.79680524422245
demo_trip_000013,demo_taxi_0091,2024-03-23T13:29:46.000,2024-03-23T14:06:01.000,2175,14.13,,,13.0,10.0,62.65,15.03,0.0,0.0,77.68,Cash,Demo City Service,41.982324168211576,-87.74072733277674,41.990254073200646,-87.78018813213741
demo_trip_000014,demo_taxi_0086,2024-03-17T12:47:41.000,2024-03-17T13:11:16.000,1415,7.0,,,23.0,11.0,20.97,0.0,0.0,0.0,20.97,Mobile,Demo Taxi Co,41.8932861198578,-87.69500142371156,41.97999247862135,-87.75983863850502
demo_trip_000015,demo_taxi_0094,2024-03-10T15:09:39.000,2024-03-10T15:48:44.000,2345,17.97,,,6.0,36.0,72.71,0.0,0.0,0.0,72.71,Credit Card,Demo Sun Taxi,41.95261811352408,-87.65003932721208,41.82105643959186,-87.60489099905661
demo_trip_000016,demo_taxi_0061,2024-03-12T09:24:50.000,2024-03-12T09:32:03.000,433,1.01,,,54.0,48.0,3.78,0.0,0.0,0.0,3.78,Cash,Demo Globe Taxi,41.67586176230207,-87.60382473816925,41.73457662055835,-87.57711520009448
demo_trip_000017,demo_taxi_0015,2024-03-19T03:09:42.000,2024-03-19T03:37:23.000,1661,5.71,,,34.0,5.0,17.99,4.01,0.0,0.0,22.0,Credit Card,Demo Globe Taxi,41.84763378679518,-87.63029691697328,41.93954935313128,-87.6803704717138
demo_trip_000018,demo_taxi_0100,2024-03-19T16:14:48.000,2024-03-19T16:41:50.000,1622,5.9,,,36.0,75.0,15.35,0.0,0.0,0.0,15.35,Cash,Demo Sun Taxi,41.821246853416845,-87.60080944160761,41.68494677234876,-87.65766128187035
demo_trip_000019,demo_taxi_0054,2024-03-13T11:36:24.000,2024-03-13T12:15:49.000,2365,16.52,,,6.0,69.0,67.31,7.95,0.0,0.0,75.26,Credit Card,Demo Flash Cab,41.93916890193368,-87.64582763799095,41.76274362891743,-87.61323770155039
demo_trip_000020,demo_taxi_0060,2024-03-10T17:17:12.000,2024-03-10T17:39:28.000,1336,11.89,,,54.0,69.0,52.91,7.94,0.0,0.0,60.85,Credit Card,Demo Taxi Co,41.66177462179878,-87.61496925851031,41.7731494322892,-87.6212078211937
demo_trip_000021,demo_taxi_0044,2024-03-17T06:15:14.000,2024-03-17T06:48:38.000,2004,5.41,,,34.0,36.0,26.26,6.52,0.0,0.0,32.78,Credit Card,Demo City Service,41.82952353052309,-87.62983407878174,41.826803786330295,-87.60068723786877
demo_trip_000022,demo_taxi_0021,2024-03-17T01:59:36.000,2024-03-17T02:07:58.000,502,4.33,,,23.0,35.0,14.67,3.04,0.0,0.0,17.71,Cash,Demo City Service,41.89048641648099,-87.71834879885496,41.84193675928534,-87.61491969135852
demo_trip_000023,demo_taxi_0111,2024-03-16T08:10:31.000,2024-03-16T08:15:09.000,278,2.33,,,59.0,23.0,8.15,0.0,0.0,1.48,9.63,Unknown,Demo Sun Taxi,41.82400429601923,-87.67682307013474,41.91034344161331,-87.7053684206435
demo_trip_000024,demo_taxi_0093,2024-03-05T13:11:04.000,2024-03-05T13:40:34.000,1770,4.95,,,35.0,75.0,14.39,3.41,0.0,0.0,17.8,Dispute,Demo City Service,41.845510741010514,-87.62275346531848,41.695762336910335,-87.6795993584481
demo_trip_000025,demo_taxi_0077,2024-03-13T12:55:12.000,2024-03-13T12:58:20.000,188,222.95563469166308,,,5.0,5.0,3.498282199747234,0.0,0.0,0.0,3.08,Cash,Demo Flash Cab,41.94772658854931,-87.69504255968333,41.95659397482419,-87.67450749078444
demo_trip_000026,demo_taxi_0048,2024-03-16T19:33:58.000,2024-03-16T20:09:20.000,2122,10.29,,,1.0,54.0,47.58,11.67,0.0,1.8,61.05,Mobile,Demo Flash Cab,42.02132202712422,-87.67104555736893,41.646937601218525,-87.60367725528224
demo_trip_000027,demo_taxi_0098,2024-03-23T11:02:43.000,2024-03-23T11:06:29.000,226,0.7,,,19.0,59.0,3.43,0.61,0.0,0.0,4.04,Mobile,Demo Taxi Co,41.918388428559616,-87.78092940853122,41.82901891369346,-87.67123083454045
demo_trip_000028,demo_taxi_0065,2024-03-15T15:25:45.000,2024-03-15T15:54:13.000,1708,13.51,,,69.0,59.0,50.51,0.0,0.0,0.0,50.51,Cash,Demo Sun Taxi,41.75155392770615,-87.60647812822857,41.8246608450709,-87.68359756598487
demo_trip_000029,demo_taxi_0053,2024-03-11T16:33:11.000,2024-03-11T16:52:54.000,1183,7.1,,,11.0,46.0,21.47,0.0,0.0,0.0,21.47,Credit Card,Demo City Service,41.985551551915364,-87.76675350990584,41.73516608052067,-87.53952883831309
demo_trip_000030,demo_taxi_0054,2024-03-15T02:15:03.000,2024-03-15T02:41:55.000,1612,8.55,,,59.0,10.0,33.63,5.02,0.0,0.0,38.65,Cash,Demo Sun Taxi,41.82714684702364,-87.67817765208079,41.98902505363492,-87.81093134789964
demo_trip_000031,demo_taxi_0027,2024-03-07T14:32:17.000,2024-03-07T14:58:20.000,1563,11.97,,,36.0,23.0,41.06,6.32,0.0,0.0,47.38,Credit Card,Demo City Service,41.83045972862061,-87.61002714109539,41.90723664814577,-87.70922793273444
demo_trip_000032,demo_taxi_0011,2024-03-05T11:38:51.000,2024-03-05T11:58:17.000,1166,5.15,,,23.0,69.0,17.35,0.0,0.0,2.42,19.77,Mobile,Demo City Service,41.89652368448464,-87.71238496393902,41.77314143006732,-87.60551680440798
demo_trip_000033,demo_taxi_0066,2024-03-18T12:15:30.000,2024-03-18T12:36:18.000,1248,10.93,,,1.0,54.0,29.58,0.0,0.0,0.0,29.58,Credit Card,Demo City Service,42.01615193227644,-87.67270031153177,41.66818153844642,-87.59949741870663
demo_trip_000034,demo_taxi_0106,2024-03-24T06:48:47.000,2024-03-24T07:10:24.000,1297,9.24,,,51.0,69.0,24.79,0.0,0.0,1.51,26.3,Credit Card,Demo Taxi Co,41.69662229252811,-87.57945438996805,41.76354290950353,-87.61784007863268
demo_trip_000035,demo_taxi_0007,2024-03-21T18:27:29.000,2024-03-21T18:55:32.000,1683,8.11,,,10.0,5.0,27.96,0.0,0.0,0.0,27.96,Mobile,Demo Globe Taxi,41.97504636191784,-87.79484377405204,41.94263529477517,-87.69049748766989
demo_trip_000036,demo_taxi_0102,2024-03-16T21:57:29.000,2024-03-16T22:26:45.000,1756,11.01,,,69.0,69.0,53.02,12.48,0.0,0.0,65.5,Credit Card,Demo Taxi Co,41.76228216710885,-87.5947639089734,41.769537569998725,-87.61941570409479
demo_trip_000037,demo_taxi_0099,2024-03-04T02:05:36.000,2024-03-04T02:25:14.000,1178,4.91,,,59.0,5.0,21.15,0.0,0.0,2.25,23.4,Dispute,Demo Sun Taxi,41.83420827196529,-87.6743085863226,41.935391262653795,-87.68511091514078
demo_trip_000038,demo_taxi_0033,2024-03-24T16:19:57.000,2024-03-24T16:35:59.000,962,9.24,,,59.0,5.0,40.67,4.17,0.0,0.0,44.84,Dispute,Demo Taxi Co,41.83004568525122,-87.66837263943641,41.9432499478533,-87.68887038393837
demo_trip_000039,demo_taxi_0075,2024-03-13T18:43:26.000,2024-03-13T18:48:00.000,274,1.5,,,35.0,75.0,4.63,0.87,0.0,0.0,5.5,Cash,Demo Globe Taxi,41.8435841307294,-87.61225268505792,41.680426446290305,-87.66919578976768
demo_trip_000040,demo_taxi_0019,2024-03-10T09:53:35.000,2024-03-10T10:25:24.000,1909,17.08,,,29.0,69.0,74.06,0.0,0.0,0.0,74.06,Cash,Demo Taxi Co,41.86651582194557,-87.69835141955026,41.76936938640738,-87.6162563701448
demo_trip_000041,demo_taxi_0090,2024-03-22T18:13:55.000,2024-03-22T18:25:17.000,682,6.52,,,,,22.92,4.38,0.0,2.26,29.56,Credit Card,Demo Taxi Co,41.89876929181573,-87.72853143660873,41.89775995893187,-87.73986359604851
demo_trip_000042,demo_taxi_0084,2024-03-19T16:58:22.000,2024-03-19T17:17:25.000,1143,7.13,,,69.0,69.0,18.88,0.0,0.0,0.0,18.88,Credit Card,Demo City Service,41.75214109413926,-87.61342667830141,41.75917432327842,-87.60197163329885
demo_trip_000043,demo_taxi_0042,2024-03-19T21:11:50.000,2024-03-19T21:51:33.000,2383,18.34,,,6.0,23.0,63.95,8.59,0.0,0.0,72.54,Mobile,Demo Taxi Co,41.94181759701428,-87.64044988801086,41.89413059420592,-87.73680303111949
demo_trip_000044,demo_taxi_0008,2024-03-09T23:24:32.000,2024-03-09T23:56:34.000,1922,196.0395023761944,,,59.0,10.0,2.0536973815800272,0.0,0.0,0.0,35.41,Credit Card,Demo City Service,41.82713265334639,-87.67859510524696,41.97597777373246,-87.79141412486457
demo_trip_000045,demo_taxi_0116,2024-03-24T04:18:52.000,2024-03-24T04:34:39.000,947,2.75,,,11.0,67.0,12.74,0.0,0.0,0.0,12.74,Credit Card,Demo City Service,41.97767406448085,-87.77798736809238,41.783107724161106,-87.66977387258221
demo_trip_000046,demo_taxi_0053,2024-03-13T13:25:28.000,2024-03-13T13:46:02.000,1234,11.56,,,19.0,35.0,53.18,0.0,0.0,0.95,54.13,Credit Card,Demo Sun Taxi,41.92848275450615,-87.76087044791727,41.82853505540936,-87.61644829232036
demo_trip_000047,demo_taxi_0107,2024-03-15T15:54:37.000,2024-03-15T16:09:37.000,900,5.08,,,6.0,29.0,16.35,0.0,0.0,0.0,16.35,Cash,Demo Sun Taxi,41.93838930014196,-87.66283964010212,41.852739925631404,-87.71521489297812
demo_trip_000048,demo_taxi_0081,2024-03-19T07:43:19.000,2024-03-19T08:09:29.000,1570,14.02,,,11.0,75.0,56.5,13.56,0.0,0.0,70.06,Cash,Demo Flash Cab,41.9703598089819,-87.75877428312049,41.688910225822305,-87.67440708388142
demo_trip_000049,demo_taxi_0093,2024-03-17T10:47:38.000,2024-03-17T10:56:17.000,519,3.71,,,10.0,11.0,12.65,0.0,0.0,0.0,12.65,Credit Card,Demo City Service,41.98632577044997,-87.80646872619236,41.98503457422601,-87.77625983465568
demo_trip_000050,demo_taxi_0091,2024-03-07T23:15:19.000,2024-03-07T23:53:33.000,2294,6.91,,,11.0,46.0,19.94,0.0,0.0,0.0,19.94,Credit Card,Demo City Service,41.97399818602064,-87.75718215740697,41.74125167677283,-87.53379460670344
demo_trip_000051,demo_taxi_0023,2024-03-10T01:56:36.000,2024-03-10T02:36:07.000,2371,12.69,,,6.0,69.0,52.33,0.0,0.0,1.24,53.57,Mobile,Demo City Service,41.94244182785438,-87.6634723976018,41.766341857106994,-87.60538185990289
demo_trip_000052,demo_taxi_0043,2024-03-11T13:26:47.000,2024-03-11T13:40:49.000,842,3.11,,,34.0,48.0,13.68,3.05,0.0,0.0,16.73,Credit Card,Demo City Service,41.84657353624804,-87.63824911183977,41.73682482424859,-87.56568144691212
demo_trip_000053,demo_taxi_0056,2024-03-23T19:39:26.000,2024-03-23T19:50:57.000,691,2.42,,,1.0,75.0,10.74,2.45,0.0,0.0,13.19,Credit Card,Demo Sun Taxi,42.00781193811502,-87.67856095799061,41.694729803113574,-87.68241534613539
demo_trip_000054,demo_taxi_0059,2024-03-19T10:41:25.000,2024-03-19T11:04:22.000,1377,10.45,,,59.0,36.0,30.02,4.06,0.0,0.0,34.08,Credit Card,Demo Taxi Co,41.83164899510663,-87.66888994009969,41.8193877144002,-87.6022609540872
demo_trip_000055,demo_taxi_0005,2024-03-11T14:39:19.000,2024-03-11T15:06:14.000,1615,3.95,,,11.0,48.0,14.94,0.0,0.0,0.0,14.94,Cash,Demo Globe Taxi,41.98464126340793,-87.76588138266659,41.73416539605738,-87.56338271972645
demo_trip_000056,demo_taxi_0065,2024-03-19T22:36:43.000,2024-03-19T23:03:31.000,1608,15.22,,,75.0,13.0,38.96,0.0,0.0,2.46,41.42,Credit Card,Demo City Service,41.68524320400809,-87.66691068531064,41.99321679907233,-87.72310833146206
demo_trip_000057,demo_taxi_0018,2024-03-19T13:28:35.000,2024-03-19T13:33:08.000,273,1.53,,,35.0,19.0,4.17,0.0,0.0,0.0,4.17,Credit Card,Demo Flash Cab,41.8403323883197,-87.62302285317995,41.93673557512395,-87.77268293380824
demo_trip_000058,demo_taxi_0089,2024-03-12T07:38:30.000,2024-03-12T08:07:48.000,1758,10.36,,,46.0,23.0,28.0,0.0,0.0,0.95,28.95,Cash,Demo Globe Taxi,41.73618584594706,-87.56277556433075,41.90878504487656,-87.70909797386118
demo_trip_000059,demo_taxi_0081,2024-03-12T04:54:01.000,2024-03-12T04:59:28.000,327,1.46,,,1.0,6.0,3.86,0.0,0.0,0.0,3.86,Credit Card,Demo Globe Taxi,42.01806473540517,-87.66587361543424,41.94541068238676,-87.66208733271972
demo_trip_000060,demo_taxi_0110,2024-03-22T21:23:06.000,2024-03-22T21:38:45.000,939,2.69,,,51.0,10.0,8.97,0.0,0.0,0.0,8.97,Dispute,Demo Taxi Co,41.714183033669954,-87.56199316629039,41.99533573789287,-87.81286944607919
demo_trip_000061,demo_taxi_0089,2024-03-15T09:30:00.000,2024-03-15T09:59:31.000,1771,11.75,,,54.0,5.0,39.88,8.53,0.0,0.0,48.41,Mobile,Demo City Service,41.65344330452255,-87.59411512969913,41.95717847012444,-87.67937561170469
demo_trip_000062,demo_taxi_0043,2024-03-07T14:10:51.000,2024-03-07T14:46:40.000,2149,265.66348875915054,,,5.0,19.0,2.7682388047292354,0.0,0.0,0.0,43.85,Cash,Demo Taxi Co,41.9381672562466,-87.68633179478041,41.93756844392564,-87.75421835836892
demo_trip_000063,demo_taxi_0116,2024-03-19T06:21:51.000,2024-03-19T06:48:21.000,1590,10.98,,,29.0,46.0,36.51,0.0,0.0,2.16,38.67,Credit Card,Demo Sun Taxi,41.86064829891799,-87.72650125860473,41.74301209443417,-87.55516529589823
demo_trip_000064,demo_taxi_0049,2024-03-16T12:46:04.000,2024-03-16T12:54:58.000,534,3.41,,,48.0,48.0,9.72,2.05,0.0,0.0,11.77,Credit Card,Demo City Service,41.72800347149386,-87.58043383858454,41.73361452043854,-87.56789997767926
demo_trip_000065,demo_taxi_0039,2024-03-14T21:38:02.000,2024-03-14T22:06:11.000,1689,6.5,,,11.0,46.0,31.64,4.64,0.0,0.0,36.28,Cash,Demo City Service,41.97758555979019,-87.77393999789433,41.74796899056317,-87.55239276213227
demo_trip_000066,demo_taxi_0108,2024-03-19T14:12:46.000,2024-03-19T14:17:08.000,262,1.49,,,48.0,29.0,6.99,0.97,0.0,0.0,7.96,Credit Card,Demo Sun Taxi,41.736808063338344,-87.57405693483072,41.85973452841862,-87.70793270788047
demo_trip_000067,demo_taxi_0044,2024-03-23T22:32:31.000,2024-03-23T22:44:03.000,692,3.14,,,,,8.83,0.0,0.0,0.57,9.4,Cash,Demo Sun Taxi,41.95001581290973,-87.68116287039902,41.982202418248384,-87.77997109925774
demo_trip_000068,,2024-03-10T09:48:18.000,2024-03-10T09:55:52.000,454,1.83,,,35.0,69.0,6.23,1.26,0.0,0.0,7.49,Credit Card,Demo City Service,41.82506856389026,-87.62350157764986,41.75333485729856,-87.61786407936854
demo_trip_000069,demo_taxi_0056,2024-03-12T14:07:36.000,2024-03-12T14:47:02.000,2366,18.92,,,23.0,1.0,55.25,11.65,0.0,0.0,66.9,Cash,Demo Flash Cab,41.90901492722389,-87.72075601914196,42.01897451445559,-87.66998685346829
demo_trip_000070,demo_taxi_0095,2024-03-07T20:03:14.000,2024-03-07T20:19:51.000,997,2.3,,,54.0,69.0,11.26,1.65,0.0,0.0,12.91,Credit Card,Demo Globe Taxi,41.67720555672956,-87.60729086773901,41.76106947348809,-87.61259319669222
demo_trip_000071,demo_taxi_0022,2024-03-17T13:23:11.000,2024-03-17T13:46:50.000,1419,6.01,,,6.0,19.0,20.37,0.0,0.0,0.0,20.37,Cash,Demo City Service,41.93637196359222,-87.66230589265037,41.9177878268125,-87.7452421496296
demo_trip_000072,demo_taxi_0055,2024-03-12T09:39:22.000,2024-03-12T10:11:37.000,1935,12.01,,,29.0,1.0,32.97,0.0,0.0,0.0,32.97,Credit Card,Demo Taxi Co,41.86223344685744,-87.69059633852524,42.008922336216884,-87.67481499440221
demo_trip_000073,demo_taxi_0015,2024-03-11T20:18:53.000,2024-03-11T20:57:45.000,2332,13.51,,,35.0,11.0,58.32,0.0,0.0,0.0,58.32,Credit Card,Demo Globe Taxi,41.828284856246725,-87.62367177270568,41.97695414367117,-87.78128438293011
demo_trip_000074,demo_taxi_0082,2024-03-18T12:49:46.000,2024-03-18T13:29:35.000,2389,22.15,,,1.0,10.0,94.79,0.0,0.0,0.0,94.79,Cash,Demo City Service,42.000723685617494,-87.65775414831646,41.98901783772125,-87.78156375857957
demo_trip_000075,demo_taxi_0057,2024-03-12T15:50:11.000,2024-03-12T15:59:15.000,544,4.65,,,48.0,59.0,14.43,2.38,0.0,0.0,16.81,Cash,Demo Taxi Co,41.72803639678505,-87.56214659440654,41.82478942453515,-87.65980242659641
demo_trip_000076,demo_taxi_0039,2024-03-13T22:31:33.000,2024-03-13T22:49:07.000,1054,8.28,,,,,27.35,5.77,0.0,0.0,33.12,Unknown,Demo Sun Taxi,41.82565758248679,-87.65787144914437,41.72727949243747,-87.5792512241917
demo_trip_000077,demo_taxi_0027,2024-03-13T08:22:53.000,2024-03-13T08:40:52.000,1079,6.56,,,46.0,6.0,23.21,0.0,0.0,0.0,23.21,Credit Card,Demo City Service,41.74977417352518,-87.54095210292243,41.94165230889117,-87.65535722141429
demo_trip_000078,demo_taxi_0067,2024-03-09T09:02:57.000,2024-03-09T09:35:24.000,1947,10.59,,,10.0,46.0,33.56,0.0,0.0,0.0,33.56,Credit Card,Demo City Service,41.9752239251091,-87.79617777686667,41.73446734368737,-87.53823492625801
demo_trip_000079,demo_taxi_0080,2024-03-06T02:49:45.000,2024-03-06T03:05:10.000,925,2.31,,,51.0,35.0,7.44,0.0,0.0,0.0,7.44,Cash,Demo Taxi Co,41.675311685920924,-87.5561135408879,41.83350793208849,-87.62459198500021
demo_trip_000080,demo_taxi_0112,2024-03-21T12:53:07.000,2024-03-21T13:04:40.000,693,245.61061201221298,,,51.0,11.0,3.5947175834721325,5.91,0.0,0.0,32.08,Credit Card,Demo City Service,41.695887834833286,-87.55655335137266,41.96788514131907,-87.76554424966434
demo_trip_000081,demo_taxi_0052,2024-03-05T08:26:14.000,2024-03-05T08:57:10.000,1856,10.12,,,29.0,13.0,44.32,0.0,0.0,0.0,44.32,Mobile,Demo Flash Cab,41.86402510527208,-87.68927418385816,41.977889420448925,-87.71201355483262
demo_trip_000082,demo_taxi_0019,2024-03-10T17:30:13.000,2024-03-10T17:51:32.000,1279,5.92,,,34.0,5.0,25.05,5.28,0.0,0.0,30.33,Credit Card,Demo Flash Cab,41.84915342138936,-87.63762960633939,41.950098329579156,-87.68913219180345
demo_trip_000083,demo_taxi_0099,2024-03-18T08:45:09.000,2024-03-18T09:15:48.000,1839,12.45,,,5.0,1.0,52.5,0.0,0.0,0.0,52.5,Mobile,Demo City Service,41.94164585455312,-87.67509934087153,42.00825509745042,-87.66707770803393
demo_trip_000084,demo_taxi_0075,2024-03-06T17:41:10.000,2024-03-06T17:58:13.000,1023,8.06,,,34.0,51.0,30.67,0.0,0.0,0.0,30.67,Cash,Demo Sun Taxi,41.843880735342054,-87.63687556234987,41.67438863953528,-87.55778476769986
demo_trip_000085,demo_taxi_0084,2024-03-17T09:08:18.000,2024-03-17T09:29:18.000,1260,7.74,,,34.0,36.0,26.14,0.0,0.0,0.0,26.14,Credit Card,Demo Sun Taxi,41.854872967408134,-87.63795195009074,41.81703428162339,-87.5981231684243
demo_trip_000086,demo_taxi_0011,2024-03-19T11:40:33.000,2024-03-19T11:43:53.000,200,0.67,,,10.0,29.0,2.88,0.0,0.0,0.0,2.88,Credit Card,Demo Globe Taxi,41.976933899995906,-87.81608175014556,41.866963197858006,-87.71845507530178
demo_trip_000087,demo_taxi_0037,2024-03-17T11:55:23.000,2024-03-17T11:58:58.000,215,1.96,,,23.0,46.0,5.47,0.0,0.0,0.0,5.47,Cash,Demo City Service,41.91259477812325,-87.70438593053368,41.74259407934049,-87.55256691606441
demo_trip_000088,demo_taxi_0092,2024-03-10T17:45:25.000,2024-03-10T17:48:25.000,180,0.0,,,34.0,36.0,1.57,0.0,0.0,0.0,1.57,Cash,Demo Sun Taxi,41.83779419727312,-87.6336244978961,41.82584614323301,-87.59845126231161
demo_trip_000089,demo_taxi_0099,2024-03-04T13:28:14.000,2024-03-04T13:37:42.000,568,5.39,,,69.0,23.0,15.18,0.0,0.0,0.0,15.18,Credit Card,Demo Globe Taxi,41.759731921470525,-87.60769879822594,41.90187401034864,-87.70995946129491
demo_trip_000090,demo_taxi_0052,2024-03-22T11:31:09.000,2024-03-22T11:47:00.000,951,5.27,,,29.0,23.0,22.83,5.03,0.0,0.0,27.86,Cash,Demo Globe Taxi,41.85557163069056,-87.70331885569625,41.90653464362264,-87.72129968496985
demo_trip_000091,demo_taxi_0096,2024-03-10T19:15:59.000,2024-03-10T19:20:50.000,291,2.71,,,54.0,23.0,10.78,1.17,0.0,0.0,11.95,Cash,Demo Flash Cab,41.66390035914696,-87.6111243844184,41.89236816682659,-87.70711692081629
demo_trip_000092,demo_taxi_0101,2024-03-20T15:39:35.000,2024-03-20T15:48:31.000,536,4.87,,,10.0,1.0,17.66,0.0,0.0,0.0,17.66,Cash,Demo City Service,41.97241223819265,-87.79238272000991,42.008695483836355,-87.6654947677028
demo_trip_000093,demo_taxi_0046,2024-03-08T08:14:13.000,2024-03-08T08:48:33.000,2060,10.85,,,54.0,54.0,40.04,0.0,0.0,0.0,40.04,Cash,Demo Globe Taxi,41.68497855908371,-87.6047679025544,41.65208306047211,-87.6014170460289
demo_trip_000094,demo_taxi_0107,2024-03-07T20:20:48.000,2024-03-07T20:20:48.000,0,0.0,,,75.0,67.0,78.04,0.0,0.0,0.0,78.04,Mobile,Demo Sun Taxi,41.688921450337084,-87.68490995497709,41.688921450337084,-87.68490995497709
demo_trip_000095,demo_taxi_0034,2024-03-20T10:15:49.000,2024-03-20T10:29:32.000,823,2.38,,,36.0,67.0,6.67,0.0,0.0,0.0,6.67,Cash,Demo City Service,41.82305092601991,-87.60636351114725,41.763357811252,-87.66597017801001
demo_trip_000096,demo_taxi_0028,2024-03-23T03:20:58.000,2024-03-23T03:58:59.000,2281,6.48,,,67.0,51.0,22.41,5.55,0.0,0.0,27.96,Credit Card,Demo Flash Cab,41.79193072275791,-87.6780407106193,41.665643808119356,-87.56866217875101
demo_trip_000097,demo_taxi_0081,2024-03-22T14:22:09.000,2024-03-22T14:29:30.000,441,2.16,,,48.0,69.0,9.5,0.0,0.0,0.79,10.29,Credit Card,Demo Sun Taxi,41.72571821215726,-87.55228641890984,41.762808268020954,-87.62367756968948
demo_trip_000098,demo_taxi_0076,2024-03-19T07:04:38.000,2024-03-19T07:08:47.000,249,1.69,,,51.0,29.0,7.0,0.0,0.0,0.0,7.0,Credit Card,Demo Sun Taxi,41.69592814652352,-87.56014612604436,41.856141470219285,-87.69402640172002
demo_trip_000099,demo_taxi_0016,2024-03-09T08:43:58.000,2024-03-09T09:00:04.000,966,2.21,,,69.0,48.0,7.93,1.54,0.0,0.0,9.47,Credit Card,Demo City Service,41.766165881051165,-87.60159396608138,41.73536843293125,-87.56562114380323
demo_trip_000100,demo_taxi_0099,2024-03-23T18:26:48.000,2024-03-23T18:39:35.000,767,4.67,,,59.0,23.0,14.29,2.17,0.0,0.0,16.46,Credit Card,Demo Taxi Co,41.833263116547485,-87.68144144985122,41.91088719004228,-87.72019054793444
demo_trip_000101,demo_taxi_0023,2024-03-18T07:56:13.000,2024-03-18T08:02:04.000,351,3.35,,,51.0,23.0,16.3,3.59,0.0,0.0,19.89,Cash,Demo Taxi Co,41.70349562684601,-87.58922922738125,41.89734531031161,-87.73460936245766
demo_trip_000102,demo_taxi_0096,2024-03-07T19:10:53.000,2024-03-07T19:45:14.000,2061,17.85,,,1.0,67.0,62.83,0.0,0.0,0.53,63.36,Credit Card,Demo Flash Cab,42.00070611820312,-87.65973131864176,41.77812908823391,-87.67723349118633
demo_trip_000103,demo_taxi_0000,2024-03-06T21:40:25.000,2024-03-06T22:19:38.000,2353,9.33,,,69.0,46.0,43.8,6.41,0.0,0.0,50.21,Cash,Demo Flash Cab,41.77454801086553,-87.62076662508427,41.7318171114345,-87.54734384621209
demo_trip_000104,demo_taxi_0095,2024-03-22T16:10:29.000,2024-03-22T16:23:29.000,780,4.82,,,36.0,69.0,21.42,0.0,0.0,0.0,21.42,Credit Card,Demo City Service,41.82505809285168,-87.60927303604771,41.76603204618575,-87.59539176850846
demo_trip_000105,demo_taxi_0094,2024-03-09T17:32:33.000,2024-03-09T17:47:12.000,879,3.08,,,10.0,54.0,14.33,3.31,0.0,0.0,17.64,Credit Card,Demo Globe Taxi,41.98057596131587,-87.79711731835567,41.66004930900668,-87.6025708664902
demo_trip_000106,demo_taxi_0093,2024-03-20T17:29:46.000,2024-03-20T17:59:20.000,1774,7.44,,,34.0,23.0,18.91,3.97,0.0,1.49,24.37,Credit Card,Demo Sun Taxi,41.84106036431932,-87.63145611482896,41.89247653780075,-87.7396681934474
demo_trip_000107,demo_taxi_0079,2024-03-06T23:26:07.000,2024-03-07T00:03:38.000,2251,20.58,,,46.0,51.0,76.01,9.58,0.0,0.0,85.59,Cash,Demo Taxi Co,41.72737685128322,-87.54728759621392,41.69040540319533,-87.55358310758284
demo_trip_000108,demo_taxi_0056,2024-03-09T10:39:32.000,2024-03-09T10:53:08.000,816,7.92,,,48.0,5.0,24.94,5.63,0.0,0.0,30.57,Credit Card,Demo Flash Cab,41.72550528607193,-87.55523398216077,41.93468629118583,-87.67441334486142
demo_trip_000109,demo_taxi_0084,2024-03-09T07:49:49.000,2024-03-09T08:18:04.000,1695,6.85,,,5.0,11.0,21.82,0.0,0.0,0.0,21.82,Credit Card,Demo Flash Cab,41.95555233412806,-87.68450941602514,41.98906386489524,-87.7662197220553
demo_trip_000110,demo_taxi_0033,2024-03-09T14:19:32.000,2024-03-09T14:23:23.000,231,0.88,,,54.0,36.0,2.79,0.0,0.0,0.0,2.79,Cash,Demo Globe Taxi,41.64939310025091,-87.59202122709013,41.82452480120586,-87.5999077632706
demo_trip_000111,demo_taxi_0093,2024-03-18T15:50:16.000,2024-03-18T16:14:12.000,1436,7.33,,,5.0,54.0,25.46,0.0,0.0,0.0,25.46,Credit Card,Demo Sun Taxi,41.93693617958792,-87.67580834506526,41.67105657104147,-87.60103881657773
demo_trip_000112,demo_taxi_0066,2024-03-23T08:11:03.000,2024-03-23T08:50:34.000,2371,13.2,,,35.0,67.0,46.55,0.0,0.0,0.0,46.55,Credit Card,Demo Sun Taxi,41.8435440163442,-87.62528193748936,41.764164095849964,-87.67158362905144
demo_trip_000113,demo_taxi_0055,2024-03-23T16:17:32.000,2024-03-23T16:38:07.000,1235,3.57,,,11.0,6.0,14.58,2.94,0.0,0.0,17.52,Credit Card,Demo City Service,41.97871404853826,-87.77086665613044,41.95046522471546,-87.66384042992738
demo_trip_000114,demo_taxi_0060,2024-03-19T01:18:42.000,2024-03-19T01:45:26.000,1604,5.34,,,13.0,6.0,17.36,0.0,0.0,0.63,17.99,Credit Card,Demo Sun Taxi,41.99689090808742,-87.72377604767436,41.93334006450107,-87.67060703462471
demo_trip_000115,demo_taxi_0068,2024-03-08T21:57:32.000,2024-03-08T22:25:57.000,1705,9.22,,,75.0,11.0,29.34,0.0,0.0,0.0,29.34,Credit Card,Demo Globe Taxi,41.69388687049603,-87.68948487564897,41.97127047902776,-87.78574953141987
demo_trip_000116,demo_taxi_0004,2024-03-24T09:07:58.000,2024-03-24T09:34:21.000,1583,6.31,,,46.0,35.0,21.46,0.0,0.0,0.0,21.46,Credit Card,Demo Globe Taxi,41.74056898915495,-87.55983592589322,41.84196234876282,-87.61826494734967
demo_trip_000117,demo_taxi_0016,2024-03-15T03:23:36.000,2024-03-15T03:51:59.000,1703,14.58,,,10.0,75.0,61.47,0.0,0.0,0.0,61.47,Cash,Demo City Service,41.98826427390584,-87.79924398645662,41.686086584954396,-87.67753074871416
demo_trip_000118,demo_taxi_0029,2024-03-15T06:25:30.000,2024-03-15T07:01:18.000,2148,16.88,,,11.0,67.0,42.21,8.2,0.0,0.0,50.41,Cash,Demo Taxi Co,41.980207229672345,-87.77353736470509,41.768672162924325,-87.6642207940371
demo_trip_000119,demo_taxi_0013,2024-03-18T08:48:03.000,2024-03-18T08:51:26.000,203,1.27,,,6.0,51.0,5.55,0.96,0.0,0.0,6.51,Mobile,Demo City Service,41.94893230081087,-87.65234421816979,41.68416691337391,-87.57609197211241
demo_trip_000120,demo_taxi_0052,2024-03-20T09:29:33.000,2024-03-20T10:05:16.000,2143,11.72,,,59.0,51.0,39.23,8.24,0.0,0.0,47.47,Mobile,Demo Sun Taxi,41.82799198383497,-87.68405667461347,41.68430163891518,-87.58150948800322
demo_trip_000121,demo_taxi_0080,2024-03-24T03:58:10.000,2024-03-24T04:34:45.000,2195,18.56,,,19.0,1.0,73.14,0.0,0.0,0.52,73.66,Credit Card,Demo Globe Taxi,41.923541290009695,-87.7822719333365,42.00032115599716,-87.6674043873481
demo_trip_000122,demo_taxi_0078,2024-03-16T09:44:43.000,2024-03-16T10:21:09.000,2186,7.58,,,6.0,6.0,33.38,0.0,0.0,0.0,33.38,Credit Card,Demo Globe Taxi,41.94892010123549,-87.65527579831571,41.960581332161595,-87.66764856650323
demo_trip_000123,demo_taxi_0056,2024-03-16T08:42:09.000,2024-03-16T08:58:45.000,996,8.84,,,51.0,5.0,33.39,0.0,0.0,1.15,34.54,Mobile,Demo Globe Taxi,41.68731528924864,-87.56195638764584,41.945549342454,-87.69389648043524
demo_trip_000124,demo_taxi_0102,2024-03-19T11:45:54.000,2024-03-19T12:10:28.000,1474,3.82,,,48.0,36.0,15.73,1.62,0.0,0.0,17.35,Credit Card,Demo Sun Taxi,41.73283564986799,-87.5731094634149,41.82811230401319,-87.60731859028249
demo_trip_000125,demo_taxi_0067,2024-03-09T11:09:18.000,2024-03-09T11:25:22.000,964,8.82,,,1.0,48.0,42.33,0.0,0.0,0.0,42.33,Cash,Demo Flash Cab,42.01693811091874,-87.6681800630884,41.72759217080765,-87.56361135203254
demo_trip_000126,demo_taxi_0009,2024-03-10T10:26:26.000,2024-03-10T11:00:31.000,2045,6.67,,,35.0,11.0,17.17,0.0,0.0,0.0,17.17,Cash,Demo Sun Taxi,41.82741704738243,-87.61623150833897,41.97124760462891,-87.75526379638836
demo_trip_000127,demo_taxi_0091,2024-03-17T10:35:08.000,2024-03-17T10:53:10.000,1082,8.99,,,51.0,36.0,30.33,3.79,0.0,0.0,34.12,Cash,Demo Globe Taxi,41.713163224689445,-87.56678593825917,41.825774207756034,-87.60681724437143
demo_trip_000128,demo_taxi_0068,2024-03-05T06:12:12.000,2024-03-05T06:26:46.000,874,2.06,,,10.0,54.0,9.92,2.09,0.0,0.0,12.01,Credit Card,Demo Flash Cab,41.9918913560019,-87.78486669055746,41.662198833937104,-87.59708743905233
demo_trip_000129,demo_taxi_0076,2024-03-10T02:07:55.000,2024-03-10T02:36:16.000,1701,14.18,,,67.0,54.0,65.14,0.0,0.0,0.0,65.14,Credit Card,Demo Flash Cab,41.775908434903755,-87.66201991279836,41.64877563535717,-87.590641423992
demo_trip_000130,demo_taxi_0067,2024-03-19T08:08:17.000,2024-03-19T08:13:06.000,289,1.91,,,23.0,11.0,7.72,0.0,0.0,1.89,9.61,Credit Card,Demo Globe Taxi,41.89550629170799,-87.7096633604158,41.979741783380085,-87.76908816996053
demo_trip_000131,demo_taxi_0066,2024-03-24T18:47:30.000,2024-03-24T19:04:24.000,1014,2.4,,,6.0,10.0,7.38,1.45,0.0,0.0,8.83,Credit Card,Demo Taxi Co,41.956588071720866,-87.67010871075527,41.982888615500364,-87.79660467913519
demo_trip_000132,demo_taxi_0010,2024-03-14T23:39:58.000,2024-03-14T23:50:35.000,637,5.11,,,67.0,6.0,17.0,3.5,0.0,2.46,22.96,Credit Card,Demo Flash Cab,41.78894205273749,-87.6553943744517,41.938770647403906,-87.6418542243709
demo_trip_000133,demo_taxi_0067,2024-03-12T21:16:37.000,2024-03-12T21:33:26.000,1009,3.01,,,29.0,59.0,13.98,3.29,0.0,0.0,17.27,Cash,Demo Flash Cab,41.86698736390467,-87.72540926580842,41.82508616559899,-87.66685641030824
demo_trip_000134,demo_taxi_0095,2024-03-13T14:44:02.000,2024-03-13T15:03:38.000,1176,7.38,,,34.0,69.0,31.33,0.0,0.0,0.0,31.33,Credit Card,Demo Sun Taxi,41.85664122955346,-87.63411196817354,41.759812451303816,-87.6338823083759
demo_trip_000135,demo_taxi_0036,2024-03-18T15:41:21.000,2024-03-18T15:46:41.000,320,1.51,,,46.0,35.0,4.85,0.0,0.0,0.0,4.85,Credit Card,Demo Flash Cab,41.740656938100024,-87.56468561501684,41.83762210442145,-87.6214440449108
demo_trip_000136,demo_taxi_0072,2024-03-15T10:48:23.000,2024-03-15T11:23:22.000,2099,16.62,,,5.0,54.0,47.04,9.7,0.0,0.0,56.74,Credit Card,Demo Taxi Co,41.93908390915717,-87.67828884274037,41.67360407323217,-87.60443415781157
demo_trip_000137,demo_taxi_0003,2024-03-04T18:54:16.000,2024-03-04T19:12:40.000,1104,9.52,,,48.0,51.0,42.38,0.0,0.0,1.86,44.24,Dispute,Demo City Service,41.73425573971918,-87.57446298445481,41.6592478643123,-87.58111665591713
demo_trip_000138,demo_taxi_0041,2024-03-15T18:52:14.000,2024-03-15T18:52:14.000,0,5.57,,,75.0,5.0,21.95,0.0,0.0,0.0,21.95,Credit Card,Demo Flash Cab,41.68573669025077,-87.6786317906675,41.68573669025077,-87.6786317906675
demo_trip_000139,demo_taxi_0052,2024-03-12T19:10:30.000,2024-03-12T19:19:01.000,511,4.04,,,11.0,59.0,19.83,3.34,0.0,0.0,23.17,Credit Card,Demo Flash Cab,41.96825260802915,-87.75745226789628,41.826316102247674,-87.6744946139603
demo_trip_000140,demo_taxi_0117,2024-03-18T20:46:22.000,2024-03-18T21:26:12.000,2390,21.74,,,67.0,36.0,76.44,9.92,0.0,0.0,86.36,Cash,Demo Globe Taxi,41.78248208139183,-87.66850216552315,41.830523042906975,-87.60432474257607
demo_trip_000141,demo_taxi_0025,2024-03-22T12:23:17.000,2024-03-22T12:57:56.000,2079,15.37,,,35.0,13.0,51.84,10.76,0.0,1.52,64.12,Credit Card,Demo Globe Taxi,41.84114653707039,-87.62695521856585,41.989700717883736,-87.73063318208189
demo_trip_000142,demo_taxi_0033,2024-03-24T18:24:24.000,2024-03-24T18:45:13.000,1249,5.79,,,36.0,34.0,18.68,3.84,0.0,0.0,22.52,Credit Card,Demo City Service,41.81813709740042,-87.59334217590396,41.84717399647532,-87.6388897692144
demo_trip_000143,demo_taxi_0049,2024-03-16T19:38:20.000,2024-03-16T19:53:42.000,922,5.25,,,36.0,46.0,19.45,0.0,0.0,0.0,19.45,Credit Card,Demo Taxi Co,41.83098929734851,-87.60949320475396,41.7454045987254,-87.57665122884111
demo_trip_000144,demo_taxi_0119,2024-03-11T10:36:13.000,2024-03-11T10:56:30.000,1217,0.0,,,51.0,19.0,15.87,0.0,0.0,0.0,15.87,Unknown,Demo Sun Taxi,41.664272026804994,-87.59011661554348,41.931587605979594,-87.77239652206175
demo_trip_000145,demo_taxi_0102,2024-03-13T21:25:27.000,2024-03-13T22:04:00.000,2313,13.09,,,5.0,67.0,35.12,0.0,0.0,0.0,35.12,Cash,Demo City Service,41.95837963221868,-87.67447640627908,41.781200977332446,-87.67416781356862
demo_trip_000146,demo_taxi_0004,2024-03-07T06:59:56.000,2024-03-07T07:11:07.000,671,2.73,,,5.0,54.0,8.96,1.53,0.0,0.0,10.49,Cash,Demo Sun Taxi,41.948383831118136,-87.68144669161973,41.65165042905481,-87.61505242436749
demo_trip_000147,demo_taxi_0028,2024-03-23T23:10:30.000,2024-03-23T23:38:49.000,1699,14.06,,,1.0,69.0,42.84,0.0,0.0,0.0,42.84,Mobile,Demo Sun Taxi,42.019118334522965,-87.66483720240498,41.761651522314914,-87.61052786296527
demo_trip_000148,demo_taxi_0098,2024-03-21T18:05:35.000,2024-03-21T18:42:00.000,2185,14.85,,,11.0,46.0,67.4,16.43,0.0,0.0,83.83,Cash,Demo Taxi Co,41.982613879448486,-87.76489979788123,41.744980810666284,-87.54258899898277
demo_trip_000149,demo_taxi_0006,2024-03-21T06:01:59.000,2024-03-21T06:32:57.000,1858,12.95,,,10.0,34.0,40.0,5.24,0.0,0.0,45.24,Credit Card,Demo Sun Taxi,41.98572129757263,-87.81370805964355,41.84857283464067,-87.63462726358296
demo_trip_000150,demo_taxi_0102,2024-03-10T17:48:36.000,2024-03-10T18:23:47.000,2111,6.44,,,11.0,54.0,23.49,4.56,0.0,0.0,28.05,Cash,Demo Flash Cab,41.978354437545484,-87.76952693516108,41.653615167719636,-87.5889132017264
demo_trip_000151,demo_taxi_0033,2024-03-10T03:24:13.000,2024-03-10T04:02:17.000,2284,5.1,,,69.0,29.0,21.33,0.0,0.0,0.0,21.33,Cash,Demo Globe Taxi,41.77676976065579,-87.61847933068935,41.852369469506584,-87.72626848942818
demo_trip_000152,demo_taxi_0110,2024-03-21T18:26:23.000,2024-03-21T18:26:23.000,0,2.55,,,59.0,10.0,7.33,0.0,0.0,0.0,7.33,Credit Card,Demo Globe Taxi,41.82336736185705,-87.67439825962269,41.82336736185705,-87.67439825962269
demo_trip_000153,demo_taxi_0035,2024-03-15T19:38:29.000,2024-03-15T19:50:19.000,710,4.47,,,19.0,46.0,17.11,0.0,0.0,0.0,17.11,Cash,Demo Globe Taxi,41.9196895694415,-87.77677848414355,41.74255766778038,-87.54489495559257
demo_trip_000154,demo_taxi_0052,2024-03-18T16:26:28.000,2024-03-18T16:34:48.000,500,4.6,,,13.0,29.0,21.24,0.0,0.0,0.0,21.24,Credit Card,Demo Flash Cab,41.983311111130476,-87.71316599568628,41.86244871407164,-87.700063507449
demo_trip_000155,demo_taxi_0079,2024-03-14T20:34:08.000,2024-03-14T20:58:07.000,1439,9.0,,,54.0,23.0,35.64,4.1,0.0,0.0,39.74,Credit Card,Demo Flash Cab,41.678333199165984,-87.60856036455952,41.893047534606325,-87.73489902151611
demo_trip_000156,demo_taxi_0015,2024-03-13T06:03:06.000,2024-03-13T06:21:10.000,1084,4.15,,,6.0,54.0,15.38,1.9,0.0,0.0,17.28,Credit Card,Demo City Service,41.93744687972412,-87.67313970795955,41.68355089104723,-87.60769412431581
demo_trip_000157,demo_taxi_0066,2024-03-17T09:09:20.000,2024-03-17T09:13:50.000,270,2.01,,,36.0,11.0,9.24,0.0,0.0,0.0,9.24,Credit Card,Demo Flash Cab,41.81773675555014,-87.59334092938421,41.96855424599094,-87.78300325812107
demo_trip_000158,demo_taxi_0060,2024-03-21T12:55:54.000,2024-03-21T13:19:31.000,1417,10.6,,,11.0,48.0,51.6,0.0,0.0,0.0,51.6,Unknown,Demo Sun Taxi,41.99537700843865,-87.78068911098154,41.73423444285006,-87.57533820414045
demo_trip_000159,demo_taxi_0094,2024-03-11T04:27:43.000,2024-03-11T04:34:26.000,403,1.09,,,6.0,23.0,4.96,0.0,0.0,0.0,4.96,Cash,Demo Taxi Co,41.9477721831869,-87.64762213199046,41.90972030746357,-87.7189606623467
demo_trip_000160,demo_taxi_0119,2024-03-20T13:10:50.000,2024-03-20T13:28:54.000,1084,8.05,,,36.0,34.0,28.34,3.98,0.0,2.9,35.22,Credit Card,Demo Sun Taxi,41.83011950165169,-87.60935858878139,41.84666575347892,-87.63213311805373
demo_trip_000161,demo_taxi_0079,2024-03-09T09:22:10.000,2024-03-09T09:38:43.000,993,3.79,,,1.0,10.0,15.27,0.0,0.0,0.0,15.27,Cash,Demo Sun Taxi,41.99811211123705,-87.66789913301224,41.99174781172324,-87.80717277720343
demo_trip_000162,demo_taxi_0049,2024-03-12T12:20:24.000,2024-03-12T12:56:27.000,2163,8.94,,,1.0,48.0,34.12,5.69,0.0,0.0,39.81,Cash,Demo Taxi Co,42.01746177465868,-87.6841027812687,41.734506938989036,-87.586978437756
demo_trip_000163,demo_taxi_0048,2024-03-23T12:16:34.000,2024-03-23T12:44:49.000,1695,4.17,,,5.0,10.0,13.59,2.84,0.0,0.0,16.43,Credit Card,Demo City Service,41.949769786080005,-87.69305624789719,41.971506038387446,-87.8183098641686
demo_trip_000164,demo_taxi_0050,2024-03-24T20:17:26.000,2024-03-24T20:43:31.000,1565,10.84,,,11.0,54.0,38.9,8.96,0.0,2.05,49.91,Cash,Demo City Service,41.97592522471246,-87.76391482244694,41.671283584160065,-87.6086352161351
demo_trip_000165,demo_taxi_0097,2024-03-23T09:43:25.000,2024-03-23T10:17:11.000,2026,15.62,,,75.0,34.0,71.43,10.59,0.0,0.0,82.02,Cash,Demo Flash Cab,41.68165214968089,-87.66530777246864,41.8547099058031,-87.63686988513655
demo_trip_000166,demo_taxi_0038,2024-03-10T20:06:21.000,2024-03-10T20:16:01.000,580,2.29,,,13.0,6.0,7.45,0.0,0.0,0.0,7.45,Credit Card,Demo Sun Taxi,41.98534057219444,-87.73552211273967,41.95953293083653,-87.66948722863602
demo_trip_000167,demo_taxi_0020,2024-03-21T12:18:03.000,2024-03-21T12:30:32.000,749,6.12,,,36.0,46.0,28.91,0.0,0.0,2.24,31.15,Cash,Demo Globe Taxi,41.82499557373394,-87.60455793838955,41.75170435417719,-87.55578358768176
demo_trip_000168,demo_taxi_0040,2024-03-23T10:28:51.000,2024-03-23T10:59:41.000,1850,14.68,,,35.0,35.0,73.09,15.72,0.0,0.0,88.81,Cash,Demo Taxi Co,41.826011026469274,-87.61495850587198,41.83848313138673,-87.61302609423964
demo_trip_000169,demo_taxi_0002,2024-03-24T14:32:55.000,2024-03-24T15:03:37.000,1842,9.75,,,36.0,19.0,31.85,5.93,0.0,0.0,37.78,Mobile,Demo Globe Taxi,41.82213536672143,-87.59998318401671,41.91557554865998,-87.7525576112884
demo_trip_000170,demo_taxi_0012,2024-03-04T12:52:04.000,2024-03-04T12:55:51.000,227,0.62,,,13.0,59.0,1.74,0.0,0.0,1.61,3.35,Mobile,Demo City Service,41.98957819861585,-87.71195940386083,41.8331574942801,-87.66721159552557
demo_trip_000171,demo_taxi_0010,2024-03-19T09:55:24.000,2024-03-19T10:06:41.000,677,2.93,,,10.0,34.0,14.34,0.0,0.0,0.0,14.34,No Charge,Demo Sun Taxi,41.97745149919166,-87.7925907072256,41.8443708715031,-87.6356700338941
demo_trip_000172,demo_taxi_0092,2024-03-24T14:17:31.000,2024-03-24T14:28:55.000,684,2.37,,,69.0,1.0,6.94,1.33,0.0,1.76,10.03,Credit Card,Demo Sun Taxi,41.751940505505665,-87.60920894458988,41.9990228864978,-87.66623006230645
demo_trip_000173,demo_taxi_0086,2024-03-20T07:32:47.000,2024-03-20T07:36:00.000,193,1.82,,,29.0,59.0,8.06,1.55,0.0,0.0,9.61,Mobile,Demo City Service,41.86968019899111,-87.73418788119672,41.83293405213568,-87.68466626336415
demo_trip_000174,demo_taxi_0083,2024-03-08T11:01:59.000,2024-03-08T11:29:27.000,1648,13.77,,,11.0,46.0,35.77,0.0,0.0,0.0,35.77,Cash,Demo Globe Taxi,41.97526040218268,-87.78404491212522,41.74872972564616,-87.5738180831761
demo_trip_000175,demo_taxi_0055,2024-03-20T15:37:24.000,2024-03-20T15:42:24.000,300,0.84,,,46.0,48.0,2.59,0.0,0.0,0.0,2.59,Credit Card,Demo Flash Cab,41.73913139965642,-87.56473320559421,41.72483203792695,-87.58452287881883
demo_trip_000176,demo_taxi_0086,2024-03-06T12:09:44.000,2024-03-06T12:43:51.000,2047,12.43,,,6.0,11.0,39.16,5.03,0.0,0.0,44.19,No Charge,Demo Sun Taxi,41.94848491780832,-87.64148890598278,41.97046375809176,-87.78052771533955
demo_trip_000177,demo_taxi_0019,2024-03-14T19:04:56.000,2024-03-14T19:29:35.000,1479,6.25,,,67.0,1.0,20.27,0.0,0.0,0.0,20.27,Mobile,Demo Taxi Co,41.7818092498742,-87.66053106618922,42.00504797433601,-87.66711006705255
demo_trip_000178,demo_taxi_0108,2024-03-17T09:40:49.000,2024-03-17T10:12:00.000,1871,4.61,,,5.0,23.0,22.12,0.0,0.0,0.0,22.12,Cash,Demo Globe Taxi,41.951261296057545,-87.68255553564425,41.91352157556743,-87.72348745305837
demo_trip_000179,demo_taxi_0060,2024-03-13T22:10:17.000,2024-03-13T22:31:40.000,1283,5.95,,,59.0,67.0,17.48,2.39,0.0,0.0,19.87,Credit Card,Demo City Service,41.83439638212767,-87.66240632684335,41.78608408909209,-87.65513567239273
demo_trip_000180,demo_taxi_0112,2024-03-18T18:28:49.000,2024-03-18T19:07:42.000,2333,7.42,,,13.0,54.0,21.77,0.0,0.0,0.0,21.77,Credit Card,Demo Taxi Co,41.97556052098935,-87.71324590944792,41.646154441894154,-87.59924120210809
demo_trip_000181,demo_taxi_0018,2024-03-09T22:06:24.000,2024-03-09T22:19:24.000,780,3.04,,,36.0,29.0,12.86,0.0,0.0,0.0,12.86,Mobile,Demo Sun Taxi,41.82954103640491,-87.60648352949536,41.866223586460336,-87.71796932778054
demo_trip_000182,demo_taxi_0059,2024-03-16T19:44:01.000,2024-03-16T20:07:39.000,1418,6.62,,,36.0,59.0,32.31,0.0,0.0,0.0,32.31,Unknown,Demo Sun Taxi,41.820362131709686,-87.60638638904624,41.83380997526023,-87.66821454254716
demo_trip_000183,demo_taxi_0083,2024-03-17T07:45:45.000,2024-03-17T07:48:59.000,194,1.03,,,11.0,75.0,3.58,0.0,0.0,2.84,6.42,Credit Card,Demo Globe Taxi,41.97496071872481,-87.75733276368743,41.69798439847376,-87.66813149133264
demo_trip_000184,demo_taxi_0059,2024-03-17T15:34:50.000,2024-03-17T16:08:39.000,2029,11.64,,,36.0,69.0,51.6,7.83,0.0,1.75,61.18,Credit Card,Demo Globe Taxi,41.822167958835166,-87.60411834132907,41.76785714009343,-87.60503775210307
demo_trip_000185,demo_taxi_0053,2024-03-10T07:50:20.000,2024-03-10T08:14:20.000,1440,8.82,,,19.0,10.0,22.73,0.0,0.0,0.0,22.73,Cash,Demo Taxi Co,41.9252753908329,-87.74637463336845,41.973279079954324,-87.79748261218673
demo_trip_000186,demo_taxi_0019,2024-03-10T19:26:27.000,2024-03-10T19:35:57.000,570,2.85,,,11.0,29.0,13.0,0.0,0.0,0.0,13.0,Credit Card,Demo Flash Cab,41.979528538413234,-87.75961822890196,41.85141893443276,-87.72744270982973
demo_trip_000187,demo_taxi_0045,2024-03-09T16:11:21.000,2024-03-09T16:44:36.000,1995,11.89,,,19.0,34.0,51.23,5.35,0.0,0.0,56.58,Cash,Demo Globe Taxi,41.92700839493161,-87.74376700258573,41.82616957042371,-87.63422229030223
demo_trip_000188,demo_taxi_0028,2024-03-13T09:09:07.000,2024-03-13T09:48:43.000,2376,12.73,,,1.0,35.0,60.36,0.0,0.0,0.0,60.36,Dispute,Demo Flash Cab,42.0018921211257,-87.66594077840759,41.829786443016594,-87.62713890900847
demo_trip_000189,demo_taxi_0036,2024-03-16T21:13:59.000,2024-03-16T21:19:31.000,332,3.14,,,23.0,13.0,12.85,0.0,0.0,0.0,12.85,Credit Card,Demo Sun Taxi,41.89726061464197,-87.71230033979835,41.98009538389022,-87.7138796899076
demo_trip_000190,demo_taxi_0082,2024-03-11T07:12:01.000,2024-03-11T07:46:18.000,2057,5.61,,,59.0,5.0,27.23,0.0,0.0,2.94,30.17,Cash,Demo Globe Taxi,41.828786019430225,-87.66086265766637,41.951465586172475,-87.68579410990786
demo_trip_000191,demo_taxi_0075,2024-03-12T15:19:33.000,2024-03-12T15:49:47.000,1814,12.0,,,54.0,48.0,41.7,0.0,0.0,0.0,41.7,Cash,Demo City Service,41.66281420546156,-87.61443825024202,41.72707565039614,-87.5561802795134
demo_trip_000192,demo_taxi_0072,2024-03-10T18:12:00.000,2024-03-10T18:28:06.000,966,3.55,,,51.0,19.0,15.38,2.65,0.0,0.69,18.72,Credit Card,Demo Taxi Co,41.70041897033498,-87.57288647317147,41.92104733714754,-87.75463463610842
demo_trip_000193,demo_taxi_0043,2024-03-08T05:35:41.000,2024-03-08T06:02:09.000,1588,8.0,,,36.0,29.0,34.51,4.45,0.0,1.38,40.34,Credit Card,Demo Flash Cab,41.817447146468545,-87.60188572723163,41.85703798301715,-87.70645700860959
demo_trip_000194,demo_taxi_0115,2024-03-17T16:08:54.000,2024-03-17T16:40:57.000,1923,12.15,,,36.0,48.0,38.53,5.58,0.0,0.0,44.11,Cash,Demo Taxi Co,41.82806033516539,-87.6110482223291,41.73214997019198,-87.58856718243744
demo_trip_000195,demo_taxi_0010,2024-03-21T19:37:38.000,2024-03-21T19:58:22.000,1244,9.85,,,69.0,67.0,47.29,0.0,0.0,2.98,50.27,Cash,Demo City Service,41.764047995538725,-87.61949293292454,41.76775214586835,-87.67456567450361
demo_trip_000196,demo_taxi_0041,2024-03-10T05:20:36.000,2024-03-10T05:48:15.000,1659,15.85,,,5.0,36.0,70.5,0.0,0.0,0.0,70.5,Cash,Demo Sun Taxi,41.93371096254929,-87.6842536149419,41.827611522717106,-87.6019213311313
demo_trip_000197,demo_taxi_0014,2024-03-22T14:41:49.000,2024-03-22T14:46:36.000,287,1.7,,,19.0,46.0,7.93,0.0,0.0,0.0,7.93,No Charge,Demo Sun Taxi,41.92436809928851,-87.75803453655706,41.75094165526289,-87.54150490353393
demo_trip_000198,demo_taxi_0040,2024-03-15T09:30:58.000,2024-03-15T10:08:12.000,2234,9.27,,,54.0,34.0,31.58,3.5,0.0,0.0,35.08,Credit Card,Demo City Service,41.67560665809447,-87.61099064143148,41.85526258265833,-87.63556737157653
demo_trip_000199,demo_taxi_0115,2024-03-07T17:54:51.000,2024-03-07T18:32:01.000,2230,18.19,,,11.0,5.0,83.73,0.0,0.0,1.63,85.36,Dispute,Demo City Service,41.972436579901,-87.77880436125345,41.95710331403161,-87.6759882666852
demo_trip_000200,demo_taxi_0043,2024-03-11T07:26:13.000,2024-03-11T07:36:59.000,646,2.51,,,69.0,10.0,8.25,0.0,0.0,0.0,8.25,Cash,Demo Sun Taxi,41.752973727001034,-87.60917277062845,41.97961588402571,-87.83594181684371
demo_trip_000201,demo_taxi_0109,2024-03-04T21:17:33.000,2024-03-04T21:38:12.000,1239,7.47,,,75.0,67.0,36.69,0.0,0.0,0.0,36.69,Credit Card,Demo Globe Taxi,41.6909719348963,-87.68973152885933,41.76817481072508,-87.67085942358953
demo_trip_000202,demo_taxi_0059,2024-03-04T20:35:49.000,2024-03-04T20:47:38.000,709,6.08,,,59.0,10.0,15.56,0.0,0.0,0.0,15.56,Credit Card,Demo Taxi Co,41.834006657587004,-87.669553151114,41.96983292743293,-87.78855574921671
demo_trip_000203,demo_taxi_0083,2024-03-11T08:39:17.000,2024-03-11T08:57:04.000,1067,5.6,,,,,22.67,0.0,0.0,0.0,22.67,Credit Card,Demo Flash Cab,42.01618161097846,-87.67929462301926,41.73298587563151,-87.57749412471541
demo_trip_000204,,2024-03-13T10:26:40.000,2024-03-13T10:39:51.000,791,5.06,,,69.0,10.0,14.07,1.92,0.0,0.0,15.99,Credit Card,Demo Globe Taxi,41.770241989832854,-87.59515325300362,41.986396854698015,-87.80070380785834
demo_trip_000205,demo_taxi_0031,2024-03-20T16:33:01.000,2024-03-20T17:07:53.000,2092,6.52,,,10.0,75.0,28.02,5.92,0.0,0.0,33.94,No Charge,Demo Taxi Co,41.98620149436942,-87.8067135728139,41.693687430789346,-87.64312847655083
demo_trip_000206,demo_taxi_0091,2024-03-06T17:28:52.000,2024-03-06T17:57:34.000,1722,4.55,,,48.0,6.0,15.51,2.56,0.0,0.0,18.07,Cash,Demo Flash Cab,41.72958303716653,-87.58999224724734,41.94850126612364,-87.64080689951959
demo_trip_000207,demo_taxi_0116,2024-03-21T13:18:36.000,2024-03-21T13:52:53.000,2057,19.79,,,10.0,36.0,92.55,14.47,0.0,0.0,107.02,Credit Card,Demo Globe Taxi,41.98187978710333,-87.82131807696892,41.82361780214763,-87.59803818149435
demo_trip_000208,demo_taxi_0031,2024-03-08T07:18:44.000,2024-03-08T07:51:04.000,1940,6.91,,,59.0,34.0,32.35,0.0,0.0,0.0,32.35,Credit Card,Demo Globe Taxi,41.82318861730865,-87.67061989434328,41.85145191694975,-87.63136104768532
demo_trip_000209,demo_taxi_0093,2024-03-06T06:54:49.000,2024-03-06T07:24:43.000,1794,8.5,,,51.0,48.0,29.07,7.07,0.0,1.72,37.86,Cash,Demo Sun Taxi,41.7232159795014,-87.58493374154614,41.73201435903443,-87.58727398795406
demo_trip_000210,demo_taxi_0031,2024-03-18T23:40:13.000,2024-03-18T23:49:22.000,549,3.3,,,6.0,54.0,14.93,3.19,0.0,1.4,19.52,Mobile,Demo Globe Taxi,41.94169838092291,-87.67147675278203,41.68125729253516,-87.60701203323617
demo_trip_000211,demo_taxi_0086,2024-03-20T13:05:27.000,2024-03-20T13:39:08.000,2021,10.17,,,23.0,5.0,42.74,6.39,0.0,0.0,49.13,Cash,Demo City Service,41.89772486591469,-87.7253908227072,41.95332872491626,-87.68175903354009
demo_trip_000212,demo_taxi_0094,2024-03-16T20:57:51.000,2024-03-16T21:29:49.000,1918,5.66,,,46.0,23.0,20.19,0.0,0.0,0.0,20.19,Credit Card,Demo Sun Taxi,41.73083339907309,-87.54375149207729,41.9066482801122,-87.70890885692451
demo_trip_000213,demo_taxi_0053,2024-03-06T14:42:09.000,2024-03-06T14:49:45.000,456,1.69,,,23.0,19.0,5.68,0.0,0.0,0.0,5.68,Credit Card,Demo Globe Taxi,41.90465364022318,-87.71847055088026,41.936956167364265,-87.7835979761191
demo_trip_000214,demo_taxi_0088,2024-03-06T21:03:49.000,2024-03-06T21:10:03.000,374,2.22,,,5.0,23.0,6.72,0.0,0.0,0.0,6.72,Credit Card,Demo Globe Taxi,41.96002463941999,-87.68928539350868,41.90965654923563,-87.72716568296464
demo_trip_000215,demo_taxi_0032,2024-03-12T06:43:17.000,2024-03-12T07:14:26.000,1869,10.3,,,11.0,75.0,27.38,0.0,0.0,0.0,27.38,Cash,Demo Flash Cab,41.97116342782923,-87.7533493148151,41.69138339924009,-87.64788421578383
demo_trip_000216,demo_taxi_0009,2024-03-13T06:35:34.000,2024-03-13T06:53:00.000,1046,8.59,,,5.0,1.0,32.59,0.0,0.0,0.0,32.59,Credit Card,Demo Sun Taxi,41.93832161215078,-87.68877995462425,42.00069416747773,-87.66664592030673
demo_trip_000217,demo_taxi_0011,2024-03-24T21:54:30.000,2024-03-24T22:09:38.000,908,4.14,,,54.0,67.0,15.94,0.0,0.0,0.0,15.94,Credit Card,Demo City Service,41.66502322861663,-87.61248257053322,41.779982384507505,-87.66844308939633
demo_trip_000218,demo_taxi_0053,2024-03-10T21:29:41.000,2024-03-10T21:47:21.000,1060,9.83,,,35.0,51.0,35.49,0.0,0.0,0.0,35.49,Mobile,Demo Globe Taxi,41.83306489141353,-87.61459480430648,41.675443011479516,-87.58104043391172
demo_trip_000219,demo_taxi_0108,2024-03-08T10:31:50.000,2024-03-08T11:06:55.000,2105,9.14,,,19.0,11.0,44.57,0.0,0.0,0.0,44.57,Credit Card,Demo Taxi Co,41.920861242216816,-87.7772957809736,41.981701399646916,-87.76515548364401
demo_trip_000220,demo_taxi_0015,2024-03-23T11:18:20.000,2024-03-23T11:34:47.000,987,4.65,,,19.0,35.0,11.78,0.0,0.0,0.0,11.78,Unknown,Demo Taxi Co,41.9303068895952,-87.78701722403909,41.834979320456476,-87.60841737712684
demo_trip_000221,demo_taxi_0054,2024-03-07T13:19:10.000,2024-03-07T13:35:51.000,1001,9.35,,,36.0,23.0,43.25,5.56,0.0,0.0,48.81,Cash,Demo Sun Taxi,41.826837721394234,-87.60327133279404,41.900420959458415,-87.74064234378825
demo_trip_000222,demo_taxi_0084,2024-03-04T12:37:25.000,2024-03-04T12:55:11.000,1066,9.09,,,69.0,75.0,40.92,0.0,0.0,2.87,43.79,Credit Card,Demo Taxi Co,41.772557123766504,-87.60273749970646,41.68058482469791,-87.67118686835887
demo_trip_000223,demo_taxi_0024,2024-03-12T08:49:36.000,2024-03-12T08:54:36.000,300,1.38,,,54.0,75.0,6.07,0.0,0.0,0.0,6.07,Credit Card,Demo Taxi Co,41.66990394839836,-87.6146222696251,41.686871947598206,-87.6669257600331
demo_trip_000224,demo_taxi_0086,2024-03-12T20:53:45.000,2024-03-12T20:58:08.000,263,1.36,,,29.0,59.0,5.18,1.09,0.0,0.0,6.27,Cash,Demo Globe Taxi,41.8675631036352,-87.69956904337634,41.82437925585735,-87.65760021933824
demo_trip_000225,demo_taxi_0036,2024-03-17T09:46:45.000,2024-03-17T10:05:04.000,1099,9.38,,,48.0,13.0,27.91,0.0,0.0,0.0,27.91,Cash,Demo City Service,41.72445082818199,-87.58311679471265,41.9902300029643,-87.72275560411515
demo_trip_000226,demo_taxi_0097,2024-03-22T17:36:20.000,2024-03-22T17:39:57.000,217,0.62,,,46.0,36.0,2.89,0.0,0.0,0.0,2.89,Cash,Demo Sun Taxi,41.73111816607886,-87.53785802224726,41.82607587059987,-87.6100115645606
demo_trip_000227,demo_taxi_0069,2024-03-23T05:30:56.000,2024-03-23T06:01:56.000,1860,190.13100052351237,,,23.0,69.0,4.297694776425275,0.0,0.0,0.0,35.94,Mobile,Demo Flash Cab,41.90936064453615,-87.73981929986319,41.76967808638339,-87.62912766879181
demo_trip_000228,demo_taxi_0065,2024-03-10T03:20:04.000,2024-03-10T03:38:46.000,1122,6.97,,,75.0,34.0,31.94,0.0,0.0,0.0,31.94,Cash,Demo Sun Taxi,41.6836974114305,-87.66871229884632,41.85341552535411,-87.6324560008735
demo_trip_000229,demo_taxi_0021,2024-03-24T17:46:07.000,2024-03-24T18:07:39.000,1292,10.9,,,51.0,10.0,33.68,0.0,0.0,0.0,33.68,Cash,Demo City Service,41.690859181272096,-87.55457321863518,41.975349146584406,-87.79392874212135
demo_trip_000230,demo_taxi_0055,2024-03-17T10:19:01.000,2024-03-17T10:34:27.000,926,5.98,,,36.0,75.0,23.24,0.0,0.0,2.41,25.65,Credit Card,Demo Globe Taxi,41.824810480683745,-87.60696785519657,41.69255470913986,-87.65402762966833
demo_trip_000231,demo_taxi_0102,2024-03-05T17:16:55.000,2024-03-05T17:16:55.000,0,11.05,,,34.0,6.0,39.12,0.0,0.0,0.0,39.12,Credit Card,Demo Globe Taxi,41.82809773751873,-87.63316238611259,41.82809773751873,-87.63316238611259
demo_trip_000232,demo_taxi_0002,2024-03-23T06:52:10.000,2024-03-23T07:10:59.000,1129,10.66,,,29.0,75.0,43.7,7.19,0.0,0.0,50.89,Cash,Demo Globe Taxi,41.86375951089594,-87.69904346485842,41.68884104198091,-87.67108882508565
demo_trip_000233,demo_taxi_0091,2024-03-06T22:35:36.000,2024-03-06T22:39:54.000,258,0.8,,,54.0,54.0,3.51,0.45,0.0,0.0,3.96,Credit Card,Demo City Service,41.64692030050161,-87.61213683862603,41.64528184372706,-87.59563245664654
demo_trip_000234,demo_taxi_0059,2024-03-16T18:21:48.000,2024-03-16T18:42:52.000,1264,10.2,,,13.0,51.0,29.93,0.0,0.0,0.0,29.93,Mobile,Demo City Service,41.98442558497352,-87.71276517226742,41.68146116088282,-87.5820216990926
demo_trip_000235,demo_taxi_0086,2024-03-20T20:51:46.000,2024-03-20T21:01:19.000,573,1.82,,,11.0,13.0,5.34,0.0,0.0,0.0,5.34,Credit Card,Demo City Service,41.989979845497864,-87.76225626176586,41.989448267147836,-87.72480760721837
demo_trip_000236,demo_taxi_0079,2024-03-09T07:57:56.000,2024-03-09T08:22:56.000,1500,11.58,,,69.0,6.0,30.21,0.0,0.0,0.0,30.21,Credit Card,Demo Globe Taxi,41.76251183042616,-87.63388356450345,41.94996633476941,-87.66616563491421
demo_trip_000237,demo_taxi_0051,2024-03-09T10:19:03.000,2024-03-09T10:42:54.000,1431,9.01,,,6.0,46.0,26.07,0.0,0.0,0.0,26.07,Cash,Demo Flash Cab,41.94789689983269,-87.6642489222873,41.724295075099114,-87.54532371726577
demo_trip_000238,demo_taxi_0037,2024-03-13T11:31:24.000,2024-03-13T11:51:57.000,1233,5.19,,,29.0,48.0,16.09,3.57,0.0,0.0,19.66,Cash,Demo Sun Taxi,41.857788568640856,-87.72029836222063,41.733422005997646,-87.5689650691973
demo_trip_000239,demo_taxi_0075,2024-03-22T15:29:30.000,2024-03-22T15:46:45.000,1035,6.52,,,5.0,13.0,17.48,0.0,0.0,0.0,17.48,Credit Card,Demo Flash Cab,41.940256628609156,-87.67892013263422,41.98036018530522,-87.74675462663711
demo_trip_000240,demo_taxi_0016,2024-03-08T09:42:41.000,2024-03-08T10:07:44.000,1503,13.25,,,46.0,34.0,44.91,0.0,0.0,0.0,44.91,Cash,Demo City Service,41.73366075719862,-87.55276560161305,41.8313169987185,-87.63076301362858
demo_trip_000241,demo_taxi_0070,2024-03-17T05:57:37.000,2024-03-17T06:25:46.000,1689,9.73,,,36.0,54.0,40.75,0.0,0.0,2.7,43.45,Cash,Demo Sun Taxi,41.82735665823141,-87.60914081215228,41.675460878171016,-87.61345145000584
demo_trip_000242,demo_taxi_0011,2024-03-13T11:32:33.000,2024-03-13T12:08:03.000,2130,4.84,,,69.0,19.0,21.7,2.99,0.0,0.0,24.69,Credit Card,Demo Sun Taxi,41.76375498007947,-87.61278042486953,41.91669748498261,-87.76446643436311
demo_trip_000243,demo_taxi_0077,2024-03-06T09:47:18.000,2024-03-06T10:25:54.000,2316,6.13,,,54.0,5.0,20.62,0.0,0.0,1.49,22.11,Credit Card,Demo Globe Taxi,41.65449312830094,-87.61455838954068,41.9466415872894,-87.67454273439886
demo_trip_000244,demo_taxi_0075,2024-03-18T12:35:06.000,2024-03-18T12:41:10.000,364,2.54,,,11.0,48.0,6.88,0.0,0.0,0.0,6.88,Cash,Demo Globe Taxi,41.97254725516707,-87.77846118639724,41.72576952639581,-87.55833891174875
demo_trip_000245,demo_taxi_0010,2024-03-21T08:53:25.000,2024-03-21T09:20:49.000,1644,12.01,,,13.0,23.0,52.83,0.0,0.0,0.63,53.46,Cash,Demo Taxi Co,41.9767711210224,-87.7309012245777,41.90717073814438,-87.73457338262841
demo_trip_000246,demo_taxi_0090,2024-03-16T09:24:15.000,2024-03-16T09:30:22.000,367,1.92,,,1.0,75.0,6.68,1.34,0.0,0.0,8.02,Credit Card,Demo Flash Cab,42.00050775909035,-87.6667290322392,41.68792078271494,-87.65579304859878
demo_trip_000247,demo_taxi_0049,2024-03-07T16:23:33.000,2024-03-07T16:41:59.000,1106,4.47,,,67.0,6.0,13.98,1.56,0.0,0.0,15.54,Credit Card,Demo Taxi Co,41.78195121337351,-87.6727238736533,41.9472015896174,-87.64711391000114
demo_trip_000248,demo_taxi_0094,2024-03-07T12:25:47.000,2024-03-07T12:56:12.000,1825,13.86,,,23.0,46.0,50.96,8.61,0.0,0.0,59.57,Cash,Demo Sun Taxi,41.8988230404701,-87.72154692785452,41.74044205777517,-87.53834654727764
demo_trip_000249,demo_taxi_0004,2024-03-12T11:59:33.000,2024-03-12T12:22:37.000,1384,6.23,,,36.0,48.0,30.68,0.0,0.0,0.0,30.68,Credit Card,Demo Taxi Co,41.817964393710724,-87.60105652479359,41.72938101441114,-87.57755607256637
demo_trip_000250,demo_taxi_0021,2024-03-14T15:36:34.000,2024-03-14T16:09:27.000,1973,5.48,,,46.0,23.0,18.81,0.0,0.0,0.72,19.53,Dispute,Demo Globe Taxi,41.74715781969087,-87.54409086886464,41.894982299511966,-87.7318818700192
demo_trip_000251,demo_taxi_0059,2024-03-15T18:09:02.000,2024-03-15T18:45:48.000,2206,11.68,,,67.0,23.0,57.22,0.0,0.0,1.06,58.28,Credit Card,Demo Globe Taxi,41.7641946000423,-87.66227702135313,41.91078659080308,-87.72324772121559
demo_trip_000252,demo_taxi_0022,2024-03-09T11:02:38.000,2024-03-09T11:41:40.000,2342,14.67,,,69.0,6.0,45.96,0.0,0.0,0.0,45.96,Cash,Demo City Service,41.77664651689231,-87.6184676789883,41.944727454196176,-87.67254458557723
demo_trip_000253,demo_taxi_0039,2024-03-14T16:31:26.000,2024-03-14T16:31:26.000,0,15.84,,,46.0,67.0,43.78,7.43,0.0,1.35,52.56,Unknown,Demo Flash Cab,41.72790175214083,-87.54918660192885,41.72790175214083,-87.54918660192885
demo_trip_000254,demo_taxi_0079,2024-03-10T22:48:07.000,2024-03-10T23:16:01.000,1674,11.16,,,23.0,10.0,32.29,3.61,0.0,2.85,38.75,Credit Card,Demo City Service,41.89385504859699,-87.70519469980013,41.976087965826814,-87.80365666596656
demo_trip_000255,demo_taxi_0017,2024-03-18T15:28:12.000,2024-03-18T16:00:55.000,1963,7.43,,,5.0,29.0,32.95,0.0,0.0,0.0,32.95,Cash,Demo City Service,41.95154299576116,-87.6823794154089,41.865990566173,-87.72934106129988
demo_trip_000256,demo_taxi_0081,2024-03-20T21:33:46.000,2024-03-20T21:45:23.000,697,5.9,,,35.0,10.0,22.68,0.0,0.0,0.0,22.68,Credit Card,Demo Flash Cab,41.84173249287713,-87.62101199542857,41.98537971474529,-87.83214579385519
demo_trip_000257,demo_taxi_0012,2024-03-17T19:47:55.000,2024-03-17T20:02:04.000,849,3.74,,,69.0,6.0,14.79,0.0,0.0,0.83,15.62,Cash,Demo Flash Cab,41.77489967522831,-87.62408741041325,41.94170347000549,-87.66562987906543
demo_trip_000258,demo_taxi_0021,2024-03-04T05:30:30.000,2024-03-04T05:46:07.000,937,8.82,,,5.0,51.0,43.39,0.0,0.0,0.0,43.39,Unknown,Demo City Service,41.949590779847306,-87.68370928171963,41.70502223491782,-87.58536934301426
demo_trip_000259,demo_taxi_0070,2024-03-24T12:54:58.000,2024-03-24T13:25:30.000,1832,8.54,,,11.0,67.0,32.13,0.0,0.0,0.0,32.13,Dispute,Demo Flash Cab,41.98549388946727,-87.77112113690784,41.76857340069778,-87.66793343331855
demo_trip_000260,demo_taxi_0095,2024-03-04T17:38:10.000,2024-03-04T17:54:09.000,959,8.67,,,11.0,23.0,24.21,0.0,0.0,0.0,24.21,Credit Card,Demo Globe Taxi,41.97978618940112,-87.78321455999948,41.89006235917465,-87.69997554011641
demo_trip_000261,demo_taxi_0020,2024-03-24T23:43:17.000,2024-03-24T23:51:26.000,489,4.31,,,48.0,29.0,18.52,0.0,0.0,2.52,21.04,Mobile,Demo Sun Taxi,41.726681171058665,-87.58652237336689,41.861388411156234,-87.71102449563479
demo_trip_000262,demo_taxi_0035,2024-03-04T13:46:55.000,2024-03-04T14:19:28.000,1953,17.0,,,67.0,51.0,51.33,11.62,0.0,0.0,62.95,Mobile,Demo City Service,41.76539607840848,-87.67638179081918,41.71191507940763,-87.56744094758106
demo_trip_000263,demo_taxi_0111,2024-03-14T06:37:10.000,2024-03-14T07:07:54.000,1844,4.64,,,19.0,13.0,18.35,4.44,0.0,0.0,22.79,Credit Card,Demo Taxi Co,41.92763976323034,-87.75211550042351,41.9824501100678,-87.74329988053897
demo_trip_000264,demo_taxi_0118,2024-03-06T15:03:39.000,2024-03-06T15:28:38.000,1499,12.89,,,67.0,35.0,59.76,0.0,0.0,0.0,59.76,Mobile,Demo Taxi Co,41.78644620802913,-87.67906326889991,41.83598174143929,-87.61637992244273
demo_trip_000265,demo_taxi_0069,2024-03-05T07:25:13.000,2024-03-05T08:00:50.000,2137,16.31,,,59.0,11.0,60.23,0.0,0.0,1.01,61.24,Credit Card,Demo City Service,41.828001703878954,-87.65771549635949,41.98696967826107,-87.77335042860119
demo_trip_000266,demo_taxi_0053,2024-03-18T18:08:19.000,2024-03-18T18:40:36.000,1937,9.16,,,48.0,23.0,30.1,5.25,0.0,0.0,35.35,Dispute,Demo City Service,41.72843344727082,-87.57626451991881,41.890901876966744,-87.71732591418771
demo_trip_000267,demo_taxi_0041,2024-03-19T14:30:28.000,2024-03-19T15:06:46.000,2178,12.85,,,48.0,51.0,50.61,11.83,0.0,0.0,62.44,Mobile,Demo Flash Cab,41.733367447509906,-87.56355572544078,41.698112197325095,-87.55283672943212
demo_trip_000268,demo_taxi_0073,2024-03-06T18:08:21.000,2024-03-06T18:20:57.000,756,5.31,,,48.0,5.0,14.96,0.0,0.0,0.0,14.96,Cash,Demo Taxi Co,41.73647226052638,-87.58647484585516,41.95205873444998,-87.69549979005446
demo_trip_000269,demo_taxi_0070,2024-03-24T20:30:52.000,2024-03-24T20:38:10.000,438,4.07,,,67.0,67.0,13.3,1.93,0.0,0.0,15.23,Credit Card,Demo Taxi Co,41.77793512437302,-87.67801951284191,41.760161933864396,-87.67238455860067
demo_trip_000270,demo_taxi_0035,2024-03-10T16:20:58.000,2024-03-10T16:36:36.000,938,7.57,,,10.0,29.0,28.47,0.0,0.0,0.0,28.47,No Charge,Demo Flash Cab,41.99363193704174,-87.79851237013828,41.86417921824922,-87.70842737752191
demo_trip_000271,demo_taxi_0002,2024-03-10T16:01:30.000,2024-03-10T16:35:12.000,2022,10.99,,,46.0,13.0,34.46,0.0,0.0,0.0,34.46,Credit Card,Demo City Service,41.745280867506665,-87.57499636841361,41.9786666103064,-87.70729210904088
demo_trip_000272,demo_taxi_0018,2024-03-10T18:07:31.000,2024-03-10T18:07:31.000,0,15.76,,,48.0,75.0,40.95,0.0,0.0,0.0,40.95,Cash,Demo Flash Cab,41.72459641151627,-87.58645403740529,41.72459641151627,-87.58645403740529
demo_trip_000273,demo_taxi_0115,2024-03-13T19:30:03.000,2024-03-13T19:37:07.000,424,1.53,,,23.0,11.0,6.06,1.49,0.0,0.0,7.55,Cash,Demo City Service,41.90345868232407,-87.73406600168762,41.97819427670847,-87.76957590155271
demo_trip_000274,demo_taxi_0050,2024-03-07T20:04:14.000,2024-03-07T20:38:53.000,2079,11.23,,,13.0,29.0,39.34,0.0,0.0,0.0,39.34,Credit Card,Demo Sun Taxi,41.98707801709095,-87.71382009702619,41.86040971909447,-87.7376642883998
demo_trip_000275,demo_taxi_0057,2024-03-12T03:51:02.000,2024-03-12T04:11:44.000,1242,10.13,,,1.0,46.0,35.22,0.0,0.0,0.0,35.22,Credit Card,Demo Flash Cab,42.0017197582037,-87.672886301311,41.747577565075936,-87.55627902904548
demo_trip_000276,demo_taxi_0056,2024-03-08T15:45:51.000,2024-03-08T16:19:06.000,1995,13.51,,,6.0,48.0,67.44,8.33,0.0,0.0,75.77,Credit Card,Demo Sun Taxi,41.94984398773045,-87.6680797184666,41.72402494564245,-87.55321641389806
demo_trip_000277,demo_taxi_0093,2024-03-05T08:42:13.000,2024-03-05T09:10:28.000,1695,13.72,,,,,38.13,0.0,0.0,0.0,38.13,Unknown,Demo Sun Taxi,42.00257980659692,-87.66818682732335,41.83205991789381,-87.6741493667985
demo_trip_000278,demo_taxi_0007,2024-03-11T20:10:20.000,2024-03-11T20:10:20.000,0,1.89,,,1.0,10.0,5.45,1.07,0.0,0.0,6.52,Mobile,Demo Sun Taxi,42.00314779063164,-87.67703201421907,42.00314779063164,-87.67703201421907
demo_trip_000279,demo_taxi_0009,2024-03-18T17:47:50.000,2024-03-18T18:08:45.000,1255,6.37,,,51.0,1.0,29.88,0.0,0.0,0.0,29.88,Mobile,Demo Sun Taxi,41.68423874879272,-87.58915649649136,41.99919537002859,-87.66878829002039
demo_trip_000280,demo_taxi_0033,2024-03-20T12:38:42.000,2024-03-20T12:44:59.000,377,2.94,,,13.0,19.0,8.31,0.0,0.0,0.0,8.31,Cash,Demo Globe Taxi,41.98705420372548,-87.71052834819524,41.92426284294656,-87.78754314295735
demo_trip_000281,demo_taxi_0058,2024-03-11T08:23:37.000,2024-03-11T08:39:11.000,934,2.73,,,1.0,51.0,13.09,0.0,0.0,0.0,13.09,Cash,Demo City Service,42.01421952841624,-87.67250827048672,41.69902018842596,-87.58192372247926
demo_trip_000282,demo_taxi_0080,2024-03-10T10:00:02.000,2024-03-10T10:31:03.000,1861,17.79,,,34.0,67.0,74.36,0.0,0.0,0.0,74.36,Cash,Demo Globe Taxi,41.853500038555524,-87.63571542834774,41.7737278634441,-87.67427675856584
demo_trip_000283,demo_taxi_0058,2024-03-20T17:31:33.000,2024-03-20T17:59:51.000,1698,15.85,,,,,60.55,0.0,0.0,0.0,60.55,Cash,Demo Globe Taxi,42.017370642042955,-87.68416325731924,41.82517327516442,-87.67971583223033
demo_trip_000284,demo_taxi_0052,2024-03-18T08:47:33.000,2024-03-18T09:16:37.000,1744,15.39,,,34.0,46.0,49.19,0.0,0.0,0.0,49.19,Mobile,Demo Sun Taxi,41.84720188262056,-87.63073729217184,41.74687976084843,-87.54908796595788
demo_trip_000285,demo_taxi_0112,2024-03-21T06:02:19.000,2024-03-21T06:29:46.000,1647,14.58,,,36.0,34.0,49.55,0.0,0.0,0.0,49.55,Credit Card,Demo Sun Taxi,41.823955901016966,-87.60910325382105,41.833049218171375,-87.63366793499348
demo_trip_000286,demo_taxi_0019,2024-03-23T20:03:44.000,2024-03-23T20:07:16.000,212,1.28,,,29.0,51.0,5.84,1.08,0.0,1.05,7.97,Dispute,Demo Flash Cab,41.86078543140685,-87.73749652402364,41.69876325105832,-87.55087875319867
demo_trip_000287,demo_taxi_0068,2024-03-21T18:22:55.000,2024-03-21T18:47:29.000,1474,8.78,,,19.0,36.0,23.21,0.0,0.0,0.0,23.21,Mobile,Demo Sun Taxi,41.931552480125234,-87.75203343966562,41.81991124262049,-87.60004116384171
demo_trip_000288,demo_taxi_0065,2024-03-23T08:30:15.000,2024-03-23T08:51:11.000,1256,10.52,,,48.0,34.0,46.51,0.0,0.0,2.13,48.64,Credit Card,Demo Flash Cab,41.72616436534875,-87.55799588499913,41.84712205629734,-87.64041351467344
demo_trip_000289,demo_taxi_0056,2024-03-12T09:28:19.000,2024-03-12T09:50:52.000,1353,5.88,,,19.0,6.0,26.87,2.92,0.0,2.17,31.96,Dispute,Demo Globe Taxi,41.916890557917256,-87.77131229235255,41.936792654662966,-87.66053817868782
demo_trip_000290,demo_taxi_0096,2024-03-12T22:25:19.000,2024-03-12T22:36:11.000,652,5.6,,,13.0,75.0,23.88,0.0,0.0,0.0,23.88,Mobile,Demo City Service,41.97957220816586,-87.73769572118084,41.68302657952934,-87.66675627596986
demo_trip_000291,demo_taxi_0032,2024-03-10T17:15:50.000,2024-03-10T17:44:56.000,1746,152.5616774956309,,,13.0,59.0,1.9077412517100485,3.6,0.0,0.0,20.76,Credit Card,Demo Taxi Co,41.97631191464222,-87.73413380395314,41.83224156070354,-87.66021624964996
demo_trip_000292,demo_taxi_0114,2024-03-08T16:03:04.000,2024-03-08T16:28:32.000,1528,13.47,,,54.0,11.0,58.68,10.13,0.0,0.0,68.81,Credit Card,Demo Sun Taxi,41.68211171561688,-87.61240195464569,41.98841914216063,-87.77322138102056
demo_trip_000293,demo_taxi_0039,2024-03-19T10:01:53.000,2024-03-19T10:19:47.000,1074,6.75,,,34.0,67.0,29.08,6.84,0.0,0.0,35.92,Cash,Demo Flash Cab,41.83538266485622,-87.63218108528955,41.77552051733622,-87.65590932281928
demo_trip_000294,demo_taxi_0065,2024-03-19T09:05:46.000,2024-03-19T09:10:51.000,305,2.61,,,59.0,67.0,6.61,0.0,0.0,0.0,6.61,Cash,Demo Taxi Co,41.82680451573857,-87.65775312498253,41.78562630699487,-87.6771155851074
demo_trip_000295,demo_taxi_0062,2024-03-20T03:41:29.000,2024-03-20T03:47:01.000,332,1.97,,,67.0,34.0,9.32,2.07,0.0,0.0,11.39,Credit Card,Demo City Service,41.787359826567815,-87.66919989514328,41.84717139072332,-87.63221405200994
demo_trip_000296,demo_taxi_0101,2024-03-07T18:47:35.000,2024-03-07T19:03:51.000,976,6.62,,,,,18.74,4.48,0.0,0.0,23.22,Cash,Demo Sun Taxi,41.826735287268555,-87.67357175383292,41.67980153397999,-87.61312348021559
demo_trip_000297,demo_taxi_0052,2024-03-14T04:26:53.000,2024-03-14T04:49:46.000,1373,12.59,,,35.0,59.0,61.72,0.0,0.0,0.0,61.72,Cash,Demo Taxi Co,41.83471977067959,-87.61991863217663,41.83704329327845,-87.67442781517458
demo_trip_000298,demo_taxi_0034,2024-03-08T00:04:46.000,2024-03-08T00:44:39.000,2393,12.82,,,10.0,67.0,34.32,0.0,0.0,0.0,34.32,Credit Card,Demo City Service,41.982338459050766,-87.800127965985,41.76168897487377,-87.6780973829546
demo_trip_000299,demo_taxi_0002,2024-03-22T18:24:16.000,2024-03-22T18:54:02.000,1786,6.92,,,59.0,19.0,21.42,0.0,0.0,0.0,21.42,Credit Card,Demo City Service,41.827207587992376,-87.67393472436359,41.928943769565,-87.78877835932957
demo_trip_000300,demo_taxi_0043,2024-03-09T22:59:03.000,2024-03-09T23:20:00.000,1257,3.65,,,34.0,46.0,15.42,2.98,0.0,0.0,18.4,Credit Card,Demo Sun Taxi,41.83111119852713,-87.6359280963265,41.73584390661909,-87.53475102436852
demo_trip_000301,demo_taxi_0099,2024-03-07T18:14:39.000,2024-03-07T18:14:39.000,0,5.61,,,10.0,75.0,15.95,1.96,0.0,0.0,17.91,Mobile,Demo Globe Taxi,41.994192777983294,-87.78560935981336,41.994192777983294,-87.78560935981336
demo_trip_000302,demo_taxi_0001,2024-03-15T13:29:08.000,2024-03-15T13:38:22.000,554,3.77,,,48.0,36.0,11.17,0.0,0.0,0.0,11.17,Credit Card,Demo Sun Taxi,41.73350510752135,-87.57496866872562,41.82617788050465,-87.60549926911207
demo_trip_000303,demo_taxi_0107,2024-03-22T14:32:05.000,2024-03-22T14:40:17.000,492,3.38,,,59.0,59.0,8.54,1.46,0.0,0.0,10.0,Cash,Demo City Service,41.82850513126543,-87.6872321618982,41.82461526137912,-87.66701357168427
demo_trip_000304,demo_taxi_0065,2024-03-23T12:19:58.000,2024-03-23T12:25:37.000,339,0.85,,,,,3.88,0.0,0.0,0.0,3.88,Cash,Demo Taxi Co,42.00974152083459,-87.67140126540345,41.95105228209227,-87.68698471529403
demo_trip_000305,demo_taxi_0016,2024-03-06T10:26:28.000,2024-03-06T11:03:12.000,2204,5.35,,,54.0,23.0,13.88,0.0,0.0,0.0,13.88,Dispute,Demo Taxi Co,41.659179290073,-87.60437957577186,41.89844766880141,-87.72850886871906
demo_trip_000306,demo_taxi_0036,2024-03-10T15:28:39.000,2024-03-10T15:32:14.000,215,1.92,,,35.0,10.0,7.84,1.72,0.0,0.0,9.56,Unknown,Demo Sun Taxi,41.8298816618413,-87.61332204370325,41.982243565055384,-87.80053664877506
demo_trip_000307,demo_taxi_0066,2024-03-07T12:28:13.000,2024-03-07T13:03:10.000,2097,15.6,,,48.0,75.0,61.71,0.0,0.0,0.0,61.71,No Charge,Demo City Service,41.73663589019846,-87.58832647489763,41.68701898020126,-87.65195274103829
demo_trip_000308,demo_taxi_0037,2024-03-10T16:43:06.000,2024-03-10T17:07:41.000,1475,4.53,,,10.0,35.0,17.11,0.0,0.0,0.0,17.11,Cash,Demo City Service,41.992389415859066,-87.79040806718834,41.84066734156994,-87.61707298381467
demo_trip_000309,demo_taxi_0013,2024-03-15T20:34:03.000,2024-03-15T20:59:55.000,1552,4.32,,,51.0,10.0,14.85,1.78,0.0,0.0,16.63,Credit Card,Demo Flash Cab,41.66938243264337,-87.57513037589887,41.976541524066185,-87.8140860760383
demo_trip_000310,demo_taxi_0079,2024-03-09T23:03:21.000,2024-03-09T23:41:49.000,2308,7.93,,,46.0,11.0,25.76,0.0,0.0,0.0,25.76,Credit Card,Demo City Service,41.7390292586231,-87.56759564914094,41.9799640110517,-87.77181999582893
demo_trip_000311,demo_taxi_0080,2024-03-05T06:00:00.000,2024-03-05T06:32:06.000,1926,15.94,,,36.0,59.0,77.98,0.0,0.0,0.0,77.98,Cash,Demo Flash Cab,41.8309260232077,-87.60587583417446,41.82616827667016,-87.67808565685932
demo_trip_000312,demo_taxi_0014,2024-03-14T11:24:25.000,2024-03-14T11:32:51.000,506,3.87,,,69.0,54.0,17.27,4.14,0.0,0.0,21.41,Credit Card,Demo Flash Cab,41.762801528610524,-87.61720669574846,41.6485476139614,-87.58548843129877
demo_trip_000313,demo_taxi_0033,2024-03-05T08:54:19.000,2024-03-05T09:33:09.000,2330,16.34,,,29.0,6.0,78.54,0.0,0.0,0.0,78.54,Credit Card,Demo Flash Cab,41.862106271745816,-87.70496408114347,41.93313096432807,-87.63468627623782
demo_trip_000314,demo_taxi_0029,2024-03-08T11:02:31.000,2024-03-08T11:02:31.000,0,4.01,,,69.0,6.0,17.38,0.0,0.0,0.0,17.38,Credit Card,Demo Globe Taxi,41.762901746778994,-87.62824753787794,41.762901746778994,-87.62824753787794
demo_trip_000315,demo_taxi_0079,2024-03-04T09:04:35.000,2024-03-04T09:28:38.000,1443,12.5,,,5.0,23.0,57.16,0.0,0.0,2.62,59.78,Credit Card,Demo Flash Cab,41.948558301708,-87.6802564762075,41.89334307423617,-87.70255453981117
demo_trip_000316,demo_taxi_0087,2024-03-05T07:40:18.000,2024-03-05T08:07:00.000,1602,7.57,,,48.0,29.0,37.17,0.0,0.0,0.0,37.17,Cash,Demo Globe Taxi,41.72503486833318,-87.57703614362737,41.86885589656536,-87.71054283196081
demo_trip_000317,demo_taxi_0087,2024-03-13T18:27:27.000,2024-03-13T18:39:29.000,722,3.35,,,5.0,1.0,12.17,0.0,0.0,0.81,12.98,No Charge,Demo City Service,41.94158508994255,-87.68497908593501,42.00243145235483,-87.66511222225168
demo_trip_000318,demo_taxi_0112,2024-03-21T14:13:04.000,2024-03-21T14:39:23.000,1579,8.55,,,67.0,11.0,40.76,7.48,0.0,0.0,48.24,Credit Card,Demo Globe Taxi,41.777157651931326,-87.65617217782345,41.98075924196952,-87.75982451256931
demo_trip_000319,demo_taxi_0092,2024-03-20T21:12:18.000,2024-03-20T21:38:56.000,1598,15.41,,,35.0,1.0,40.18,0.0,0.0,0.95,41.13,Credit Card,Demo Sun Taxi,41.83228294123908,-87.60635827779541,42.00874234081095,-87.66019958537333
demo_trip_000320,demo_taxi_0038,2024-03-06T03:39:58.000,2024-03-06T04:19:13.000,2355,15.03,,,1.0,23.0,41.63,0.0,0.0,0.0,41.63,Cash,Demo Sun Taxi,41.999377222287315,-87.65974955747957,41.89626060947567,-87.71863786736922
demo_trip_000321,demo_taxi_0012,2024-03-04T05:31:59.000,2024-03-04T06:08:49.000,2210,13.98,,,13.0,75.0,52.09,5.53,0.0,0.0,57.62,Credit Card,Demo City Service,41.98779812496979,-87.71655843432859,41.679122313407746,-87.68328418528604
demo_trip_000322,demo_taxi_0073,2024-03-11T12:38:29.000,2024-03-11T12:56:16.000,1067,8.85,,,5.0,54.0,32.17,5.93,0.0,0.0,38.1,Mobile,Demo Sun Taxi,41.948914778818114,-87.68434403480526,41.679607694156836,-87.60218880535861
demo_trip_000323,demo_taxi_0109,2024-03-17T06:16:56.000,2024-03-17T06:45:28.000,1712,6.09,,,75.0,51.0,21.9,4.74,0.0,0.0,26.64,Credit Card,Demo City Service,41.69553566380395,-87.66157775989136,41.69579568741826,-87.58030771155548
demo_trip_000324,demo_taxi_0117,2024-03-19T09:31:30.000,2024-03-19T10:04:52.000,2002,10.54,,,35.0,1.0,40.51,10.04,0.0,0.0,50.55,Credit Card,Demo City Service,41.840183779650836,-87.61369351915151,42.01608171873193,-87.6838831623634
demo_trip_000325,demo_taxi_0027,2024-03-21T23:51:07.000,2024-03-21T23:55:05.000,238,1.67,,,67.0,75.0,6.42,0.0,0.0,0.0,6.42,Cash,Demo Globe Taxi,41.793325062100145,-87.67243920636668,41.691165276028045,-87.64596802463434
demo_trip_000326,demo_taxi_0028,2024-03-11T08:18:52.000,2024-03-11T08:47:12.000,1700,16.37,,,1.0,51.0,76.55,12.71,0.0,0.0,89.26,Cash,Demo Sun Taxi,42.002486701924816,-87.65810587782957,41.712580490182454,-87.55046191181344
demo_trip_000327,demo_taxi_0004,2024-03-07T08:23:24.000,2024-03-07T09:00:20.000,2216,7.49,,,75.0,34.0,25.2,0.0,0.0,0.0,25.2,Cash,Demo Flash Cab,41.68461610180888,-87.68831777041237,41.83536977404904,-87.63101424577218
demo_trip_000328,demo_taxi_0016,2024-03-04T16:09:36.000,2024-03-04T16:17:02.000,446,2.5,,,48.0,5.0,8.23,0.0,0.0,0.0,8.23,Credit Card,Demo City Service,41.73622470872563,-87.574078787318,41.95707331464293,-87.6857154240461
demo_trip_000329,demo_taxi_0066,2024-03-07T14:38:38.000,2024-03-07T15:09:31.000,1853,0.0,,,6.0,35.0,71.05,14.73,0.0,0.0,85.78,Credit Card,Demo Sun Taxi,41.94593680341682,-87.63756113181046,41.83132726912819,-87.62501650656205
demo_trip_000330,demo_taxi_0065,2024-03-05T16:01:18.000,2024-03-05T16:06:32.000,314,2.41,,,10.0,36.0,9.93,0.0,0.0,0.0,9.93,Credit Card,Demo Globe Taxi,41.990547668889135,-87.77940813077741,41.818462103009715,-87.60074592487105
demo_trip_000331,demo_taxi_0044,2024-03-22T11:14:44.000,2024-03-22T11:32:36.000,1072,7.32,,,13.0,51.0,33.49,0.0,0.0,0.0,33.49,Cash,Demo Flash Cab,41.97812433702181,-87.7096248173624,41.71463406057783,-87.58378845957381
demo_trip_000332,demo_taxi_0037,2024-03-09T19:42:30.000,2024-03-09T20:15:49.000,1999,8.3,,,19.0,67.0,27.17,5.42,0.0,0.0,32.59,Credit Card,Demo City Service,41.93152912003297,-87.79033020641334,41.761387678262885,-87.6707254486645
demo_trip_000333,demo_taxi_0099,2024-03-21T07:01:21.000,2024-03-21T07:40:53.000,2372,8.6,,,19.0,59.0,21.64,5.07,0.0,0.0,26.71,Credit Card,Demo Taxi Co,41.92758907144737,-87.78492149145475,41.835951182371886,-87.67798485838274
demo_trip_000334,demo_taxi_0055,2024-03-15T12:59:17.000,2024-03-15T13:29:12.000,1795,9.03,,,59.0,13.0,43.89,0.0,0.0,0.0,43.89,Cash,Demo Taxi Co,41.82347488934713,-87.66563916927794,41.97622343069897,-87.72643722346542
demo_trip_000335,demo_taxi_0096,2024-03-15T17:24:44.000,2024-03-15T17:54:26.000,1782,7.37,,,29.0,1.0,19.24,0.0,0.0,0.0,19.24,Cash,Demo Sun Taxi,41.862959347865186,-87.71663857233717,42.021874438621204,-87.67524373736111
demo_trip_000336,demo_taxi_0115,2024-03-13T20:23:14.000,2024-03-13T20:35:49.000,755,6.26,,,23.0,29.0,26.29,0.0,0.0,0.0,26.29,Credit Card,Demo Flash Cab,41.89563285705021,-87.69706589172695,41.856802397262896,-87.71751166788701
demo_trip_000337,demo_taxi_0038,2024-03-21T11:32:07.000,2024-03-21T12:05:39.000,2012,15.35,,,67.0,69.0,50.73,0.0,0.0,0.0,50.73,Dispute,Demo Flash Cab,41.77195308073229,-87.66292385924129,41.760604292363865,-87.63258310292645
demo_trip_000338,demo_taxi_0024,2024-03-04T15:38:52.000,2024-03-04T16:06:14.000,1642,13.93,,,5.0,29.0,49.57,0.0,0.0,0.0,49.57,Cash,Demo Sun Taxi,41.95614050007368,-87.6801445281485,41.86554970705166,-87.69760220365845
demo_trip_000339,demo_taxi_0114,2024-03-05T05:27:19.000,2024-03-05T06:05:12.000,2273,7.97,,,13.0,5.0,36.62,0.0,0.0,0.0,36.62,No Charge,Demo Flash Cab,41.98423518277892,-87.70807877685975,41.958409794728496,-87.68662447675705
demo_trip_000340,demo_taxi_0076,2024-03-12T07:53:38.000,2024-03-12T08:18:56.000,1518,6.9,,,13.0,1.0,24.49,0.0,0.0,0.0,24.49,Credit Card,Demo Flash Cab,41.98521792889766,-87.71629481750186,42.01963607132289,-87.67320836810488
demo_trip_000341,demo_taxi_0034,2024-03-12T05:57:42.000,2024-03-12T06:02:09.000,267,2.13,,,23.0,69.0,6.09,0.0,0.0,0.0,6.09,Cash,Demo City Service,41.88988845678735,-87.74025325880997,41.772478859708784,-87.6037418624661
demo_trip_000342,demo_taxi_0074,2024-03-15T18:12:50.000,2024-03-15T18:34:44.000,1314,4.53,,,54.0,48.0,19.87,2.12,0.0,0.0,21.99,Credit Card,Demo Flash Cab,41.68278374915537,-87.6062051828803,41.72940026324723,-87.58272014084815
demo_trip_000343,demo_taxi_0061,2024-03-19T09:42:37.000,2024-03-19T10:14:16.000,1899,6.29,,,51.0,69.0,16.04,0.0,0.0,0.0,16.04,Credit Card,Demo City Service,41.716607497739055,-87.57813961122086,41.76610712877992,-87.5975910744481
demo_trip_000344,demo_taxi_0108,2024-03-16T18:18:42.000,2024-03-16T18:50:51.000,1929,9.83,,,75.0,1.0,31.33,0.0,0.0,0.0,31.33,Credit Card,Demo Taxi Co,41.682802812627315,-87.67105414099652,42.00334087858706,-87.67929617393793
demo_trip_000345,demo_taxi_0030,2024-03-09T05:59:50.000,2024-03-09T06:17:07.000,1037,3.75,,,54.0,59.0,14.42,0.0,0.0,0.0,14.42,Credit Card,Demo Taxi Co,41.646432657243736,-87.6051979310354,41.82385110073935,-87.66021365628369
demo_trip_000346,demo_taxi_0118,2024-03-10T20:15:56.000,2024-03-10T20:25:15.000,559,1.57,,,34.0,1.0,5.64,1.29,0.0,0.0,6.93,Mobile,Demo Taxi Co,41.85049142402811,-87.63013461168651,42.01802715220679,-87.6728652736015
demo_trip_000347,demo_taxi_0112,2024-03-19T19:17:02.000,2024-03-19T19:52:11.000,2109,9.63,,,51.0,19.0,39.01,0.0,0.0,0.0,39.01,Mobile,Demo Sun Taxi,41.71924310349928,-87.55196797301727,41.93445069631607,-87.77061923521354
demo_trip_000348,demo_taxi_0021,2024-03-08T06:42:44.000,2024-03-08T07:16:11.000,2007,17.64,,,34.0,10.0,60.92,11.36,0.0,0.0,72.28,Credit Card,Demo City Service,41.857605680140146,-87.63440249215577,41.99917027689316,-87.80237268564088
demo_trip_000349,demo_taxi_0019,2024-03-14T02:47:10.000,2024-03-14T03:22:41.000,2131,5.64,,,51.0,54.0,19.61,0.0,0.0,0.0,19.61,Credit Card,Demo Flash Cab,41.71849672454187,-87.55072541864973,41.65867977173697,-87.61638998206148
demo_trip_000350,demo_taxi_0063,2024-03-15T05:07:53.000,2024-03-15T05:35:41.000,1668,0.0,,,46.0,11.0,36.38,6.26,0.0,0.0,42.64,Credit Card,Demo Sun Taxi,41.74829910709876,-87.55639466946839,41.98442155124323,-87.76971433616778
demo_trip_000351,demo_taxi_0005,2024-03-19T19:33:02.000,2024-03-19T20:06:41.000,2019,13.01,,,23.0,5.0,61.38,0.0,0.0,0.72,62.1,Cash,Demo City Service,41.90356443022737,-87.7316877474851,41.957705891862986,-87.67667734363216
demo_trip_000352,demo_taxi_0035,2024-03-19T08:20:14.000,2024-03-19T08:38:08.000,1074,6.66,,,69.0,54.0,16.94,3.45,0.0,0.0,20.39,Credit Card,Demo Sun Taxi,41.77008347231661,-87.62275628556247,41.64932069574555,-87.58342531337985
demo_trip_000353,demo_taxi_0052,2024-03-13T15:36:11.000,2024-03-13T16:08:00.000,1909,11.48,,,59.0,11.0,55.67,0.0,0.0,0.0,55.67,Cash,Demo Sun Taxi,41.82854668462075,-87.66627995880832,41.9967012914475,-87.77765970287237
demo_trip_000354,demo_taxi_0116,2024-03-10T12:33:36.000,2024-03-10T12:54:39.000,1263,2.97,,,75.0,6.0,10.08,0.0,0.0,0.0,10.08,Credit Card,Demo Globe Taxi,41.683580313329706,-87.68429078118795,41.93751170316537,-87.65025001392738
demo_trip_000355,demo_taxi_0119,2024-03-11T19:59:00.000,2024-03-11T20:31:23.000,1943,5.01,,,,,17.1,3.11,0.0,0.0,20.21,Cash,Demo Sun Taxi,41.64985166566494,-87.58922606484109,41.90467766743708,-87.71633805325857
demo_trip_000356,demo_taxi_0018,2024-03-12T14:56:01.000,2024-03-12T15:04:25.000,504,3.05,,,23.0,23.0,13.16,0.0,0.0,0.0,13.16,Mobile,Demo City Service,41.896582028958456,-87.73989029300503,41.8996598418493,-87.73895645731135
demo_trip_000357,demo_taxi_0107,2024-03-08T14:39:30.000,2024-03-08T14:53:28.000,838,7.95,,,54.0,35.0,27.59,0.0,0.0,0.0,27.59,Credit Card,Demo Taxi Co,41.659596318725214,-87.60074284335982,41.84326068586327,-87.62940451326301
demo_trip_000358,demo_taxi_0010,2024-03-17T23:40:58.000,2024-03-17T23:51:53.000,655,3.46,,,23.0,75.0,13.98,0.0,0.0,0.0,13.98,Mobile,Demo Globe Taxi,41.89323475598927,-87.73555854946252,41.690759482555514,-87.68656676168638
demo_trip_000359,demo_taxi_0089,2024-03-08T07:53:31.000,2024-03-08T08:11:33.000,1082,6.24,,,51.0,67.0,29.7,0.0,0.0,0.0,29.7,Mobile,Demo Globe Taxi,41.68663854438143,-87.57046856496626,41.78048979327301,-87.66498357038498
demo_trip_000360,demo_taxi_0101,2024-03-17T19:11:26.000,2024-03-17T19:44:34.000,1988,19.06,,,5.0,51.0,87.97,0.0,0.0,1.99,89.96,Cash,Demo City Service,41.9480931968764,-87.68129533918699,41.705479616345954,-87.56827064002535
demo_trip_000361,demo_taxi_0106,2024-03-19T04:43:39.000,2024-03-19T04:50:54.000,435,3.51,,,5.0,48.0,13.3,0.0,0.0,0.0,13.3,Credit Card,Demo Globe Taxi,41.949805354556965,-87.69163180042067,41.723908408646906,-87.56424824784254
demo_trip_000362,demo_taxi_0026,2024-03-24T13:46:33.000,2024-03-24T14:16:34.000,1801,14.4,,,23.0,10.0,61.8,0.0,0.0,0.0,61.8,Cash,Demo Globe Taxi,41.89793885757364,-87.7184030156635,41.987228736783806,-87.81505790990003
demo_trip_000363,demo_taxi_0107,2024-03-06T20:07:23.000,2024-03-06T20:41:06.000,2023,12.15,,,69.0,51.0,42.3,0.0,0.0,0.0,42.3,Credit Card,Demo Taxi Co,41.76761377611345,-87.6248811428252,41.70837558966019,-87.582506652619
demo_trip_000364,demo_taxi_0013,2024-03-19T17:52:35.000,2024-03-19T18:20:24.000,1669,14.95,,,54.0,54.0,66.38,0.0,0.0,0.0,66.38,No Charge,Demo Sun Taxi,41.66327950920033,-87.6118648048423,41.679081666731804,-87.60698398371004
demo_trip_000365,demo_taxi_0062,2024-03-05T17:41:00.000,2024-03-05T18:07:54.000,1614,10.62,,,10.0,13.0,31.07,0.0,0.0,0.0,31.07,Cash,Demo Sun Taxi,41.981503346671936,-87.7889232756819,41.98811010232275,-87.73408570185772
demo_trip_000366,demo_taxi_0056,2024-03-11T09:20:14.000,2024-03-11T09:28:21.000,487,3.48,,,19.0,54.0,9.1,0.0,0.0,0.0,9.1,Cash,Demo Flash Cab,41.92301478328259,-87.74211377648865,41.67769647081007,-87.61139421074267
demo_trip_000367,demo_taxi_0037,2024-03-07T12:29:40.000,2024-03-07T12:55:20.000,1540,12.52,,,13.0,54.0,48.22,0.0,0.0,0.0,48.22,Cash,Demo Flash Cab,41.983955068972186,-87.72625205159694,41.65372927860466,-87.58554204042488
demo_trip_000368,demo_taxi_0002,2024-03-07T11:29:20.000,2024-03-07T11:40:42.000,682,3.6,,,13.0,46.0,10.94,0.0,0.0,0.0,10.94,Credit Card,Demo City Service,41.9934260341509,-87.72908241382855,41.735447478426295,-87.54693588198357
demo_trip_000369,demo_taxi_0092,2024-03-07T15:55:03.000,2024-03-07T16:07:09.000,726,6.8,,,1.0,36.0,29.39,0.0,0.0,0.0,29.39,Cash,Demo Sun Taxi,42.01219593346225,-87.67997974564516,41.817169861073786,-87.59739780475445
demo_trip_000370,demo_taxi_0040,2024-03-04T13:58:07.000,2024-03-04T14:32:59.000,2092,20.15,,,36.0,5.0,55.48,7.48,0.0,0.0,62.96,Mobile,Demo City Service,41.82569381976697,-87.60735907738945,41.95132144207203,-87.6868075511837
demo_trip_000371,demo_taxi_0079,2024-03-21T10:48:51.000,2024-03-21T11:14:36.000,1545,10.24,,,59.0,51.0,25.82,0.0,0.0,0.0,25.82,Credit Card,Demo Flash Cab,41.83341976262363,-87.67861993099673,41.67456548845589,-87.57441262506356
demo_trip_000372,demo_taxi_0049,2024-03-05T10:39:19.000,2024-03-05T11:19:04.000,2385,9.27,,,5.0,23.0,38.83,0.0,0.0,0.0,38.83,Credit Card,Demo City Service,41.949434887712954,-87.68699310757836,41.91000088487568,-87.7182672055254
demo_trip_000373,demo_taxi_0044,2024-03-12T09:06:01.000,2024-03-12T09:25:50.000,1189,9.55,,,59.0,48.0,35.83,7.88,0.0,0.0,43.71,Dispute,Demo Globe Taxi,41.83415876911646,-87.68664090424417,41.72795308025429,-87.58507362279181
demo_trip_000374,demo_taxi_0106,2024-03-18T11:54:43.000,2024-03-18T12:10:57.000,974,4.52,,,11.0,19.0,22.06,3.19,0.0,0.0,25.25,Credit Card,Demo Taxi Co,41.98623905276474,-87.7704641771524,41.9271522839944,-87.78909000539764
demo_trip_000375,demo_taxi_0011,2024-03-24T07:08:31.000,2024-03-24T07:48:20.000,2389,15.65,,,48.0,67.0,48.81,7.99,0.0,0.94,57.74,Mobile,Demo Taxi Co,41.72471946913117,-87.57966804007322,41.791393487433055,-87.6779880690378
demo_trip_000376,demo_taxi_0088,2024-03-21T20:10:27.000,2024-03-21T20:36:28.000,1561,4.48,,,59.0,67.0,12.58,0.0,0.0,0.0,12.58,Credit Card,Demo Globe Taxi,41.833842985074014,-87.68031255150409,41.772921904453355,-87.66830605229637
demo_trip_000377,demo_taxi_0089,2024-03-06T16:04:53.000,2024-03-06T16:39:49.000,2096,17.35,,,19.0,1.0,44.38,6.24,0.0,0.0,50.62,Cash,Demo Taxi Co,41.93184519782169,-87.78830523480177,42.01222488180868,-87.6764381848736
demo_trip_000378,demo_taxi_0045,2024-03-24T07:56:18.000,2024-03-24T08:00:56.000,278,2.62,,,34.0,75.0,9.46,2.06,0.0,0.0,11.52,Cash,Demo Taxi Co,41.854855445235906,-87.63691298877998,41.69488153545345,-87.68812095763282
demo_trip_000379,demo_taxi_0031,2024-03-17T17:29:34.000,2024-03-17T17:52:01.000,1347,3.95,,,19.0,13.0,10.87,2.24,0.0,0.0,13.11,Credit Card,Demo City Service,41.924082764978074,-87.77939186930018,41.98630139445679,-87.7265375722304
demo_trip_000380,demo_taxi_0000,2024-03-07T19:14:44.000,2024-03-07T19:47:57.000,1993,15.36,,,5.0,54.0,68.18,10.93,0.0,0.0,79.11,Credit Card,Demo Globe Taxi,41.9575946727513,-87.68921376170533,41.65229165654182,-87.58505361257654
demo_trip_000381,demo_taxi_0112,2024-03-13T08:04:36.000,2024-03-13T08:37:30.000,1974,17.13,,,10.0,69.0,45.91,8.57,0.0,0.0,54.48,Credit Card,Demo Taxi Co,41.98832880492119,-87.79671703519989,41.76438295018497,-87.6315260460761
demo_trip_000382,demo_taxi_0113,2024-03-23T07:24:12.000,2024-03-23T07:53:39.000,1767,5.38,,,46.0,29.0,25.83,4.36,0.0,0.0,30.19,Cash,Demo Taxi Co,41.73566957154524,-87.55559548301719,41.85830404552089,-87.69861741821417
demo_trip_000383,demo_taxi_0028,2024-03-12T00:43:40.000,2024-03-12T00:52:45.000,545,2.22,,,11.0,48.0,8.55,0.0,0.0,0.0,8.55,Credit Card,Demo Globe Taxi,41.97131054093888,-87.76635244973177,41.73083406928329,-87.56744436798398
demo_trip_000384,demo_taxi_0003,2024-03-07T04:59:44.000,2024-03-07T05:22:57.000,1393,7.19,,,6.0,13.0,30.49,0.0,0.0,0.0,30.49,Credit Card,Demo Sun Taxi,41.941221593017154,-87.66689784747695,41.97821911709851,-87.74577618093551
demo_trip_000385,demo_taxi_0014,2024-03-22T18:33:07.000,2024-03-22T18:39:52.000,405,3.44,,,,,9.73,0.0,0.0,0.0,9.73,Cash,Demo Sun Taxi,42.01494045839072,-87.67950091797515,41.68572516491952,-87.6553084124802
demo_trip_000386,demo_taxi_0008,2024-03-24T23:36:09.000,2024-03-25T00:08:49.000,1960,11.61,,,69.0,36.0,31.62,4.2,0.0,0.0,35.82,Dispute,Demo Taxi Co,41.755911277961765,-87.63871609515454,41.818362873323636,-87.60522847297788
demo_trip_000387,demo_taxi_0099,2024-03-24T04:50:40.000,2024-03-24T05:17:00.000,1580,5.13,,,29.0,29.0,17.36,2.87,0.0,0.0,20.23,Credit Card,Demo Flash Cab,41.85816731423113,-87.71461765137198,41.86585686296643,-87.70879368844646
demo_trip_000388,demo_taxi_0107,2024-03-24T18:54:07.000,2024-03-24T19:04:17.000,610,2.53,,,34.0,54.0,9.62,1.73,0.0,0.0,11.35,Cash,Demo Flash Cab,41.824849735174254,-87.63233930259493,41.65931050363697,-87.60692521626636
demo_trip_000389,demo_taxi_0018,2024-03-22T05:16:52.000,2024-03-22T05:46:45.000,1793,10.27,,,5.0,34.0,40.45,0.0,0.0,0.0,40.45,Mobile,Demo Globe Taxi,41.935153341844405,-87.68682378833647,41.82863888214682,-87.63451662621742
demo_trip_000390,demo_taxi_0089,2024-03-13T16:59:06.000,2024-03-13T16:59:06.000,0,4.47,,,11.0,67.0,14.86,2.8,0.0,0.0,17.66,Cash,Demo Taxi Co,41.99693114258141,-87.7738280119017,41.99693114258141,-87.7738280119017
demo_trip_000391,demo_taxi_0021,2024-03-08T18:31:58.000,2024-03-08T18:36:55.000,297,2.07,,,51.0,23.0,6.59,1.23,0.0,0.0,7.82,Dispute,Demo Sun Taxi,41.69852298207687,-87.55735652594095,41.89739114244738,-87.7044657989979
demo_trip_000392,demo_taxi_0044,2024-03-16T11:55:40.000,2024-03-16T12:01:58.000,378,0.91,,,29.0,19.0,4.51,0.0,0.0,0.0,4.51,Cash,Demo Globe Taxi,41.86232321881383,-87.70074759594591,41.9187825344667,-87.76568857340365
demo_trip_000393,demo_taxi_0071,2024-03-08T01:07:26.000,2024-03-08T01:17:52.000,626,5.06,,,34.0,11.0,16.1,4.02,0.0,0.0,20.12,Cash,Demo Flash Cab,41.83244493950118,-87.6361567833056,41.987611303158985,-87.77383595681388
demo_trip_000394,demo_taxi_0086,2024-03-13T16:05:16.000,2024-03-13T16:10:51.000,335,2.59,,,19.0,51.0,7.37,0.0,0.0,0.0,7.37,Cash,Demo Taxi Co,41.91754999229644,-87.76671095583548,41.71392396574874,-87.57912828932162
demo_trip_000395,demo_taxi_0104,2024-03-17T23:53:20.000,2024-03-18T00:16:12.000,1372,0.0,,,11.0,6.0,40.61,0.0,0.0,0.0,40.61,Credit Card,Demo Taxi Co,41.9749089491965,-87.76800835430858,41.95850910382997,-87.67155701909708
demo_trip_000396,demo_taxi_0005,2024-03-23T09:40:44.000,2024-03-23T10:16:17.000,2133,7.26,,,23.0,48.0,23.67,0.0,0.0,0.0,23.67,Cash,Demo City Service,41.90084744123798,-87.72677705995413,41.725866730558046,-87.56741253062226
demo_trip_000397,demo_taxi_0023,2024-03-10T08:10:45.000,2024-03-10T08:16:04.000,319,188.20695116920623,,,29.0,59.0,4.199614403514325,1.02,0.0,0.0,8.66,Cash,Demo Flash Cab,41.85453510020445,-87.71673205625893,41.83588042743172,-87.67306040169143
demo_trip_000398,demo_taxi_0033,2024-03-09T07:53:12.000,2024-03-09T08:18:56.000,1544,12.48,,,23.0,34.0,50.66,5.92,0.0,0.0,56.58,Credit Card,Demo Flash Cab,41.90983149633759,-87.73995550811557,41.84412597938669,-87.63206570871631
demo_trip_000399,demo_taxi_0037,2024-03-19T15:06:32.000,2024-03-19T15:25:13.000,1121,6.83,,,23.0,13.0,27.37,0.0,0.0,0.0,27.37,Cash,Demo City Service,41.89869104111162,-87.7102187005332,41.97634251222088,-87.73847390488733
demo_trip_000400,demo_taxi_0119,2024-03-04T16:40:59.000,2024-03-04T17:14:55.000,2036,6.52,,,36.0,36.0,27.68,5.9,0.0,0.0,33.58,Cash,Demo Flash Cab,41.82765736519495,-87.60759786400267,41.82121984611432,-87.60594733076312
demo_trip_000401,demo_taxi_0093,2024-03-15T19:12:15.000,2024-03-15T19:33:05.000,1250,3.71,,,69.0,54.0,10.73,2.16,0.0,0.0,12.89,Credit Card,Demo Flash Cab,41.763082998521746,-87.59470496545954,41.64849927002937,-87.5809870923786
demo_trip_000402,demo_taxi_0038,2024-03-19T18:04:41.000,2024-03-19T18:32:25.000,1664,11.26,,,51.0,67.0,29.44,0.0,0.0,0.0,29.44,Credit Card,Demo Taxi Co,41.66623030926128,-87.59388028361668,41.77918566702798,-87.6758008856862
demo_trip_000403,demo_taxi_0116,2024-03-15T20:48:10.000,2024-03-15T21:25:16.000,2226,13.25,,,29.0,67.0,59.32,7.47,0.0,2.97,69.76,Credit Card,Demo Globe Taxi,41.86447739835774,-87.73965105779463,41.77117977492108,-87.67714575692938
demo_trip_000404,demo_taxi_0059,2024-03-12T19:50:50.000,2024-03-12T19:58:52.000,482,4.43,,,67.0,6.0,13.48,2.94,0.0,0.0,16.42,Credit Card,Demo Globe Taxi,41.76355750656317,-87.65948583302398,41.9519092987713,-87.66449955287861
demo_trip_000405,demo_taxi_0060,2024-03-21T08:06:10.000,2024-03-21T08:20:50.000,880,7.46,,,75.0,5.0,24.54,0.0,0.0,0.0,24.54,Cash,Demo City Service,41.6922385282748,-87.67797980697046,41.95741264748726,-87.68167841309803
demo_trip_000406,demo_taxi_0052,2024-03-11T15:05:17.000,2024-03-11T15:18:15.000,778,5.95,,,29.0,69.0,21.65,0.0,0.0,0.0,21.65,Credit Card,Demo Sun Taxi,41.866554170019235,-87.73743047779271,41.77508663301369,-87.62490246039108
demo_trip_000407,demo_taxi_0017,2024-03-18T09:36:27.000,2024-03-18T09:45:41.000,554,5.31,,,1.0,23.0,22.78,5.15,0.0,0.0,27.93,Credit Card,Demo Sun Taxi,42.00774809930759,-87.66112682533833,41.89406597244622,-87.70393050418905
demo_trip_000408,demo_taxi_0112,2024-03-13T10:01:22.000,2024-03-13T10:28:20.000,1618,12.02,,,48.0,6.0,34.97,0.0,0.0,0.0,34.97,Credit Card,Demo Globe Taxi,41.73416890979603,-87.59207306421476,41.95211951265074,-87.64692336163513
demo_trip_000409,demo_taxi_0001,2024-03-04T21:44:10.000,2024-03-04T21:47:26.000,196,0.57,,,11.0,19.0,2.71,0.0,0.0,0.0,2.71,No Charge,Demo Flash Cab,41.97669327709867,-87.78391132702572,41.925189520710575,-87.77720316490876
demo_trip_000410,,2024-03-15T17:54:38.000,2024-03-15T18:11:54.000,1036,2.9,,,10.0,23.0,9.58,1.84,0.0,0.0,11.42,Mobile,Demo Sun Taxi,41.99196984154604,-87.81541733196107,41.90801120770169,-87.71969122965119
demo_trip_000411,demo_taxi_0027,2024-03-05T22:45:01.000,2024-03-05T22:52:30.000,449,3.75,,,13.0,51.0,18.59,0.0,0.0,0.0,18.59,Credit Card,Demo Globe Taxi,41.99637086999108,-87.71342411467717,41.701029933440324,-87.59092426351228
demo_trip_000412,demo_taxi_0033,2024-03-23T12:13:59.000,2024-03-23T12:39:44.000,1545,7.61,,,54.0,19.0,24.45,2.9,0.0,0.0,27.35,Credit Card,Demo Taxi Co,41.66513382011382,-87.60792722261363,41.92642234686434,-87.75713601042717
demo_trip_000413,demo_taxi_0015,2024-03-16T15:11:03.000,2024-03-16T15:41:49.000,1846,16.9,,,54.0,69.0,72.91,0.0,0.0,1.03,73.94,Credit Card,Demo City Service,41.66930383143933,-87.60463094428249,41.76094572448134,-87.61399023872741
demo_trip_000414,demo_taxi_0002,2024-03-11T14:40:20.000,2024-03-11T15:00:36.000,1216,3.78,,,36.0,5.0,13.01,3.19,0.0,0.0,16.2,Credit Card,Demo City Service,41.82211778524018,-87.60298539014079,41.954058200069,-87.68949697937235
demo_trip_000415,demo_taxi_0081,2024-03-14T06:03:55.000,2024-03-14T06:23:22.000,1167,4.33,,,48.0,5.0,19.88,3.5,0.0,0.0,23.38,Cash,Demo Sun Taxi,41.7346940581714,-87.56434917816334,41.954831230864905,-87.69376640223338
demo_trip_000416,demo_taxi_0116,2024-03-17T08:32:09.000,2024-03-17T08:51:47.000,1178,9.45,,,35.0,6.0,34.55,0.0,0.0,0.0,34.55,Cash,Demo Flash Cab,41.83124011027704,-87.6233767967986,41.94716968155602,-87.66264657226473
demo_trip_000417,demo_taxi_0014,2024-03-09T15:26:04.000,2024-03-09T15:36:25.000,621,5.33,,,5.0,1.0,24.92,0.0,0.0,0.0,24.92,Cash,Demo Sun Taxi,41.95501982219224,-87.68028998528152,42.01358057345692,-87.66432570656445
demo_trip_000418,demo_taxi_0035,2024-03-10T05:44:44.000,2024-03-10T06:01:37.000,1013,8.84,,,11.0,54.0,38.76,6.59,0.0,0.0,45.35,Mobile,Demo City Service,41.973836895858646,-87.75880829897277,41.65642046659504,-87.58958790627678
demo_trip_000419,demo_taxi_0060,2024-03-12T21:12:04.000,2024-03-12T21:49:35.000,2251,6.68,,,10.0,19.0,26.49,0.0,0.0,0.0,26.49,Mobile,Demo Flash Cab,41.99948739400791,-87.80491360260326,41.93391518564548,-87.76091811634453
demo_trip_000420,demo_taxi_0111,2024-03-09T07:45:53.000,2024-03-09T07:50:24.000,271,1.38,,,69.0,75.0,4.31,0.0,0.0,0.0,4.31,Credit Card,Demo Taxi Co,41.76467814455554,-87.62116424250749,41.698666910027654,-87.69106211827682
demo_trip_000421,demo_taxi_0083,2024-03-19T08:41:27.000,2024-03-19T09:13:35.000,1928,13.63,,,5.0,69.0,42.93,0.0,0.0,0.0,42.93,Cash,Demo Sun Taxi,41.9355407840968,-87.6737092274624,41.76027133348162,-87.60125979560013
demo_trip_000422,demo_taxi_0091,2024-03-06T18:14:52.000,2024-03-06T18:23:57.000,545,4.97,,,29.0,23.0,24.74,5.18,0.0,0.59,30.51,Credit Card,Demo City Service,41.867173904403465,-87.70327673803615,41.890959320319745,-87.71242556835043
demo_trip_000423,demo_taxi_0069,2024-03-21T06:21:14.000,2024-03-21T06:28:27.000,433,1.74,,,59.0,34.0,8.38,1.02,0.0,0.0,9.4,Cash,Demo Taxi Co,41.83446503792901,-87.68272567718795,41.828862518730126,-87.6326292390215
demo_trip_000424,demo_taxi_0050,2024-03-11T20:03:08.000,2024-03-11T20:16:42.000,814,5.47,,,67.0,35.0,15.57,0.0,0.0,0.0,15.57,Credit Card,Demo City Service,41.78879838364387,-87.66758032788118,41.82524456176094,-87.62559226986053
demo_trip_000425,demo_taxi_0023,2024-03-15T18:26:57.000,2024-03-15T18:39:54.000,777,2.56,,,54.0,13.0,7.71,1.62,0.0,0.0,9.33,Credit Card,Demo Flash Cab,41.64645756761742,-87.5951160612095,41.976596827488386,-87.7168018170106
demo_trip_000426,demo_taxi_0103,2024-03-07T05:15:45.000,2024-03-07T05:30:26.000,881,6.9,,,19.0,23.0,19.09,2.27,0.0,0.0,21.36,Credit Card,Demo Sun Taxi,41.91505737689156,-87.74845227413724,41.89225212658915,-87.73155878907195
demo_trip_000427,demo_taxi_0096,2024-03-12T17:06:54.000,2024-03-12T17:41:19.000,2065,6.56,,,75.0,19.0,19.7,3.28,0.0,2.34,25.32,Credit Card,Demo Globe Taxi,41.69788659541686,-87.67906101581812,41.93742146618861,-87.77565259114473
demo_trip_000428,demo_taxi_0003,2024-03-19T16:33:19.000,2024-03-19T17:09:47.000,2188,21.27,,,35.0,69.0,68.61,8.01,0.0,0.0,76.62,Credit Card,Demo Taxi Co,41.82759288452433,-87.61697808454039,41.75918457816434,-87.61663881711057
demo_trip_000429,demo_taxi_0085,2024-03-09T18:34:24.000,2024-03-09T19:03:01.000,1717,5.0,,,46.0,10.0,22.97,0.0,0.0,0.0,22.97,Cash,Demo City Service,41.75083596637601,-87.5608574011543,41.99431406225263,-87.81789518217212
demo_trip_000430,demo_taxi_0010,2024-03-06T19:05:34.000,2024-03-06T19:13:58.000,504,3.71,,,48.0,6.0,10.16,2.41,0.0,0.0,12.57,Credit Card,Demo City Service,41.723793809253564,-87.56040892272745,41.95222238093797,-87.67105920457628
demo_trip_000431,demo_taxi_0088,2024-03-14T17:11:26.000,2024-03-14T17:49:25.000,2279,18.35,,,1.0,36.0,86.34,17.52,0.0,0.0,103.86,Unknown,Demo Taxi Co,42.00779812793648,-87.679840336579,41.828372332532,-87.60885779457433
demo_trip_000432,demo_taxi_0099,2024-03-07T16:04:14.000,2024-03-07T16:38:35.000,2061,8.57,,,13.0,35.0,42.25,4.37,0.0,0.0,46.62,Credit Card,Demo Flash Cab,41.97426470493605,-87.71941416579487,41.82732322972738,-87.6241770666746
demo_trip_000433,demo_taxi_0015,2024-03-10T10:40:22.000,2024-03-10T10:46:11.000,349,1.44,,,69.0,13.0,4.61,0.55,0.0,0.0,5.16,No Charge,Demo Flash Cab,41.76267980978743,-87.60222973783914,41.97581830761182,-87.70684962718235
demo_trip_000434,demo_taxi_0052,2024-03-13T17:20:36.000,2024-03-13T17:37:55.000,1039,6.95,,,67.0,6.0,25.3,3.65,0.0,0.0,28.95,Credit Card,Demo Globe Taxi,41.77846000133967,-87.6733686477007,41.94421355078536,-87.6401314629948
demo_trip_000435,demo_taxi_0014,2024-03-15T22:04:02.000,2024-03-15T22:35:43.000,1901,13.21,,,13.0,59.0,50.51,11.84,0.0,0.0,62.35,Credit Card,Demo Globe Taxi,41.99552962829507,-87.7109450189495,41.82443528147883,-87.66476801212876
demo_trip_000436,demo_taxi_0068,2024-03-17T16:11:20.000,2024-03-17T16:17:37.000,377,2.88,,,54.0,35.0,8.68,0.0,0.0,0.0,8.68,Credit Card,Demo Sun Taxi,41.67132828637813,-87.60594988607122,41.83496645833754,-87.61019949560173
demo_trip_000437,demo_taxi_0111,2024-03-18T17:58:17.000,2024-03-18T18:04:06.000,349,2.29,,,1.0,48.0,9.91,1.91,0.0,0.0,11.82,Credit Card,Demo City Service,42.01200905190043,-87.67782634553573,41.72534147159294,-87.55062521317639
demo_trip_000438,demo_taxi_0009,2024-03-21T12:15:04.000,2024-03-21T12:40:29.000,1525,5.38,,,69.0,1.0,21.25,2.61,0.0,0.0,23.86,Credit Card,Demo Flash Cab,41.76927678319105,-87.62775715428864,42.004147737782155,-87.66028382531327
demo_trip_000439,demo_taxi_0047,2024-03-05T18:41:07.000,2024-03-05T18:56:34.000,927,8.49,,,51.0,1.0,23.61,0.0,0.0,2.85,26.46,Cash,Demo Flash Cab,41.68096988567149,-87.54893818367903,42.0148203553158,-87.67796268878128
demo_trip_000440,demo_taxi_0116,2024-03-11T23:28:29.000,2024-03-11T23:47:49.000,1160,4.03,,,51.0,48.0,19.1,0.0,0.0,0.0,19.1,Credit Card,Demo Taxi Co,41.677444977831996,-87.55769642470388,41.73479432297826,-87.57554056221744
demo_trip_000441,demo_taxi_0036,2024-03-04T07:10:06.000,2024-03-04T07:40:52.000,1846,11.93,,,51.0,46.0,38.84,0.0,0.0,2.64,41.48,Credit Card,Demo Flash Cab,41.693476284259354,-87.57386477509169,41.73214235717179,-87.54659767526141
demo_trip_000442,demo_taxi_0015,2024-03-04T08:18:20.000,2024-03-04T08:41:29.000,1389,12.67,,,35.0,51.0,36.62,0.0,0.0,0.0,36.62,Credit Card,Demo Globe Taxi,41.824992008505625,-87.61577512876681,41.715244982097595,-87.56620851761882
demo_trip_000443,demo_taxi_0058,2024-03-08T15:00:33.000,2024-03-08T15:29:51.000,1758,15.94,,,46.0,1.0,78.98,12.97,0.0,0.0,91.95,Cash,Demo Taxi Co,41.72434635246643,-87.54747914242914,42.01642946475195,-87.67368318013489
demo_trip_000444,demo_taxi_0061,2024-03-16T14:44:52.000,2024-03-16T14:52:31.000,459,1.6,,,48.0,1.0,4.41,0.83,0.0,0.0,5.24,Credit Card,Demo City Service,41.7315420731576,-87.57655015866054,42.01157920144299,-87.67213768860553
demo_trip_000445,demo_taxi_0079,2024-03-22T15:20:05.000,2024-03-22T15:23:09.000,184,0.0,,,75.0,69.0,1.96,0.31,0.0,0.0,2.27,Credit Card,Demo Globe Taxi,41.695575822600304,-87.66061051768295,41.75267211898285,-87.60482810413895
demo_trip_000446,demo_taxi_0037,2024-03-20T04:29:26.000,2024-03-20T04:41:44.000,738,4.97,,,5.0,34.0,15.38,2.02,0.0,1.04,18.44,Credit Card,Demo Sun Taxi,41.94829086833501,-87.68697165470046,41.844379512255834,-87.63306886448788
demo_trip_000447,demo_taxi_0114,2024-03-17T12:09:06.000,2024-03-17T12:19:34.000,628,2.98,,,11.0,11.0,9.83,0.0,0.0,0.0,9.83,Cash,Demo Flash Cab,41.97689968819871,-87.76754250643262,41.969869536361834,-87.77644635535485
demo_trip_000448,demo_taxi_0062,2024-03-20T16:49:25.000,2024-03-20T17:04:24.000,899,6.93,,,75.0,69.0,24.84,0.0,0.0,1.15,25.99,Cash,Demo Flash Cab,41.68962698042637,-87.66203130393379,41.76094395396511,-87.5956453217826
demo_trip_000449,demo_taxi_0034,2024-03-07T16:13:28.000,2024-03-07T16:45:16.000,1908,11.72,,,69.0,13.0,49.38,0.0,0.0,0.0,49.38,Cash,Demo Globe Taxi,41.77779762357358,-87.62079700175487,41.978624457323555,-87.7227281349424
demo_trip_000450,demo_taxi_0115,2024-03-21T17:33:47.000,2024-03-21T17:42:24.000,517,2.18,,,13.0,59.0,7.44,0.0,0.0,0.0,7.44,Cash,Demo Globe Taxi,41.98478381589047,-87.71391281950164,41.833954587474736,-87.66103716224143
demo_trip_000451,demo_taxi_0110,2024-03-22T18:52:26.000,2024-03-22T19:00:06.000,460,2.44,,,11.0,11.0,9.51,0.0,0.0,0.0,9.51,Credit Card,Demo Sun Taxi,41.98926962859599,-87.77573549214154,41.97370519119827,-87.76609857511643
demo_trip_000452,demo_taxi_0059,2024-03-05T17:42:56.000,2024-03-05T17:53:21.000,625,4.63,,,6.0,59.0,11.64,0.0,0.0,0.0,11.64,Cash,Demo Sun Taxi,41.94144045857316,-87.6440964316579,41.83219244147923,-87.65925764339569
demo_trip_000453,demo_taxi_0002,2024-03-13T18:36:08.000,2024-03-13T18:51:12.000,904,7.33,,,29.0,5.0,25.38,0.0,0.0,0.0,25.38,Cash,Demo Flash Cab,41.86205965229987,-87.68884452933415,41.96091393731748,-87.69194537470399
demo_trip_000454,demo_taxi_0071,2024-03-21T16:53:03.000,2024-03-21T17:03:20.000,617,3.08,,,1.0,46.0,14.98,0.0,0.0,0.0,14.98,Cash,Demo Flash Cab,41.99971186652929,-87.66642082488366,41.72817247324962,-87.55221689355378
demo_trip_000455,demo_taxi_0066,2024-03-13T15:10:00.000,2024-03-13T15:19:48.000,588,1.77,,,67.0,67.0,7.85,1.87,0.0,0.0,9.72,Credit Card,Demo Sun Taxi,41.77396474716075,-87.67248191769986,41.79268874129035,-87.66635752801051
demo_trip_000456,demo_taxi_0017,2024-03-21T16:57:21.000,2024-03-21T17:21:47.000,1466,7.14,,,46.0,6.0,31.07,0.0,0.0,0.0,31.07,Cash,Demo Taxi Co,41.7394049825502,-87.54706541269069,41.944801915067615,-87.65550102354202
demo_trip_000457,demo_taxi_0076,2024-03-23T06:33:11.000,2024-03-23T06:40:18.000,427,2.97,,,29.0,1.0,9.69,0.0,0.0,0.0,9.69,Cash,Demo Sun Taxi,41.86632133088625,-87.70345594591438,42.00498411018868,-87.67077447405183
demo_trip_000458,demo_taxi_0100,2024-03-13T09:24:05.000,2024-03-13T09:32:46.000,521,4.13,,,29.0,34.0,15.37,0.0,0.0,0.0,15.37,Cash,Demo Flash Cab,41.86516000241154,-87.70018426620501,41.848750128156524,-87.63051813576037
demo_trip_000459,demo_taxi_0012,2024-03-05T15:15:14.000,2024-03-05T15:49:11.000,2037,17.97,,,51.0,23.0,82.87,0.0,0.0,0.0,82.87,Cash,Demo Globe Taxi,41.66461111643091,-87.54884319010438,41.89828503611057,-87.73661664115073
demo_trip_000460,demo_taxi_0086,2024-03-11T20:44:58.000,2024-03-11T20:48:38.000,220,2.08,,,29.0,23.0,9.78,0.0,0.0,0.0,9.78,Cash,Demo Flash Cab,41.84996047579524,-87.72252636488167,41.89586018918846,-87.7411467364444
demo_trip_000461,demo_taxi_0016,2024-03-08T17:58:48.000,2024-03-08T18:04:04.000,316,1.96,,,35.0,67.0,8.38,0.0,0.0,0.0,8.38,Credit Card,Demo Globe Taxi,41.83291551539361,-87.61730220086554,41.768236924267,-87.66244143346889
demo_trip_000462,demo_taxi_0089,2024-03-13T06:41:01.000,2024-03-13T06:46:35.000,334,2.95,,,23.0,36.0,10.74,0.0,0.0,0.0,10.74,Credit Card,Demo City Service,41.912042862843876,-87.71692690773605,41.821152480848795,-87.60653948472974
demo_trip_000463,demo_taxi_0050,2024-03-16T16:01:54.000,2024-03-16T16:24:44.000,1370,5.74,,,29.0,46.0,15.4,2.97,0.0,0.0,18.37,Credit Card,Demo Flash Cab,41.85865611443166,-87.71509967154365,41.73349478829014,-87.5404415534621
demo_trip_000464,demo_taxi_0000,2024-03-13T08:28:12.000,2024-03-13T08:56:54.000,1722,11.05,,,23.0,34.0,30.92,5.2,0.0,1.35,37.47,Credit Card,Demo Taxi Co,41.88816052618785,-87.72946277830981,41.82485945374046,-87.62962714359496
demo_trip_000465,demo_taxi_0115,2024-03-08T18:43:24.000,2024-03-08T19:12:01.000,1717,10.76,,,10.0,1.0,26.91,3.23,0.0,0.0,30.14,Cash,Demo City Service,41.99757406813312,-87.7996072096253,42.004871652881114,-87.67640476171957
demo_trip_000466,demo_taxi_0019,2024-03-10T19:23:19.000,2024-03-10T19:51:50.000,1711,13.67,,,10.0,19.0,46.45,0.0,0.0,0.0,46.45,Cash,Demo Taxi Co,41.975594467953414,-87.8041148057793,41.93465649176719,-87.74634052440899
demo_trip_000467,demo_taxi_0071,2024-03-18T16:46:24.000,2024-03-18T16:46:24.000,0,2.46,,,46.0,54.0,6.29,0.0,0.0,1.67,7.96,Cash,Demo City Service,41.74447560529149,-87.54028954813427,41.74447560529149,-87.54028954813427
demo_trip_000468,demo_taxi_0021,2024-03-04T16:42:45.000,2024-03-04T16:58:29.000,944,4.12,,,51.0,34.0,14.78,3.54,0.0,1.81,20.13,Cash,Demo Taxi Co,41.715042685135714,-87.56817407274376,41.827845281364105,-87.63472118527794
demo_trip_000469,demo_taxi_0111,2024-03-08T10:04:42.000,2024-03-08T10:31:08.000,1586,14.06,,,54.0,19.0,56.15,12.6,0.0,0.0,68.75,Cash,Demo Globe Taxi,41.66389681150839,-87.59829134313489,41.92029140183798,-87.76754625480842
demo_trip_000470,demo_taxi_0088,2024-03-22T13:33:35.000,2024-03-22T14:01:49.000,1694,15.09,,,36.0,75.0,60.2,10.65,0.0,0.0,70.85,Credit Card,Demo Flash Cab,41.82569797704281,-87.59809773370748,41.68909294141505,-87.65000586504635
demo_trip_000471,demo_taxi_0096,2024-03-06T20:10:37.000,2024-03-06T20:25:58.000,921,8.6,,,36.0,34.0,33.44,0.0,0.0,0.0,33.44,Credit Card,Demo Flash Cab,41.81865700692263,-87.60259366785225,41.8326772248789,-87.63159308882551
demo_trip_000472,demo_taxi_0051,2024-03-12T18:29:43.000,2024-03-12T19:04:02.000,2059,11.64,,,19.0,23.0,35.68,0.0,0.0,0.0,35.68,Credit Card,Demo Flash Cab,41.93004315958326,-87.75607022267701,41.89789653216255,-87.72682515530524
demo_trip_000473,demo_taxi_0056,2024-03-08T14:23:11.000,2024-03-08T14:57:01.000,2030,19.54,,,51.0,54.0,74.21,0.0,0.0,0.0,74.21,Cash,Demo Flash Cab,41.68222588362812,-87.58148768246491,41.67318410753833,-87.61340458051794
demo_trip_000474,demo_taxi_0076,2024-03-06T11:48:23.000,2024-03-06T12:19:42.000,1879,15.24,,,10.0,69.0,75.43,18.65,0.0,0.0,94.08,Credit Card,Demo Taxi Co,41.98773014399734,-87.78604011928468,41.75623806677393,-87.62838586339417
demo_trip_000475,demo_taxi_0094,2024-03-12T04:52:06.000,2024-03-12T05:24:36.000,1950,13.89,,,13.0,19.0,50.16,10.59,0.0,0.0,60.75,Credit Card,Demo Taxi Co,41.99064920096301,-87.73049799929,41.917549324418516,-87.77304109219604
demo_trip_000476,demo_taxi_0101,2024-03-14T07:27:42.000,2024-03-14T08:06:46.000,2344,12.81,,,36.0,10.0,60.03,0.0,0.0,0.0,60.03,Credit Card,Demo City Service,41.819771986641896,-87.60098398969927,41.99315495888053,-87.78098559859127
demo_trip_000477,demo_taxi_0002,2024-03-07T08:32:26.000,2024-03-07T09:04:48.000,1942,16.59,,,10.0,29.0,57.29,0.0,0.0,0.0,57.29,Cash,Demo Flash Cab,41.99537404412586,-87.80108890027596,41.86458117267224,-87.6985642825593
demo_trip_000478,demo_taxi_0079,2024-03-05T11:37:38.000,2024-03-05T12:02:17.000,1479,11.76,,,29.0,54.0,47.72,4.94,0.0,0.0,52.66,No Charge,Demo Taxi Co,41.85677724096903,-87.73279756531457,41.650439474404806,-87.61013272746352
demo_trip_000479,demo_taxi_0013,2024-03-06T21:39:33.000,2024-03-06T21:57:18.000,1065,7.04,,,75.0,10.0,26.08,6.35,0.0,0.0,32.43,Mobile,Demo Sun Taxi,41.695708136558,-87.6588907760974,41.9970249638558,-87.81137267467984
demo_trip_000480,demo_taxi_0034,2024-03-17T14:38:16.000,2024-03-17T14:54:39.000,983,9.54,,,23.0,23.0,40.27,8.25,0.0,0.0,48.52,Credit Card,Demo Taxi Co,41.89320362744565,-87.71667256111486,41.88807275398392,-87.72493757888363
demo_trip_000481,demo_taxi_0099,2024-03-22T08:46:08.000,2024-03-22T09:19:34.000,2006,8.21,,,19.0,75.0,38.94,3.97,0.0,0.76,43.67,Cash,Demo City Service,41.92525742899913,-87.7618109397648,41.68528332287946,-87.66855860044566
demo_trip_000482,demo_taxi_0030,2024-03-07T06:58:58.000,2024-03-07T07:12:54.000,836,5.88,,,5.0,11.0,21.18,4.36,0.0,0.0,25.54,Credit Card,Demo Globe Taxi,41.94850527004564,-87.67871469560022,41.978972100694776,-87.7802689875187
demo_trip_000483,demo_taxi_0095,2024-03-10T10:49:17.000,2024-03-10T11:15:35.000,1578,7.31,,,1.0,48.0,32.12,0.0,0.0,0.0,32.12,Cash,Demo City Service,42.016878940363334,-87.67624325096966,41.72996518567316,-87.5779665665305
demo_trip_000484,demo_taxi_0055,2024-03-11T19:08:06.000,2024-03-11T19:29:42.000,1296,7.33,,,51.0,29.0,34.5,6.76,0.0,0.0,41.26,Credit Card,Demo City Service,41.67065443168619,-87.57099986231145,41.86121918597002,-87.69037002278657
demo_trip_000485,demo_taxi_0027,2024-03-11T11:28:18.000,2024-03-11T11:45:18.000,1020,4.86,,,5.0,59.0,21.74,3.16,0.0,0.0,24.9,Credit Card,Demo Taxi Co,41.960011382047696,-87.68362507488558,41.82724201238973,-87.66550553970487
demo_trip_000486,demo_taxi_0040,2024-03-09T18:27:54.000,2024-03-09T18:47:34.000,1180,5.58,,,1.0,13.0,14.29,0.0,0.0,0.0,14.29,Cash,Demo City Service,42.00545308774247,-87.66341903459467,41.98062936750456,-87.70817193564068
demo_trip_000487,demo_taxi_0063,2024-03-05T19:30:15.000,2024-03-05T19:36:14.000,359,1.81,,,34.0,10.0,4.53,0.88,0.0,1.39,6.8,Credit Card,Demo Sun Taxi,41.83326877537516,-87.63328191992181,41.98489191816884,-87.8062694594279
demo_trip_000488,demo_taxi_0091,2024-03-15T06:31:59.000,2024-03-15T07:01:13.000,1754,4.64,,,11.0,5.0,21.84,0.0,0.0,0.0,21.84,No Charge,Demo Flash Cab,41.98329728887796,-87.76881180599044,41.94001177787446,-87.6751479241844
demo_trip_000489,demo_taxi_0072,2024-03-11T16:43:27.000,2024-03-11T16:48:55.000,328,0.83,,,1.0,29.0,3.59,0.0,0.0,0.0,3.59,Credit Card,Demo Taxi Co,42.00668392400416,-87.6772073232793,41.862350341851524,-87.72264345885735
demo_trip_000490,demo_taxi_0111,2024-03-11T22:25:51.000,2024-03-11T22:31:34.000,343,2.63,,,69.0,59.0,12.87,2.87,0.0,0.0,15.74,No Charge,Demo City Service,41.77239775123719,-87.6016097725464,41.82480632514752,-87.65966568166317
demo_trip_000491,demo_taxi_0104,2024-03-09T12:15:39.000,2024-03-09T12:27:57.000,738,3.36,,,36.0,23.0,10.86,0.0,0.0,0.0,10.86,Credit Card,Demo Flash Cab,41.81881495245047,-87.60172059047835,41.912566181574945,-87.73094994997041
demo_trip_000492,demo_taxi_0090,2024-03-23T04:27:02.000,2024-03-23T04:49:41.000,1359,3.24,,,48.0,11.0,14.48,2.79,0.0,0.0,17.27,Credit Card,Demo City Service,41.72520384833002,-87.58518628850535,41.9779142515903,-87.76051028937219
demo_trip_000493,demo_taxi_0072,2024-03-16T21:51:30.000,2024-03-16T22:05:35.000,845,0.0,,,35.0,6.0,10.76,2.06,0.0,0.0,12.82,Cash,Demo Taxi Co,41.84513949677587,-87.61396869887045,41.94609627524507,-87.65840058387029
demo_trip_000494,demo_taxi_0034,2024-03-12T20:18:25.000,2024-03-12T20:53:59.000,2134,7.88,,,19.0,5.0,36.59,3.97,0.0,0.0,40.56,Cash,Demo City Service,41.917827967707964,-87.77723785692184,41.948665377821165,-87.68102175023155
demo_trip_000495,demo_taxi_0049,2024-03-08T15:01:12.000,2024-03-08T15:38:31.000,2239,5.79,,,23.0,1.0,24.49,0.0,0.0,0.0,24.49,Mobile,Demo Sun Taxi,41.90402756366233,-87.73137710121414,41.99931778165365,-87.66129406156406
demo_trip_000496,demo_taxi_0014,2024-03-20T15:58:32.000,2024-03-20T16:16:05.000,1053,9.81,,,54.0,10.0,27.92,0.0,0.0,0.0,27.92,Cash,Demo Flash Cab,41.65398608704584,-87.59699030797452,41.970283149215724,-87.7884606895872
demo_trip_000497,demo_taxi_0044,2024-03-22T08:11:06.000,2024-03-22T08:51:05.000,2399,15.56,,,19.0,34.0,65.39,0.0,0.0,0.0,65.39,Cash,Demo Taxi Co,41.91632212275661,-87.75763054547987,41.82509111213109,-87.6307175311356
demo_trip_000498,demo_taxi_0111,2024-03-04T19:36:41.000,2024-03-04T19:42:58.000,377,1.95,,,46.0,23.0,7.82,1.29,0.0,0.8,9.91,Credit Card,Demo Sun Taxi,41.747230817747116,-87.55216760673243,41.892525849737865,-87.73503943173753
demo_trip_000499,demo_taxi_0051,2024-03-23T14:48:49.000,2024-03-23T14:57:07.000,498,3.1,,,54.0,19.0,10.34,0.0,0.0,0.0,10.34,No Charge,Demo Taxi Co,41.67452969246962,-87.60683308443787,41.92393891417642,-87.77974295331099
demo_trip_000500,demo_taxi_0013,2024-03-18T03:16:05.000,2024-03-18T03:31:56.000,951,2.92,,,1.0,19.0,8.82,0.89,0.0,0.0,9.71,Cash,Demo Globe Taxi,42.00428348792596,-87.66212259338513,41.93620659665867,-87.75836626078868
demo_trip_000501,demo_taxi_0078,2024-03-06T17:20:28.000,2024-03-06T17:58:20.000,2272,17.01,,,10.0,69.0,80.16,11.62,0.0,0.91,92.69,Cash,Demo City Service,41.985994358476795,-87.79880794083198,41.76801340649481,-87.6148280425938
demo_trip_000502,demo_taxi_0115,2024-03-19T22:16:39.000,2024-03-19T22:38:17.000,1298,12.32,,,,,35.17,0.0,0.0,2.79,37.96,Cash,Demo Sun Taxi,42.02170611840854,-87.67271436233096,41.776731030289696,-87.62463679873251
demo_trip_000503,demo_taxi_0104,2024-03-06T19:08:03.000,2024-03-06T19:37:11.000,1748,5.6,,,46.0,69.0,19.91,4.07,0.0,0.0,23.98,Credit Card,Demo City Service,41.74191546709395,-87.53151095408143,41.75766667335349,-87.63526420183094
demo_trip_000504,demo_taxi_0032,2024-03-05T09:09:23.000,2024-03-05T09:36:31.000,1628,5.48,,,29.0,48.0,22.23,3.27,0.0,0.0,25.5,Mobile,Demo Globe Taxi,41.849674348983896,-87.73571024979059,41.72442934830126,-87.56621082920384
demo_trip_000505,demo_taxi_0054,2024-03-06T05:11:15.000,2024-03-06T05:32:41.000,1286,8.92,,,51.0,6.0,43.97,0.0,0.0,0.0,43.97,Cash,Demo Sun Taxi,41.70036237071334,-87.56065492970544,41.95653522643318,-87.6695944494611
demo_trip_000506,demo_taxi_0063,2024-03-13T21:27:02.000,2024-03-13T22:04:30.000,2248,7.56,,,67.0,54.0,31.58,0.0,0.0,0.0,31.58,Mobile,Demo City Service,41.76518443268433,-87.66342555696964,41.6698969318597,-87.61535501491994
demo_trip_000507,demo_taxi_0029,2024-03-17T21:31:48.000,2024-03-17T22:10:07.000,2299,7.28,,,54.0,19.0,23.75,0.0,0.0,0.0,23.75,Cash,Demo Globe Taxi,41.65233385601717,-87.59639398382159,41.936300664465875,-87.7733679584522
demo_trip_000508,demo_taxi_0032,2024-03-12T15:00:26.000,2024-03-12T15:20:00.000,1174,8.51,,,48.0,13.0,22.57,4.58,0.0,0.0,27.15,Cash,Demo City Service,41.72365923094915,-87.55943266677413,41.973361448467976,-87.71697052919545
demo_trip_000509,demo_taxi_0028,2024-03-06T17:50:45.000,2024-03-06T18:20:09.000,1764,12.1,,,35.0,69.0,39.86,6.0,0.0,0.0,45.86,Cash,Demo Flash Cab,41.833298726683005,-87.61384859403786,41.76415857317128,-87.59709534894674
demo_trip_000510,demo_taxi_0119,2024-03-08T13:40:35.000,2024-03-08T14:06:40.000,1565,6.03,,,75.0,19.0,19.49,2.77,0.0,0.0,22.26,Cash,Demo Flash Cab,41.69508124412597,-87.68246018393047,41.93071256304671,-87.77602668954451
demo_trip_000511,demo_taxi_0089,2024-03-21T12:04:52.000,2024-03-21T12:29:49.000,1497,12.57,,,35.0,5.0,57.16,8.28,0.0,0.0,65.44,Credit Card,Demo City Service,41.84424885654074,-87.62517025299546,41.941112966027745,-87.67998315822518
demo_trip_000512,demo_taxi_0100,2024-03-24T07:50:59.000,2024-03-24T07:57:44.000,405,0.0,,,23.0,67.0,4.2,0.81,0.0,0.0,5.01,Cash,Demo Taxi Co,41.8914114709909,-87.72620165796245,41.76334360744925,-87.67061987014564
demo_trip_000513,demo_taxi_0097,2024-03-19T06:01:36.000,2024-03-19T06:12:21.000,645,3.04,,,13.0,51.0,8.35,1.54,0.0,0.0,9.89,Cash,Demo Flash Cab,41.97853931239417,-87.71218078514089,41.721099260725595,-87.56647622576466
demo_trip_000514,demo_taxi_0115,2024-03-06T08:33:21.000,2024-03-06T09:12:58.000,2377,18.45,,,,,86.25,13.89,0.0,2.16,102.3,Mobile,Demo Flash Cab,41.99043530252564,-87.80478320175857,41.677725183695564,-87.61291769071768
demo_trip_000515,demo_taxi_0012,2024-03-21T19:27:25.000,2024-03-21T19:39:27.000,722,4.93,,,11.0,35.0,12.55,0.0,0.0,0.0,12.55,Mobile,Demo Sun Taxi,41.97817628497455,-87.7555557866437,41.83088001948058,-87.62698491030335
demo_trip_000516,demo_taxi_0105,2024-03-18T07:30:49.000,2024-03-18T07:57:55.000,1626,10.93,,,35.0,6.0,27.41,5.38,0.0,0.0,32.79,Credit Card,Demo Flash Cab,41.83523152109583,-87.6179100981779,41.94996907942183,-87.67024565334818
demo_trip_000517,demo_taxi_0007,2024-03-15T08:57:25.000,2024-03-15T09:34:08.000,2203,16.23,,,29.0,59.0,59.84,6.1,0.0,0.0,65.94,Credit Card,Demo Sun Taxi,41.86332513115236,-87.70489614297158,41.82728324721475,-87.68234485946061
demo_trip_000518,demo_taxi_0057,2024-03-07T15:55:31.000,2024-03-07T16:20:48.000,1517,10.73,,,59.0,54.0,28.68,4.33,0.0,0.0,33.01,Credit Card,Demo City Service,41.82533562603364,-87.67099599044381,41.66826957247508,-87.59637734847836
demo_trip_000519,demo_taxi_0071,2024-03-24T08:16:11.000,2024-03-24T08:27:08.000,657,5.77,,,46.0,36.0,16.98,2.32,0.0,0.0,19.3,Cash,Demo City Service,41.72615479019168,-87.54715435891057,41.82773838351439,-87.60791951047975
demo_trip_000520,demo_taxi_0042,2024-03-13T07:34:59.000,2024-03-13T08:09:47.000,2088,13.55,,,36.0,34.0,67.25,0.0,0.0,0.0,67.25,Mobile,Demo City Service,41.82612128068047,-87.60518568868456,41.84660860084282,-87.6344350368542
demo_trip_000521,demo_taxi_0017,2024-03-04T15:57:39.000,2024-03-04T16:01:50.000,251,1.31,,,6.0,6.0,6.04,0.85,0.0,0.0,6.89,Cash,Demo Globe Taxi,41.95210126567083,-87.65126183494853,41.94071303025832,-87.6517943853225
demo_trip_000522,demo_taxi_0023,2024-03-08T11:43:19.000,2024-03-08T12:13:04.000,1785,14.22,,,51.0,29.0,62.71,9.26,0.0,0.0,71.97,Mobile,Demo Flash Cab,41.668235448322136,-87.56160127463974,41.86960815515697,-87.73500780127077
demo_trip_000523,demo_taxi_0098,2024-03-12T16:53:35.000,2024-03-12T17:06:26.000,771,3.21,,,11.0,10.0,13.41,0.0,0.0,0.0,13.41,Cash,Demo Globe Taxi,41.984195067235525,-87.76490055413184,41.971968641125905,-87.79102226606581
demo_trip_000524,demo_taxi_0038,2024-03-05T21:26:24.000,2024-03-05T21:53:05.000,1601,12.68,,,13.0,35.0,33.22,6.05,0.0,0.0,39.27,Cash,Demo Taxi Co,41.990171392760764,-87.72978722980857,41.824451985094264,-87.61580796486804
demo_trip_000525,demo_taxi_0037,2024-03-10T07:16:09.000,2024-03-10T07:36:55.000,1246,5.39,,,36.0,69.0,24.74,5.48,0.0,0.0,30.22,Dispute,Demo Sun Taxi,41.824891602604524,-87.6115558231953,41.767237681131526,-87.622299084154
demo_trip_000526,demo_taxi_0110,2024-03-13T21:30:52.000,2024-03-13T21:54:55.000,1443,8.41,,,29.0,46.0,30.93,0.0,0.0,0.0,30.93,Credit Card,Demo Globe Taxi,41.862914410482304,-87.73244548820419,41.734290867882066,-87.55178577683712
demo_trip_000527,demo_taxi_0017,2024-03-23T20:49:53.000,2024-03-23T21:07:00.000,1027,7.98,,,59.0,5.0,21.91,0.0,0.0,0.0,21.91,Credit Card,Demo Sun Taxi,41.824140993623814,-87.68369210835948,41.95279614418393,-87.67928021779812
demo_trip_000528,demo_taxi_0109,2024-03-05T19:55:50.000,2024-03-05T20:18:24.000,1354,9.38,,,59.0,34.0,30.5,0.0,0.0,2.9,33.4,Credit Card,Demo Sun Taxi,41.82397907155993,-87.66510279090132,41.836521256919326,-87.63346408749679
demo_trip_000529,demo_taxi_0110,2024-03-16T16:41:22.000,2024-03-16T17:18:59.000,2257,6.47,,,29.0,75.0,24.29,0.0,0.0,0.0,24.29,Credit Card,Demo Globe Taxi,41.8665279094676,-87.72830195997882,41.69138012151824,-87.66369668580354
demo_trip_000530,demo_taxi_0071,2024-03-23T16:42:15.000,2024-03-23T17:15:49.000,2014,11.22,,,54.0,1.0,28.43,0.0,0.0,0.0,28.43,Cash,Demo Flash Cab,41.666566356155876,-87.60663998999718,42.01238632642742,-87.66416250417595
demo_trip_000531,demo_taxi_0019,2024-03-20T17:30:02.000,2024-03-20T17:30:02.000,0,9.22,,,10.0,36.0,28.87,5.56,0.0,0.0,34.43,Credit Card,Demo Flash Cab,41.973021062322736,-87.79114782262077,41.973021062322736,-87.79114782262077
demo_trip_000532,demo_taxi_0018,2024-03-23T17:19:43.000,2024-03-23T17:57:32.000,2269,22.0,,,1.0,23.0,73.48,0.0,0.0,0.0,73.48,Cash,Demo Flash Cab,42.00040420444787,-87.66285096153904,41.91266359258045,-87.72890539788828
demo_trip_000533,demo_taxi_0034,2024-03-07T01:25:19.000,2024-03-07T02:01:12.000,2153,12.32,,,36.0,67.0,45.08,5.41,0.0,0.0,50.49,Credit Card,Demo City Service,41.82386778156086,-87.6025256054454,41.785106082128934,-87.67258119905898
demo_trip_000534,demo_taxi_0069,2024-03-20T22:29:53.000,2024-03-20T22:56:05.000,1572,4.51,,,1.0,67.0,11.3,0.0,0.0,0.0,11.3,Credit Card,Demo Taxi Co,42.006634672649895,-87.67919460584424,41.7689049437245,-87.6665826217536
demo_trip_000535,demo_taxi_0018,2024-03-24T16:48:52.000,2024-03-24T17:13:52.000,1500,7.45,,,10.0,19.0,29.16,0.0,0.0,0.0,29.16,Credit Card,Demo Globe Taxi,41.98703276710323,-87.79386614133811,41.91507164341283,-87.74177573218203
demo_trip_000536,demo_taxi_0054,2024-03-10T18:33:07.000,2024-03-10T18:37:26.000,259,1.53,,,29.0,54.0,4.58,0.57,0.0,0.0,5.15,Mobile,Demo City Service,41.85554423168893,-87.70406950287958,41.6637967581507,-87.59590447676433
demo_trip_000537,demo_taxi_0013,2024-03-14T11:47:55.000,2024-03-14T12:10:18.000,1343,3.72,,,5.0,35.0,14.85,0.0,0.0,0.0,14.85,Cash,Demo Taxi Co,41.959878512378744,-87.69256681637651,41.8284011924646,-87.62787906487515
demo_trip_000538,demo_taxi_0064,2024-03-15T01:01:08.000,2024-03-15T01:12:00.000,652,5.68,,,1.0,13.0,17.6,0.0,0.0,0.0,17.6,Cash,Demo City Service,42.01120209075351,-87.66939987424735,41.97460938116118,-87.7175590426186
demo_trip_000539,demo_taxi_0002,2024-03-14T14:45:29.000,2024-03-14T14:54:24.000,535,3.35,,,5.0,54.0,11.75,1.56,0.0,0.0,13.31,Cash,Demo Sun Taxi,41.942963211116655,-87.67379036527653,41.65652394786005,-87.61608650115478
demo_trip_000540,demo_taxi_0085,2024-03-10T14:30:28.000,2024-03-10T15:05:13.000,2085,11.14,,,10.0,48.0,45.22,0.0,0.0,0.0,45.22,Credit Card,Demo City Service,41.99237378305314,-87.78116968757486,41.73424098589908,-87.5885337234157
demo_trip_000541,demo_taxi_0006,2024-03-24T12:59:57.000,2024-03-24T13:12:58.000,781,4.06,,,29.0,6.0,16.81,0.0,0.0,0.0,16.81,Cash,Demo Sun Taxi,41.85670554683504,-87.73728968699156,41.94648497305512,-87.65033156750103
demo_trip_000542,demo_taxi_0023,2024-03-24T10:28:39.000,2024-03-24T10:54:25.000,1546,3.76,,,36.0,75.0,9.69,0.0,0.0,0.0,9.69,Credit Card,Demo Taxi Co,41.82735662975032,-87.6004370802482,41.691746505003415,-87.65889771106384
demo_trip_000543,demo_taxi_0020,2024-03-11T08:28:52.000,2024-03-11T09:03:57.000,2105,12.87,,,46.0,35.0,49.39,0.0,0.0,0.0,49.39,Credit Card,Demo Taxi Co,41.74651196829865,-87.57537803422234,41.828444650166695,-87.62237952601802
demo_trip_000544,demo_taxi_0099,2024-03-20T15:07:35.000,2024-03-20T15:32:42.000,1507,8.72,,,19.0,67.0,39.6,9.6,0.0,0.0,49.2,Cash,Demo Flash Cab,41.93247193404923,-87.74382068845055,41.758621533643684,-87.66208752012267
demo_trip_000545,demo_taxi_0006,2024-03-12T11:48:49.000,2024-03-12T11:48:49.000,0,9.2,,,75.0,5.0,27.75,3.88,0.0,0.0,31.63,Cash,Demo Taxi Co,41.692555250166286,-87.65372677418134,41.692555250166286,-87.65372677418134
demo_trip_000546,demo_taxi_0051,2024-03-20T22:42:51.000,2024-03-20T23:14:31.000,1900,13.61,,,10.0,6.0,52.13,0.0,0.0,0.0,52.13,Mobile,Demo Sun Taxi,41.98078741899888,-87.82341042822802,41.9475832547326,-87.66356370616012
demo_trip_000547,demo_taxi_0070,2024-03-16T07:51:51.000,2024-03-16T08:11:24.000,1173,6.22,,,5.0,46.0,22.51,0.0,0.0,0.0,22.51,Credit Card,Demo Globe Taxi,41.951600015151044,-87.67454518991632,41.74708815815182,-87.54828367153718
demo_trip_000548,demo_taxi_0061,2024-03-13T10:05:24.000,2024-03-13T10:42:30.000,2226,0.0,,,36.0,10.0,67.01,0.0,0.0,0.0,67.01,Cash,Demo City Service,41.81716823213206,-87.59942425817607,41.993978200171114,-87.81887890354292
demo_trip_000549,demo_taxi_0081,2024-03-06T09:12:22.000,2024-03-06T09:49:00.000,2198,227.86111982139806,,,5.0,59.0,4.756801148882865,0.0,0.0,0.0,70.03,Cash,Demo Flash Cab,41.95592063140414,-87.68343353522309,41.83179669370249,-87.68626083084642
demo_trip_000550,demo_taxi_0096,2024-03-17T15:52:59.000,2024-03-17T16:08:28.000,929,4.6,,,54.0,46.0,22.35,0.0,0.0,0.0,22.35,Cash,Demo Flash Cab,41.65688107236055,-87.59471481448811,41.74303047745178,-87.55810681727297
demo_trip_000551,demo_taxi_0047,2024-03-10T14:02:45.000,2024-03-10T14:36:03.000,1998,10.4,,,59.0,34.0,42.96,8.96,0.0,0.0,51.92,No Charge,Demo Globe Taxi,41.825308093938,-87.66475864745037,41.834716795501386,-87.63297699119431
demo_trip_000552,demo_taxi_0099,2024-03-08T17:30:55.000,2024-03-08T17:40:41.000,586,5.11,,,13.0,36.0,19.95,0.0,0.0,0.0,19.95,Cash,Demo Globe Taxi,41.984549294087174,-87.71007445214205,41.824444051593495,-87.59959590023175
demo_trip_000553,demo_taxi_0038,2024-03-08T22:24:34.000,2024-03-08T22:31:42.000,428,2.1,,,46.0,54.0,6.78,0.0,0.0,0.0,6.78,Credit Card,Demo Globe Taxi,41.73901356961532,-87.55942509754915,41.654775176033546,-87.59010311458202
demo_trip_000554,demo_taxi_0118,2024-03-24T09:56:55.000,2024-03-24T10:19:31.000,1356,7.48,,,13.0,54.0,29.86,6.2,0.0,0.0,36.06,Cash,Demo Taxi Co,41.99228585777851,-87.71068345176415,41.66068913011872,-87.60226041934332
demo_trip_000555,demo_taxi_0060,2024-03-06T17:51:43.000,2024-03-06T18:17:08.000,1525,12.55,,,13.0,13.0,35.49,0.0,0.0,0.0,35.49,Cash,Demo Sun Taxi,41.992765966390124,-87.71036870165564,41.98232230503539,-87.74667590421082
demo_trip_000556,demo_taxi_0088,2024-03-20T02:53:44.000,2024-03-20T03:18:19.000,1475,9.83,,,1.0,69.0,34.8,0.0,0.0,0.0,34.8,Mobile,Demo City Service,41.999165451397936,-87.67184275226496,41.755381341574704,-87.59940630481982
demo_trip_000557,demo_taxi_0105,2024-03-22T09:17:10.000,2024-03-22T09:49:43.000,1953,18.02,,,59.0,19.0,57.86,0.0,0.0,1.0,58.86,Cash,Demo Flash Cab,41.829333089432524,-87.65826940875328,41.93350919433816,-87.7660052486216
demo_trip_000558,demo_taxi_0095,2024-03-04T13:35:34.000,2024-03-04T13:53:01.000,1047,264.3345215144659,,,51.0,29.0,2.6382489918079424,0.0,0.0,0.0,25.14,No Charge,Demo Globe Taxi,41.70832277730356,-87.580368481934,41.86482367264206,-87.70782279253224
demo_trip_000559,demo_taxi_0102,2024-03-16T02:42:43.000,2024-03-16T03:15:37.000,1974,11.48,,,36.0,59.0,50.63,0.0,0.0,0.0,50.63,Credit Card,Demo Globe Taxi,41.828961419937464,-87.60722038271909,41.82808893687365,-87.66066386877692
demo_trip_000560,demo_taxi_0064,2024-03-16T16:58:45.000,2024-03-16T17:35:07.000,2182,5.55,,,54.0,1.0,26.76,0.0,0.0,0.0,26.76,Cash,Demo Globe Taxi,41.684825036884746,-87.60862035116381,42.01754359499117,-87.67785809591561
demo_trip_000561,demo_taxi_0005,2024-03-11T17:00:57.000,2024-03-11T17:07:19.000,382,1.41,,,34.0,59.0,4.31,0.0,0.0,0.0,4.31,Credit Card,Demo Flash Cab,41.84187058458048,-87.63001013880569,41.83541120261702,-87.6661445362763
demo_trip_000562,demo_taxi_0059,2024-03-18T18:58:19.000,2024-03-18T19:17:56.000,1177,7.38,,,13.0,36.0,34.77,0.0,0.0,0.0,34.77,Cash,Demo Flash Cab,41.97463333571437,-87.73047922656876,41.82844568390793,-87.60890370508616
demo_trip_000563,demo_taxi_0021,2024-03-12T14:21:18.000,2024-03-12T14:32:36.000,678,2.46,,,48.0,36.0,11.35,0.0,0.0,0.0,11.35,No Charge,Demo Taxi Co,41.73282315699482,-87.56601035102577,41.81772896995685,-87.5958071733915
demo_trip_000564,demo_taxi_0106,2024-03-13T16:07:58.000,2024-03-13T16:35:15.000,1637,9.21,,,34.0,59.0,42.88,0.0,0.0,0.0,42.88,Cash,Demo Taxi Co,41.853105511452846,-87.63108059005592,41.83158181883555,-87.66760750580498
demo_trip_000565,demo_taxi_0028,2024-03-13T12:36:59.000,2024-03-13T12:55:15.000,1096,4.76,,,54.0,1.0,20.71,0.0,0.0,0.0,20.71,Cash,Demo Flash Cab,41.65092173736917,-87.61631930597723,41.99834667135917,-87.66026841934266
demo_trip_000566,demo_taxi_0027,2024-03-20T03:46:10.000,2024-03-20T03:59:35.000,805,1.91,,,29.0,34.0,6.05,1.26,0.0,0.63,7.94,Credit Card,Demo Sun Taxi,41.85530962448786,-87.71138624152219,41.84864549469402,-87.63273967295574
demo_trip_000567,demo_taxi_0029,2024-03-17T06:07:22.000,2024-03-17T06:19:40.000,738,0.0,,,36.0,11.0,20.05,0.0,0.0,0.0,20.05,Credit Card,Demo Taxi Co,41.82299503845913,-87.60310615133045,41.979806180701914,-87.76502596873561
demo_trip_000568,demo_taxi_0077,2024-03-11T17:02:56.000,2024-03-11T17:02:56.000,0,6.84,,,23.0,11.0,27.35,0.0,0.0,0.0,27.35,Cash,Demo Flash Cab,41.893572355363005,-87.7337771293087,41.893572355363005,-87.7337771293087
demo_trip_000569,demo_taxi_0068,2024-03-23T23:53:11.000,2024-03-24T00:00:12.000,421,2.0,,,10.0,35.0,8.7,1.45,0.0,0.0,10.15,Credit Card,Demo Globe Taxi,41.972678392585976,-87.81857123662449,41.845139218100485,-87.62300991899484
demo_trip_000570,demo_taxi_0113,2024-03-20T01:56:46.000,2024-03-20T02:03:38.000,412,3.32,,,1.0,1.0,10.0,1.57,0.0,0.0,11.57,Credit Card,Demo Sun Taxi,42.008097116504544,-87.66017706549833,42.01771358362123,-87.67146096719945
demo_trip_000571,demo_taxi_0049,2024-03-23T15:09:06.000,2024-03-23T15:35:21.000,1575,5.23,,,75.0,35.0,15.13,0.0,0.0,0.65,15.78,Cash,Demo Taxi Co,41.69487120782295,-87.64970613300478,41.826246316466694,-87.61307693190707
demo_trip_000572,demo_taxi_0033,2024-03-19T18:54:10.000,2024-03-19T19:32:02.000,2272,6.6,,,34.0,67.0,21.07,4.33,0.0,0.0,25.4,Cash,Demo City Service,41.82388489486547,-87.63124183224218,41.79181016714968,-87.6562382052738
demo_trip_000573,demo_taxi_0005,2024-03-12T19:54:47.000,2024-03-12T20:16:33.000,1306,12.06,,,69.0,34.0,45.57,6.67,0.0,0.0,52.24,Credit Card,Demo City Service,41.76277194940999,-87.61685879531807,41.85189266294968,-87.63943047033928
demo_trip_000574,demo_taxi_0000,2024-03-20T15:59:36.000,2024-03-20T16:36:54.000,2238,20.44,,,46.0,35.0,72.39,0.0,0.0,0.0,72.39,Credit Card,Demo Flash Cab,41.74884706210842,-87.54858255570373,41.82589674340511,-87.61278335860938
demo_trip_000575,demo_taxi_0044,2024-03-10T16:12:33.000,2024-03-10T16:21:17.000,524,2.76,,,23.0,11.0,13.02,2.91,0.0,2.23,18.16,Credit Card,Demo Flash Cab,41.89436629386825,-87.72943636461744,41.988844041071474,-87.77276624835596
demo_trip_000576,demo_taxi_0111,2024-03-09T17:34:51.000,2024-03-09T18:13:51.000,2340,12.57,,,48.0,67.0,31.83,0.0,0.0,0.0,31.83,Cash,Demo City Service,41.73631945567722,-87.56518860633577,41.76866639586856,-87.66411437310282
demo_trip_000577,demo_taxi_0062,2024-03-13T20:59:18.000,2024-03-13T21:23:59.000,1481,12.74,,,67.0,75.0,34.4,0.0,0.0,1.38,35.78,Mobile,Demo Sun Taxi,41.77139868451208,-87.67198971871039,41.69555419797817,-87.69054149108405
demo_trip_000578,demo_taxi_0107,2024-03-24T07:54:30.000,2024-03-24T08:25:01.000,1831,11.35,,,54.0,6.0,37.61,7.07,0.0,0.0,44.68,Credit Card,Demo Globe Taxi,41.652095351203386,-87.6192986599523,41.95204078210624,-87.65292412472844
demo_trip_000579,demo_taxi_0012,2024-03-15T21:36:36.000,2024-03-15T21:41:53.000,317,0.98,,,6.0,1.0,2.86,0.0,0.0,0.0,2.86,Credit Card,Demo Flash Cab,41.95166110387124,-87.64687757248156,41.9984037824663,-87.65875431741011
demo_trip_000580,demo_taxi_0011,2024-03-12T02:11:44.000,2024-03-12T02:11:44.000,0,4.69,,,69.0,1.0,16.49,2.43,0.0,0.0,18.92,Mobile,Demo Flash Cab,41.76317851022038,-87.61550097094369,41.76317851022038,-87.61550097094369
demo_trip_000581,demo_taxi_0100,2024-03-13T19:05:19.000,2024-03-13T19:22:29.000,1030,3.3,,,59.0,54.0,14.17,0.0,0.0,0.0,14.17,Credit Card,Demo City Service,41.833320181807764,-87.6693939020902,41.66703184171593,-87.6028387029357
demo_trip_000582,demo_taxi_0012,2024-03-10T06:15:38.000,2024-03-10T06:51:52.000,2174,17.56,,,35.0,46.0,87.51,16.51,0.0,0.0,104.02,Cash,Demo Flash Cab,41.841157498415846,-87.60806159256414,41.74526594591475,-87.57521876866028
demo_trip_000583,demo_taxi_0006,2024-03-17T08:03:26.000,2024-03-17T08:35:45.000,1939,13.06,,,35.0,48.0,39.25,0.0,0.0,0.0,39.25,Credit Card,Demo Flash Cab,41.843394639994585,-87.6118421705025,41.73666106269206,-87.57816923077498
demo_trip_000584,demo_taxi_0048,2024-03-11T00:11:32.000,2024-03-11T00:46:30.000,2098,9.38,,,6.0,11.0,29.69,0.0,0.0,0.0,29.69,Mobile,Demo Taxi Co,41.936245770962614,-87.63747813200887,41.98232443385794,-87.78375621207645
demo_trip_000585,demo_taxi_0110,2024-03-15T13:04:51.000,2024-03-15T13:40:46.000,2155,7.41,,,35.0,10.0,32.77,0.0,0.0,0.0,32.77,Cash,Demo City Service,41.824126452422,-87.62121647744253,41.98687911616338,-87.80401206731612
demo_trip_000586,demo_taxi_0082,2024-03-11T10:45:23.000,2024-03-11T11:15:02.000,1779,5.6,,,35.0,34.0,17.81,0.0,0.0,0.0,17.81,Credit Card,Demo Sun Taxi,41.833346304677974,-87.61350031042309,41.844441043856484,-87.63257309637086
demo_trip_000587,demo_taxi_0011,2024-03-10T07:35:40.000,2024-03-10T07:47:44.000,724,5.63,,,23.0,11.0,23.98,0.0,0.0,0.0,23.98,Credit Card,Demo Taxi Co,41.89420933259114,-87.73759835159322,41.97295785570183,-87.78528543321089
demo_trip_000588,demo_taxi_0100,2024-03-24T13:31:56.000,2024-03-24T13:45:24.000,808,7.16,,,19.0,69.0,28.34,5.1,0.0,0.0,33.44,Credit Card,Demo Taxi Co,41.91483958974043,-87.74714273809703,41.76226055146175,-87.61532174965528
demo_trip_000589,demo_taxi_0101,2024-03-11T12:48:45.000,2024-03-11T13:23:33.000,2088,12.96,,,11.0,19.0,60.1,0.0,0.0,0.0,60.1,Credit Card,Demo Globe Taxi,41.97630028086421,-87.76194787437876,41.933539263031555,-87.78824141496851
demo_trip_000590,demo_taxi_0096,2024-03-05T18:24:59.000,2024-03-05T18:50:14.000,1515,12.15,,,11.0,19.0,31.39,0.0,0.0,0.0,31.39,Credit Card,Demo Globe Taxi,41.98342877912548,-87.77199815388151,41.927363655343434,-87.76619101703011
demo_trip_000591,demo_taxi_0108,2024-03-11T20:24:35.000,2024-03-11T21:00:34.000,2159,9.38,,,34.0,23.0,46.43,0.0,0.0,0.0,46.43,Cash,Demo City Service,41.82651941752224,-87.63354470389682,41.89474849131363,-87.71803749539701
demo_trip_000592,demo_taxi_0028,2024-03-15T17:12:16.000,2024-03-15T17:44:40.000,1944,12.86,,,67.0,19.0,63.15,10.79,0.0,0.0,73.94,Cash,Demo Flash Cab,41.784832914059706,-87.67004660408922,41.92069257075226,-87.75578992212537
demo_trip_000593,demo_taxi_0117,2024-03-05T07:26:59.000,2024-03-05T07:52:26.000,1527,8.41,,,10.0,13.0,21.5,0.0,0.0,0.0,21.5,Credit Card,Demo Taxi Co,41.98715970838309,-87.79418876776788,41.98487820224353,-87.73119850695865
demo_trip_000594,demo_taxi_0038,2024-03-10T09:10:38.000,2024-03-10T09:19:16.000,518,1.49,,,35.0,5.0,5.59,0.0,0.0,0.0,5.59,Credit Card,Demo Flash Cab,41.8381756896361,-87.62674269770163,41.94073036068161,-87.6877771279188
demo_trip_000595,demo_taxi_0096,2024-03-07T21:35:14.000,2024-03-07T22:14:34.000,2360,13.87,,,19.0,36.0,48.59,0.0,0.0,0.0,48.59,Mobile,Demo City Service,41.93425521640746,-87.75649510175093,41.82728995715286,-87.60293813834947
demo_trip_000596,demo_taxi_0069,2024-03-14T06:59:19.000,2024-03-14T07:11:18.000,719,6.16,,,34.0,19.0,19.31,0.0,0.0,0.0,19.31,Credit Card,Demo Globe Taxi,41.83125617589963,-87.6340363365331,41.9168628124151,-87.75739945548635
demo_trip_000597,demo_taxi_0093,2024-03-19T12:31:15.000,2024-03-19T12:43:21.000,726,1.9,,,48.0,35.0,9.39,1.67,0.0,0.0,11.06,Cash,Demo Flash Cab,41.731915958289086,-87.56967137144818,41.84234860475711,-87.6174807001549
demo_trip_000598,demo_taxi_0075,2024-03-24T21:17:50.000,2024-03-24T21:26:14.000,504,2.92,,,51.0,54.0,8.57,0.0,0.0,2.23,10.8,Cash,Demo Globe Taxi,41.68347122301732,-87.5891249635054,41.66102737060926,-87.59595653514819
demo_trip_000599,demo_taxi_0077,2024-03-12T22:41:05.000,2024-03-12T22:46:38.000,333,2.92,,,23.0,19.0,9.22,1.69,0.0,0.0,10.91,Cash,Demo Sun Taxi,41.9113893240415,-87.73062821388399,41.92856417617678,-87.78980472219965
demo_trip_000600,demo_taxi_0073,2024-03-22T12:49:44.000,2024-03-22T13:06:36.000,1012,8.25,,,10.0,46.0,20.79,0.0,0.0,0.0,20.79,Cash,Demo Taxi Co,41.97821558768417,-87.83558881640187,41.7297846134368,-87.55537146074178
demo_trip_000601,demo_taxi_0093,2024-03-08T17:28:33.000,2024-03-08T18:02:45.000,2052,12.15,,,46.0,29.0,48.0,0.0,0.0,0.0,48.0,Dispute,Demo Globe Taxi,41.746474357613224,-87.5435285446996,41.86551364134234,-87.71500095034867
demo_trip_000602,demo_taxi_0088,2024-03-20T13:15:04.000,2024-03-20T13:50:06.000,2102,7.37,,,35.0,34.0,34.29,6.82,0.0,0.0,41.11,Credit Card,Demo Sun Taxi,41.84282737478,-87.62384943921705,41.85397167294702,-87.63325319816583
demo_trip_000603,demo_taxi_0016,2024-03-15T18:42:36.000,2024-03-15T19:03:45.000,1269,10.9,,,29.0,13.0,44.2,8.12,0.0,0.0,52.32,Credit Card,Demo Sun Taxi,41.86508156362125,-87.71705341406975,41.97667272811959,-87.70663242543512
demo_trip_000604,demo_taxi_0099,2024-03-19T03:11:45.000,2024-03-19T03:26:23.000,878,2.96,,,10.0,11.0,12.22,0.0,0.0,0.0,12.22,Credit Card,Demo Flash Cab,41.981504338809295,-87.81834374482453,41.98807486586531,-87.77420048904533
demo_trip_000605,demo_taxi_0064,2024-03-19T07:59:43.000,2024-03-19T08:15:32.000,949,4.08,,,69.0,6.0,10.88,0.0,0.0,0.0,10.88,Credit Card,Demo Globe Taxi,41.75250808117532,-87.60980405750026,41.953343410027465,-87.67201571481593
demo_trip_000606,demo_taxi_0038,2024-03-15T16:19:31.000,2024-03-15T16:56:30.000,2219,7.0,,,19.0,35.0,30.01,4.9,0.0,0.0,34.91,Credit Card,Demo Globe Taxi,41.918258438939965,-87.74296997265269,41.84383235851742,-87.6298321174369
demo_trip_000607,demo_taxi_0061,2024-03-09T08:21:20.000,2024-03-09T08:26:22.000,302,1.71,,,1.0,29.0,6.02,0.0,0.0,0.0,6.02,Credit Card,Demo Taxi Co,42.02013574528249,-87.67262762895623,41.85994746935939,-87.70262298137524
demo_trip_000608,demo_taxi_0116,2024-03-15T17:43:09.000,2024-03-15T17:48:16.000,307,2.13,,,67.0,67.0,7.85,1.79,0.0,0.0,9.64,Cash,Demo City Service,41.790960113107026,-87.65857035831203,41.79373665302137,-87.66863152016305
demo_trip_000609,demo_taxi_0102,2024-03-21T11:00:00.000,2024-03-21T11:05:23.000,323,2.72,,,59.0,69.0,10.78,0.0,0.0,0.0,10.78,Credit Card,Demo Globe Taxi,41.83018465152558,-87.67072315777379,41.75141570914383,-87.60044542643487
demo_trip_000610,demo_taxi_0100,2024-03-24T20:12:21.000,2024-03-24T20:48:12.000,2151,12.22,,,,,60.35,13.5,0.0,0.54,74.39,Mobile,Demo Sun Taxi,41.985479959064484,-87.78313971913644,41.975150072759014,-87.83341089401786
demo_trip_000611,demo_taxi_0055,2024-03-23T19:07:37.000,2024-03-23T19:13:58.000,381,3.62,,,36.0,29.0,15.82,0.0,0.0,0.0,15.82,Credit Card,Demo Sun Taxi,41.82431073321558,-87.60330838970071,41.86143116315161,-87.7058977236642
demo_trip_000612,demo_taxi_0094,2024-03-07T14:23:02.000,2024-03-07T14:23:02.000,0,15.19,,,36.0,5.0,63.95,0.0,0.0,0.61,64.56,Cash,Demo City Service,41.82008038073015,-87.59636679091014,41.82008038073015,-87.59636679091014
demo_trip_000613,demo_taxi_0046,2024-03-16T18:33:59.000,2024-03-16T18:43:46.000,587,3.97,,,13.0,36.0,14.21,0.0,0.0,0.0,14.21,Credit Card,Demo Flash Cab,41.989984239738575,-87.71686657834503,41.82811697174768,-87.61071824596033
demo_trip_000614,demo_taxi_0082,2024-03-06T09:10:35.000,2024-03-06T09:33:52.000,1397,4.94,,,51.0,10.0,12.78,0.0,0.0,0.0,12.78,Credit Card,Demo Flash Cab,41.68965146121317,-87.59175763482146,41.98279727552239,-87.80834738749846
demo_trip_000615,demo_taxi_0076,2024-03-18T14:20:17.000,2024-03-18T14:59:11.000,2334,8.51,,,10.0,34.0,32.74,0.0,0.0,0.0,32.74,Cash,Demo Taxi Co,41.975627664410354,-87.80164378524097,41.8345107449861,-87.63236678939691
demo_trip_000616,demo_taxi_0029,2024-03-24T08:46:57.000,2024-03-24T08:54:14.000,437,2.86,,,36.0,34.0,11.88,0.0,0.0,0.0,11.88,Credit Card,Demo Flash Cab,41.826119263555384,-87.60884555905737,41.84433290516969,-87.63620525454374
demo_trip_000617,demo_taxi_0031,2024-03-05T20:56:11.000,2024-03-05T21:09:35.000,804,6.13,,,67.0,11.0,26.12,0.0,0.0,0.0,26.12,Cash,Demo Sun Taxi,41.77784250635324,-87.67426447359063,41.9859507364179,-87.77500565128652
demo_trip_000618,demo_taxi_0007,2024-03-17T19:00:57.000,2024-03-17T19:30:52.000,1795,6.74,,,5.0,1.0,27.09,0.0,0.0,0.0,27.09,Cash,Demo Globe Taxi,41.94364915026855,-87.6772361608228,42.01998066737864,-87.67158708815222
demo_trip_000619,demo_taxi_0016,2024-03-23T20:37:16.000,2024-03-23T21:10:29.000,1993,11.66,,,59.0,54.0,37.91,0.0,0.0,0.0,37.91,Cash,Demo Flash Cab,41.823537808735374,-87.67559043543953,41.649184070131916,-87.59018243715533
demo_trip_000620,demo_taxi_0052,2024-03-21T20:01:22.000,2024-03-21T20:37:56.000,2194,10.74,,,6.0,46.0,32.78,5.2,0.0,0.0,37.98,Cash,Demo City Service,41.952794086289444,-87.66291050848561,41.733736581963996,-87.53672517194039
demo_trip_000621,demo_taxi_0057,2024-03-12T22:31:25.000,2024-03-12T22:35:08.000,223,1.23,,,1.0,54.0,3.35,0.0,0.0,0.0,3.35,Mobile,Demo Globe Taxi,42.001929339134705,-87.67380632928935,41.66964755734939,-87.59796807343774
demo_trip_000622,demo_taxi_0019,2024-03-06T08:52:59.000,2024-03-06T09:24:43.000,1904,7.4,,,67.0,75.0,31.5,5.46,0.0,0.0,36.96,Credit Card,Demo Flash Cab,41.76110432465321,-87.67694929789758,41.67794221471742,-87.67285949289722
demo_trip_000623,demo_taxi_0050,2024-03-23T21:47:15.000,2024-03-23T22:02:09.000,894,2.93,,,10.0,48.0,14.44,0.0,0.0,0.0,14.44,No Charge,Demo Globe Taxi,41.98951898775387,-87.79786450519921,41.72538422117778,-87.57980812059878
demo_trip_000624,demo_taxi_0072,2024-03-23T15:13:58.000,2024-03-23T15:37:36.000,1418,6.56,,,5.0,11.0,25.01,3.13,0.0,0.0,28.14,Credit Card,Demo Taxi Co,41.94688663735533,-87.68467252815651,41.9753479297785,-87.77565010627517
demo_trip_000625,demo_taxi_0027,2024-03-16T12:15:20.000,2024-03-16T12:51:51.000,2191,19.15,,,23.0,51.0,80.1,0.0,0.0,0.0,80.1,Cash,Demo Sun Taxi,41.90088857586235,-87.73377824224339,41.68651635247344,-87.55381150040374
demo_trip_000626,demo_taxi_0040,2024-03-24T15:47:17.000,2024-03-24T16:23:39.000,2182,18.03,,,6.0,59.0,76.29,0.0,0.0,0.0,76.29,No Charge,Demo City Service,41.95946288108963,-87.67136618688875,41.824404237170654,-87.66365089662713
demo_trip_000627,demo_taxi_0044,2024-03-04T10:49:38.000,2024-03-04T10:59:28.000,590,1.76,,,1.0,19.0,5.11,0.0,0.0,0.0,5.11,Credit Card,Demo Globe Taxi,42.0185440636856,-87.68332948782906,41.93857222573949,-87.75606038793823
demo_trip_000628,demo_taxi_0060,2024-03-16T09:16:41.000,2024-03-16T09:37:05.000,1224,3.53,,,11.0,67.0,10.52,0.0,0.0,0.0,10.52,Mobile,Demo Globe Taxi,41.97504170255955,-87.76477976856685,41.78984638337359,-87.67006293786707
demo_trip_000629,demo_taxi_0043,2024-03-04T08:00:20.000,2024-03-04T08:13:50.000,810,4.79,,,13.0,67.0,14.47,1.82,0.0,0.0,16.29,Cash,Demo Globe Taxi,41.98097300776067,-87.73930856848483,41.79312634798145,-87.66916588132831
demo_trip_000630,demo_taxi_0088,2024-03-23T06:26:08.000,2024-03-23T06:51:52.000,1544,6.64,,,5.0,75.0,32.09,3.32,0.0,0.0,35.41,Mobile,Demo Globe Taxi,41.95748121418427,-87.6773868449447,41.697638395341606,-87.6746756357054
demo_trip_000631,demo_taxi_0039,2024-03-18T14:37:23.000,2024-03-18T15:10:57.000,2014,16.91,,,69.0,1.0,42.93,5.11,0.0,0.0,48.04,Credit Card,Demo Flash Cab,41.76219359883331,-87.63152115568829,42.01463230511264,-87.681645691356
demo_trip_000632,demo_taxi_0052,2024-03-23T20:26:32.000,2024-03-23T20:41:17.000,885,5.19,,,36.0,10.0,20.0,0.0,0.0,0.0,20.0,Cash,Demo Globe Taxi,41.821847050439395,-87.59939052668467,41.990959571430224,-87.77983681371133
demo_trip_000633,demo_taxi_0045,2024-03-15T16:56:02.000,2024-03-15T17:03:31.000,449,3.87,,,69.0,6.0,13.32,0.0,0.0,0.0,13.32,Credit Card,Demo Globe Taxi,41.778854191580116,-87.62912636490287,41.94485946970832,-87.6725836061233
demo_trip_000634,demo_taxi_0021,2024-03-05T15:48:04.000,2024-03-05T15:53:26.000,322,0.98,,,54.0,5.0,4.07,0.59,0.0,0.0,4.66,Credit Card,Demo City Service,41.66555704136238,-87.59621225812816,41.95637464138506,-87.69008610623357
demo_trip_000635,,2024-03-04T12:47:55.000,2024-03-04T12:52:53.000,298,2.83,,,59.0,23.0,8.63,1.87,0.0,1.84,12.34,Cash,Demo City Service,41.836248354664555,-87.6704063775451,41.903858934382846,-87.70763973968405
demo_trip_000636,demo_taxi_0028,2024-03-11T13:01:02.000,2024-03-11T13:17:35.000,993,7.92,,,6.0,5.0,38.83,0.0,0.0,2.95,41.78,Cash,Demo Globe Taxi,41.93826263701198,-87.66415614176621,41.934832247513626,-87.67496153204813
demo_trip_000637,demo_taxi_0035,2024-03-19T08:51:24.000,2024-03-19T09:30:08.000,2324,17.92,,,29.0,29.0,59.64,0.0,0.0,0.0,59.64,Cash,Demo Sun Taxi,41.85832024574958,-87.70291574292386,41.861591703288255,-87.72193022590197
demo_trip_000638,demo_taxi_0095,2024-03-07T19:45:45.000,2024-03-07T19:58:03.000,738,6.84,,,19.0,13.0,32.93,0.0,0.0,0.0,32.93,Cash,Demo City Service,41.931606330153514,-87.76115041035165,41.9892636954629,-87.73315916329192
demo_trip_000639,demo_taxi_0113,2024-03-21T08:23:19.000,2024-03-21T08:41:17.000,1078,6.2,,,19.0,67.0,24.63,0.0,0.0,0.0,24.63,Cash,Demo Taxi Co,41.93358456436824,-87.76370776467988,41.78790726762169,-87.65971180400827
demo_trip_000640,demo_taxi_0080,2024-03-09T17:35:29.000,2024-03-09T18:03:27.000,1678,5.6,,,23.0,46.0,19.8,0.0,0.0,1.21,21.01,Cash,Demo Taxi Co,41.91024219664277,-87.72551812172922,41.72821089556802,-87.55089618470205
demo_trip_000641,demo_taxi_0109,2024-03-14T18:49:05.000,2024-03-14T19:16:25.000,1640,9.76,,,46.0,5.0,42.31,9.94,0.0,0.0,52.25,Credit Card,Demo Sun Taxi,41.73617416383843,-87.55112630282896,41.944765334775994,-87.68802931310555
demo_trip_000642,demo_taxi_0102,2024-03-08T16:54:47.000,2024-03-08T17:07:46.000,779,6.49,,,46.0,59.0,25.2,3.1,0.0,1.85,30.15,Cash,Demo Sun Taxi,41.72390618189019,-87.54499178741145,41.833310662550154,-87.6790633433628
demo_trip_000643,demo_taxi_0057,2024-03-13T20:33:38.000,2024-03-13T20:41:20.000,462,4.0,,,54.0,5.0,11.39,0.0,0.0,0.91,12.3,Cash,Demo Globe Taxi,41.653114713083085,-87.59937392053027,41.93396188051963,-87.6744840958127
demo_trip_000644,demo_taxi_0092,2024-03-13T09:02:51.000,2024-03-13T09:11:38.000,527,3.1,,,59.0,29.0,13.21,2.54,0.0,2.88,18.63,Credit Card,Demo City Service,41.827649570067564,-87.65994502044741,41.86840966704509,-87.73201736255518
demo_trip_000645,demo_taxi_0039,2024-03-04T20:37:51.000,2024-03-04T20:48:59.000,668,5.15,,,6.0,54.0,20.34,4.83,0.0,0.0,25.17,Credit Card,Demo City Service,41.94033279614101,-87.66158335855528,41.651511395068034,-87.60435648984863
demo_trip_000646,demo_taxi_0055,2024-03-15T18:40:21.000,2024-03-15T18:46:32.000,371,1.51,,,48.0,23.0,5.91,0.0,0.0,0.89,6.8,Credit Card,Demo City Service,41.72593955356055,-87.5504877601451,41.90079371997432,-87.70972781916556
demo_trip_000647,demo_taxi_0064,2024-03-20T19:03:02.000,2024-03-20T19:23:03.000,1201,4.75,,,11.0,35.0,20.64,0.0,0.0,0.0,20.64,Cash,Demo Globe Taxi,41.9846823585029,-87.76018943994357,41.84474663024345,-87.62784046744517
demo_trip_000648,demo_taxi_0115,2024-03-23T17:49:20.000,2024-03-23T18:16:13.000,1613,10.68,,,19.0,10.0,44.15,0.0,0.0,0.0,44.15,Credit Card,Demo Taxi Co,41.91992274344824,-87.75028554771745,41.9882851847338,-87.78360024113103
demo_trip_000649,demo_taxi_0101,2024-03-10T19:12:08.000,2024-03-10T19:40:06.000,1678,9.04,,,75.0,59.0,30.88,0.0,0.0,0.0,30.88,Cash,Demo Flash Cab,41.688959716171944,-87.66195128201501,41.82541497376519,-87.66447795609027
demo_trip_000650,demo_taxi_0058,2024-03-22T23:53:31.000,2024-03-23T00:30:09.000,2198,7.54,,,54.0,69.0,24.85,0.0,0.0,0.0,24.85,Cash,Demo Sun Taxi,41.65017603955034,-87.58908895110761,41.77167257868597,-87.62055930420146
demo_trip_000651,demo_taxi_0078,2024-03-22T12:33:08.000,2024-03-22T12:46:59.000,831,6.59,,,1.0,67.0,20.61,2.93,0.0,0.0,23.54,Unknown,Demo Globe Taxi,42.00637434494823,-87.67121918197954,41.78326598749448,-87.67321178031423
demo_trip_000652,demo_taxi_0024,2024-03-24T19:19:55.000,2024-03-24T19:47:08.000,1633,10.15,,,10.0,1.0,39.97,0.0,0.0,0.0,39.97,Credit Card,Demo Globe Taxi,41.983894687989576,-87.80959540180997,42.003204090985996,-87.6776219409123
demo_trip_000653,demo_taxi_0096,2024-03-11T18:03:36.000,2024-03-11T18:39:19.000,2143,13.13,,,10.0,23.0,42.67,6.76,0.0,0.0,49.43,Mobile,Demo Taxi Co,41.98978797346113,-87.8146654630634,41.89518073002322,-87.74083130624409
demo_trip_000654,demo_taxi_0066,2024-03-21T13:01:15.000,2024-03-21T13:05:18.000,243,0.89,,,59.0,54.0,2.49,0.37,0.0,0.0,2.86,Cash,Demo City Service,41.83154505634642,-87.6818212402193,41.676403744848265,-87.60996842521656
demo_trip_000655,demo_taxi_0063,2024-03-15T21:44:55.000,2024-03-15T22:16:49.000,1914,7.71,,,75.0,51.0,34.36,0.0,0.0,0.0,34.36,Credit Card,Demo Globe Taxi,41.69586424711263,-87.65777143181178,41.670672421010345,-87.56789455253119
demo_trip_000656,demo_taxi_0091,2024-03-05T12:22:46.000,2024-03-05T12:29:01.000,375,2.78,,,48.0,11.0,8.4,1.74,0.0,0.0,10.14,Credit Card,Demo Globe Taxi,41.73659821935704,-87.56516817013234,41.97431734465445,-87.76791167045471
demo_trip_000657,demo_taxi_0075,2024-03-09T15:50:26.000,2024-03-09T16:13:50.000,1404,12.09,,,51.0,48.0,35.21,6.26,0.0,0.0,41.47,Credit Card,Demo Flash Cab,41.71186508774113,-87.55221831152325,41.73556461098424,-87.57421252104275
demo_trip_000658,demo_taxi_0008,2024-03-18T06:13:08.000,2024-03-18T06:46:52.000,2024,7.19,,,36.0,19.0,33.24,4.47,0.0,0.0,37.71,Credit Card,Demo Sun Taxi,41.82168686216808,-87.6056741721776,41.93017066091628,-87.75521366297323
demo_trip_000659,demo_taxi_0034,2024-03-07T08:55:20.000,2024-03-07T09:15:19.000,1199,9.97,,,46.0,51.0,42.43,0.0,0.0,0.0,42.43,Credit Card,Demo Flash Cab,41.73726979608242,-87.56387377686997,41.6672262391757,-87.58511900598543
demo_trip_000660,demo_taxi_0021,2024-03-13T19:56:35.000,2024-03-13T20:20:17.000,1422,11.57,,,,,51.09,0.0,0.0,0.0,51.09,Credit Card,Demo Flash Cab,41.849790016829175,-87.72388982226737,41.68941014931399,-87.65543467718126
demo_trip_000661,demo_taxi_0088,2024-03-20T12:06:45.000,2024-03-20T12:32:40.000,1555,12.96,,,51.0,46.0,43.75,6.76,0.0,0.0,50.51,Mobile,Demo Globe Taxi,41.69028971681567,-87.57962543863879,41.754358840611495,-87.54754672842887
demo_trip_000662,demo_taxi_0004,2024-03-07T12:38:15.000,2024-03-07T13:02:37.000,1462,9.63,,,36.0,36.0,38.94,8.85,0.0,0.0,47.79,Credit Card,Demo Flash Cab,41.81910049292393,-87.60640506066203,41.828466630010254,-87.6054936438113
demo_trip_000663,demo_taxi_0024,2024-03-14T08:56:44.000,2024-03-14T09:26:48.000,1804,8.77,,,23.0,6.0,42.36,0.0,0.0,0.0,42.36,Credit Card,Demo Flash Cab,41.91338339261715,-87.72168432085417,41.93923395115727,-87.64963240253141
demo_trip_000664,demo_taxi_0071,2024-03-08T14:19:16.000,2024-03-08T14:54:03.000,2087,16.71,,,48.0,51.0,53.58,0.0,0.0,0.0,53.58,Cash,Demo Taxi Co,41.727247517761086,-87.5863535132763,41.704177959925374,-87.5841549143461
demo_trip_000665,demo_taxi_0083,2024-03-15T19:04:14.000,2024-03-15T19:12:13.000,479,2.79,,,69.0,54.0,7.46,1.54,0.0,0.0,9.0,Mobile,Demo Taxi Co,41.76725580638395,-87.60523851392995,41.65324695123971,-87.61891349236609
demo_trip_000666,demo_taxi_0060,2024-03-09T20:52:26.000,2024-03-09T21:10:49.000,1103,4.29,,,29.0,48.0,12.56,3.02,0.0,2.02,17.6,No Charge,Demo Globe Taxi,41.849697188911215,-87.73769687340686,41.72383039966794,-87.56016544206746
demo_trip_000667,demo_taxi_0103,2024-03-24T05:28:09.000,2024-03-24T06:02:41.000,2072,10.86,,,29.0,13.0,51.52,0.0,0.0,0.0,51.52,Mobile,Demo Taxi Co,41.8657052263868,-87.70694461202191,41.97577436191822,-87.73666614584769
demo_trip_000668,demo_taxi_0110,2024-03-05T16:01:24.000,2024-03-05T16:18:30.000,1026,5.8,,,10.0,75.0,18.58,1.94,0.0,0.0,20.52,Mobile,Demo Flash Cab,41.99341965863278,-87.82101685064622,41.68967163701032,-87.65701414620364
demo_trip_000669,demo_taxi_0015,2024-03-24T13:50:21.000,2024-03-24T14:11:27.000,1266,7.61,,,59.0,54.0,28.37,0.0,0.0,0.0,28.37,Credit Card,Demo Taxi Co,41.82754277130538,-87.68212704852795,41.68486875758104,-87.61157192789565
demo_trip_000670,demo_taxi_0114,2024-03-20T16:40:16.000,2024-03-20T17:10:43.000,1827,16.36,,,6.0,35.0,62.76,13.6,0.0,0.0,76.36,Cash,Demo Globe Taxi,41.93612747442172,-87.66463138751442,41.83686547823842,-87.62702330298816
demo_trip_000671,demo_taxi_0073,2024-03-21T13:04:46.000,2024-03-21T13:42:22.000,2256,11.97,,,54.0,35.0,58.65,0.0,0.0,0.0,58.65,Credit Card,Demo Sun Taxi,41.651325101164886,-87.58149352159259,41.836425229299884,-87.61682965024116
demo_trip_000672,demo_taxi_0076,2024-03-21T12:15:19.000,2024-03-21T12:27:37.000,738,3.22,,,48.0,1.0,10.48,0.0,0.0,2.92,13.4,No Charge,Demo City Service,41.73356516091055,-87.5666944412025,42.00651841783764,-87.65586534338134
demo_trip_000673,demo_taxi_0011,2024-03-07T13:01:41.000,2024-03-07T13:40:02.000,2301,21.72,,,51.0,19.0,82.61,0.0,0.0,0.0,82.61,Credit Card,Demo Globe Taxi,41.69944073262865,-87.54836003501268,41.9250812123344,-87.75375486572241
demo_trip_000674,demo_taxi_0074,2024-03-23T16:57:43.000,2024-03-23T17:26:58.000,1755,7.08,,,75.0,23.0,34.66,0.0,0.0,0.0,34.66,Cash,Demo City Service,41.68866161251502,-87.66780904079582,41.897366565278524,-87.7084778803412
demo_trip_000675,demo_taxi_0087,2024-03-16T14:01:39.000,2024-03-16T14:05:47.000,248,0.57,,,67.0,29.0,1.71,0.3,0.0,0.0,2.01,Credit Card,Demo Sun Taxi,41.7817021897723,-87.66361540460974,41.869947006724495,-87.73468892740962
demo_trip_000676,demo_taxi_0069,2024-03-24T13:47:16.000,2024-03-24T14:22:08.000,2092,17.98,,,29.0,5.0,71.82,17.5,0.0,1.15,90.47,Mobile,Demo Globe Taxi,41.857555872141,-87.72270418061375,41.93940521531807,-87.67832602804131
demo_trip_000677,demo_taxi_0010,2024-03-22T19:30:49.000,2024-03-22T19:48:02.000,1033,9.69,,,1.0,11.0,25.77,0.0,0.0,0.0,25.77,Credit Card,Demo Flash Cab,42.00870090683672,-87.6655019306253,41.988892365354225,-87.769290969938
demo_trip_000678,demo_taxi_0062,2024-03-16T18:34:14.000,2024-03-16T18:47:40.000,806,5.91,,,75.0,13.0,18.66,0.0,0.0,0.0,18.66,Mobile,Demo Sun Taxi,41.69266724084257,-87.64418783724234,41.98307363885105,-87.7326699893399
demo_trip_000679,demo_taxi_0112,2024-03-11T10:48:16.000,2024-03-11T11:10:44.000,1348,7.12,,,59.0,35.0,19.03,0.0,0.0,0.0,19.03,No Charge,Demo Globe Taxi,41.82960308306161,-87.66581803018305,41.828312836288674,-87.61561661817832
demo_trip_000680,demo_taxi_0086,2024-03-06T19:53:52.000,2024-03-06T20:18:11.000,1459,9.19,,,69.0,11.0,30.56,6.91,0.0,0.0,37.47,Credit Card,Demo Taxi Co,41.75632857857943,-87.59977209662472,41.98241644452386,-87.7658700863533
demo_trip_000681,demo_taxi_0016,2024-03-06T19:07:20.000,2024-03-06T19:30:17.000,1377,11.65,,,6.0,69.0,35.14,0.0,0.0,0.0,35.14,Cash,Demo Flash Cab,41.94371040694113,-87.67337445393684,41.77850521076263,-87.62744083299032
demo_trip_000682,demo_taxi_0115,2024-03-12T07:01:41.000,2024-03-12T07:06:43.000,302,2.68,,,23.0,29.0,12.05,1.86,0.0,0.0,13.91,Credit Card,Demo Globe Taxi,41.9131845582654,-87.70472475326578,41.85331071807291,-87.72784863161532
demo_trip_000683,demo_taxi_0115,2024-03-21T16:07:02.000,2024-03-21T16:40:27.000,2005,6.0,,,35.0,48.0,21.95,3.21,0.0,0.0,25.16,Credit Card,Demo Flash Cab,41.8343528033486,-87.60587603542447,41.72370124961747,-87.56957894524376
demo_trip_000684,demo_taxi_0020,2024-03-14T09:40:36.000,2024-03-14T09:56:14.000,938,8.19,,,36.0,19.0,28.77,6.8,0.0,0.51,36.08,Credit Card,Demo Globe Taxi,41.817837252893206,-87.59598473735379,41.92617082225068,-87.74325201180484
demo_trip_000685,demo_taxi_0096,2024-03-14T18:34:52.000,2024-03-14T18:43:05.000,493,3.38,,,6.0,6.0,14.3,0.0,0.0,0.0,14.3,Cash,Demo Taxi Co,41.9354369577054,-87.66436515658383,41.94027559366651,-87.66568269504647
demo_trip_000686,demo_taxi_0048,2024-03-09T08:05:42.000,2024-03-09T08:29:38.000,1436,3.54,,,67.0,46.0,17.23,0.0,0.0,0.0,17.23,Credit Card,Demo Sun Taxi,41.79078474339251,-87.66616395130242,41.74332636155424,-87.53681815083921
demo_trip_000687,demo_taxi_0071,2024-03-15T17:14:34.000,2024-03-15T17:40:35.000,1561,4.74,,,29.0,36.0,15.42,0.0,0.0,1.59,17.01,Cash,Demo City Service,41.86590410144841,-87.72378932627305,41.82163939161092,-87.6031127115952
demo_trip_000688,demo_taxi_0053,2024-03-17T09:32:50.000,2024-03-17T09:39:39.000,409,1.05,,,51.0,54.0,2.8,0.0,0.0,0.0,2.8,Cash,Demo Sun Taxi,41.67049070290365,-87.56865248828392,41.68457125062015,-87.60254986364264
demo_trip_000689,demo_taxi_0093,2024-03-24T14:43:17.000,2024-03-24T15:21:09.000,2272,21.21,,,48.0,67.0,58.85,12.48,0.0,0.0,71.33,Credit Card,Demo Taxi Co,41.72588299572062,-87.56974551136615,41.78467168006323,-87.65661499567236
demo_trip_000690,demo_taxi_0119,2024-03-19T22:20:22.000,2024-03-19T22:20:22.000,0,8.2,,,6.0,59.0,38.07,6.19,0.0,0.0,44.26,Credit Card,Demo City Service,41.96038254628536,-87.66821485996168,41.96038254628536,-87.66821485996168
demo_trip_000691,demo_taxi_0095,2024-03-16T11:56:04.000,2024-03-16T12:35:56.000,2392,18.15,,,,,83.76,14.62,0.0,0.0,98.38,Credit Card,Demo Sun Taxi,41.93412311818921,-87.75834992138645,41.75693096486643,-87.61564794838097
demo_trip_000692,demo_taxi_0111,2024-03-23T20:59:41.000,2024-03-23T21:27:29.000,1668,3.73,,,23.0,5.0,13.76,1.58,0.0,0.0,15.34,Credit Card,Demo Sun Taxi,41.90079320910289,-87.73331203419059,41.943066054660434,-87.68286510189021
demo_trip_000693,demo_taxi_0113,2024-03-12T23:45:43.000,2024-03-12T23:49:05.000,202,1.65,,,23.0,67.0,4.73,0.0,0.0,0.0,4.73,Dispute,Demo Taxi Co,41.89052156963269,-87.70816073634818,41.79228234589623,-87.67072845142346
demo_trip_000694,demo_taxi_0010,2024-03-23T20:27:45.000,2024-03-23T20:38:27.000,642,3.75,,,51.0,59.0,14.31,3.24,0.0,0.0,17.55,Credit Card,Demo Globe Taxi,41.70019760071679,-87.59297904805767,41.83632600404319,-87.68228724597583
demo_trip_000695,demo_taxi_0030,2024-03-11T07:52:44.000,2024-03-11T08:31:43.000,2339,21.4,,,59.0,29.0,89.26,0.0,0.0,0.0,89.26,Cash,Demo Sun Taxi,41.833594532136956,-87.66022696153573,41.85648708359291,-87.73787712529969
demo_trip_000696,,2024-03-06T19:43:07.000,2024-03-06T20:06:49.000,1422,8.72,,,69.0,75.0,29.04,0.0,0.0,0.0,29.04,No Charge,Demo Globe Taxi,41.75826416710807,-87.63323142023285,41.68354629176213,-87.67148280752163
demo_trip_000697,demo_taxi_0070,2024-03-12T03:31:39.000,2024-03-12T03:39:10.000,451,3.67,,,29.0,48.0,9.93,0.0,0.0,2.24,12.17,Credit Card,Demo Flash Cab,41.86606806600507,-87.69126148281946,41.72967937064945,-87.56212882782287
demo_trip_000698,demo_taxi_0006,2024-03-06T12:26:45.000,2024-03-06T12:32:29.000,344,2.39,,,59.0,67.0,7.9,1.0,0.0,0.0,8.9,Cash,Demo Flash Cab,41.82753959330339,-87.66702664490329,41.770350489276616,-87.67776412118572
demo_trip_000699,demo_taxi_0011,2024-03-06T20:49:12.000,2024-03-06T21:12:04.000,1372,8.41,,,13.0,11.0,35.54,0.0,0.0,0.0,35.54,Mobile,Demo Globe Taxi,41.98101926483424,-87.71020117197794,41.96947098597996,-87.78440671712809
demo_trip_000700,demo_taxi_0062,2024-03-22T17:33:28.000,2024-03-22T17:58:26.000,1498,13.98,,,35.0,36.0,69.14,14.79,0.0,0.0,83.93,Cash,Demo Sun Taxi,41.83024409490878,-87.61978963491275,41.82700887836451,-87.60835993715922
demo_trip_000701,demo_taxi_0073,2024-03-20T15:10:54.000,2024-03-20T15:23:00.000,726,4.31,,,34.0,5.0,12.82,2.12,0.0,1.13,16.07,Credit Card,Demo Globe Taxi,41.85301873325404,-87.63908219252566,41.95746459060168,-87.68049975196742
demo_trip_000702,demo_taxi_0020,2024-03-08T12:59:24.000,2024-03-08T13:09:36.000,612,5.46,,,19.0,19.0,26.13,0.0,0.0,0.0,26.13,Cash,Demo Sun Taxi,41.92479594383833,-87.79024979436234,41.92728134174077,-87.75337655330422
demo_trip_000703,demo_taxi_0020,2024-03-21T19:04:45.000,2024-03-21T19:30:11.000,1526,3.8,,,35.0,1.0,13.84,0.0,0.0,0.0,13.84,Mobile,Demo Globe Taxi,41.83056761099092,-87.61768568223187,41.99810506621163,-87.67524434786978
demo_trip_000704,demo_taxi_0015,2024-03-05T17:41:31.000,2024-03-05T18:00:37.000,1146,8.2,,,11.0,75.0,34.1,0.0,0.0,0.0,34.1,Cash,Demo City Service,41.97428880487273,-87.78539925847164,41.69904597937787,-87.68247021059015
demo_trip_000705,demo_taxi_0067,2024-03-09T13:39:39.000,2024-03-09T13:44:01.000,262,2.37,,,34.0,23.0,11.04,0.0,0.0,0.0,11.04,Cash,Demo City Service,41.82725427364935,-87.63073933611284,41.88866969133884,-87.7327264375007
demo_trip_000706,demo_taxi_0000,2024-03-18T20:35:37.000,2024-03-18T20:40:45.000,308,2.76,,,,,10.75,1.64,0.0,0.0,12.39,Cash,Demo Sun Taxi,41.65334050253428,-87.5969577613568,41.979654310294656,-87.70627578753587
demo_trip_000707,demo_taxi_0068,2024-03-10T08:03:39.000,2024-03-10T08:15:28.000,709,4.15,,,51.0,75.0,11.01,0.0,0.0,1.55,12.56,Cash,Demo Sun Taxi,41.70326291352014,-87.55798634369079,41.67787951553124,-87.67476465251745
demo_trip_000708,demo_taxi_0057,2024-03-19T07:29:46.000,2024-03-19T07:53:38.000,1432,240.50517139480914,,,34.0,11.0,3.207951393681262,4.89,0.0,0.0,31.0,Credit Card,Demo City Service,41.85507435070256,-87.63618130896317,41.99658523010106,-87.77371694563506
demo_trip_000709,demo_taxi_0055,2024-03-22T17:53:54.000,2024-03-22T18:08:01.000,847,7.03,,,48.0,29.0,31.69,0.0,0.0,0.0,31.69,Mobile,Demo Taxi Co,41.73246408050136,-87.57463260126214,41.857620410752354,-87.70387924538878
demo_trip_000710,demo_taxi_0081,2024-03-05T22:14:17.000,2024-03-05T22:17:50.000,213,1.01,,,6.0,6.0,3.92,0.0,0.0,2.22,6.14,Credit Card,Demo Globe Taxi,41.94230611076689,-87.6720566424497,41.943064861004096,-87.6605853407766
demo_trip_000711,demo_taxi_0062,2024-03-04T08:41:55.000,2024-03-04T09:18:47.000,2212,20.46,,,29.0,54.0,67.98,10.17,0.0,0.74,78.89,Mobile,Demo Flash Cab,41.85422663407882,-87.72170496238854,41.65517662950491,-87.59468190150196
demo_trip_000712,demo_taxi_0087,2024-03-23T08:51:37.000,2024-03-23T09:20:16.000,1719,7.05,,,67.0,10.0,27.91,6.54,0.0,0.0,34.45,Credit Card,Demo Globe Taxi,41.78652121587157,-87.66711833610998,41.99954038767459,-87.78549506315841
demo_trip_000713,demo_taxi_0091,2024-03-14T07:57:35.000,2024-03-14T08:22:10.000,1475,4.1,,,67.0,59.0,13.0,2.88,0.0,2.38,18.26,Cash,Demo City Service,41.784836784218,-87.67148924539424,41.83150326331349,-87.66108211973918
demo_trip_000714,demo_taxi_0110,2024-03-14T20:30:19.000,2024-03-14T20:42:21.000,722,5.78,,,51.0,48.0,17.93,0.0,0.0,0.0,17.93,Mobile,Demo Taxi Co,41.69545593801766,-87.5931876992752,41.736498006725405,-87.58065092716281
demo_trip_000715,demo_taxi_0095,2024-03-13T08:18:25.000,2024-03-13T08:47:37.000,1752,9.21,,,35.0,11.0,42.1,7.92,0.0,0.0,50.02,Cash,Demo Taxi Co,41.83556826778278,-87.61974000348037,41.97320201219979,-87.78697961161002
demo_trip_000716,demo_taxi_0062,2024-03-13T14:41:39.000,2024-03-13T15:19:39.000,2280,11.15,,,11.0,5.0,39.03,0.0,0.0,0.0,39.03,Credit Card,Demo City Service,41.97196895723002,-87.75642387490721,41.95546120993842,-87.6823601406909
demo_trip_000717,demo_taxi_0059,2024-03-18T23:29:21.000,2024-03-18T23:57:21.000,1680,7.78,,,69.0,48.0,24.78,4.65,0.0,0.0,29.43,Cash,Demo Globe Taxi,41.76103839616175,-87.61582140710657,41.72923358807072,-87.5759359702274
demo_trip_000718,demo_taxi_0028,2024-03-16T01:37:17.000,2024-03-16T01:51:13.000,836,8.01,,,10.0,67.0,28.22,0.0,0.0,1.7,29.92,Credit Card,Demo Flash Cab,41.99119480488508,-87.8208587617017,41.78920322635056,-87.67897753329869
demo_trip_000719,demo_taxi_0071,2024-03-07T15:44:49.000,2024-03-07T16:02:19.000,1050,6.84,,,29.0,13.0,32.84,4.28,0.0,0.0,37.12,Credit Card,Demo Taxi Co,41.86106721224847,-87.69456676282559,41.976930505426076,-87.73331517028218
demo_trip_000720,demo_taxi_0016,2024-03-17T14:42:24.000,2024-03-17T15:19:46.000,2242,21.66,,,75.0,75.0,63.94,0.0,0.0,0.0,63.94,Cash,Demo Globe Taxi,41.684208516716566,-87.6647430221708,41.692788507434926,-87.67391640573247
demo_trip_000721,demo_taxi_0111,2024-03-18T19:14:38.000,2024-03-18T19:18:09.000,211,1.01,,,67.0,29.0,2.99,0.0,0.0,0.55,3.54,Unknown,Demo City Service,41.765644974670245,-87.6734140462845,41.85487760079798,-87.71132466638305
demo_trip_000722,demo_taxi_0101,2024-03-06T11:45:01.000,2024-03-06T11:56:12.000,671,3.57,,,11.0,59.0,12.08,1.63,0.0,0.0,13.71,Unknown,Demo City Service,41.97113787351083,-87.754449460654,41.826465615295774,-87.66491282937298
demo_trip_000723,demo_taxi_0014,2024-03-11T12:32:04.000,2024-03-11T12:39:01.000,417,1.59,,,19.0,34.0,4.22,0.52,0.0,0.0,4.74,Cash,Demo Flash Cab,41.92568131806922,-87.77570107139124,41.85194396412519,-87.63713509236207
demo_trip_000724,demo_taxi_0094,2024-03-20T07:55:50.000,2024-03-20T08:22:33.000,1603,8.74,,,35.0,59.0,23.49,0.0,0.0,0.0,23.49,Cash,Demo Sun Taxi,41.83872639656645,-87.62726372667485,41.82691451785907,-87.681779559012
demo_trip_000725,demo_taxi_0014,2024-03-16T18:39:08.000,2024-03-16T18:59:06.000,1198,0.0,,,69.0,6.0,8.14,0.0,0.0,0.0,8.14,Credit Card,Demo City Service,41.76659015308403,-87.61976374714199,41.93646972570522,-87.64680688172949
demo_trip_000726,demo_taxi_0086,2024-03-06T18:53:47.000,2024-03-06T19:01:42.000,475,0.0,,,51.0,54.0,3.04,0.0,0.0,0.0,3.04,Credit Card,Demo Globe Taxi,41.69595444709903,-87.56000907080616,41.64765199184613,-87.61672549989716
demo_trip_000727,demo_taxi_0010,2024-03-04T07:58:54.000,2024-03-04T08:36:43.000,2269,12.75,,,11.0,10.0,52.29,6.52,0.0,0.0,58.81,Cash,Demo City Service,41.973724395761,-87.76991404603905,41.99618067179285,-87.80098037196566
demo_trip_000728,demo_taxi_0058,2024-03-16T12:59:28.000,2024-03-16T13:22:52.000,1404,10.98,,,35.0,51.0,32.84,0.0,0.0,0.0,32.84,Cash,Demo Globe Taxi,41.831584479548056,-87.6229289783426,41.66356491021253,-87.57760000432343
demo_trip_000729,demo_taxi_0078,2024-03-13T20:44:53.000,2024-03-13T20:57:05.000,732,4.03,,,6.0,1.0,13.88,0.0,0.0,2.6,16.48,Cash,Demo Flash Cab,41.94456810544261,-87.6735722947504,42.01508098072906,-87.6639900123999
demo_trip_000730,demo_taxi_0087,2024-03-24T00:35:25.000,2024-03-24T01:13:24.000,2279,13.92,,,35.0,11.0,59.35,0.0,0.0,0.0,59.35,Credit Card,Demo Sun Taxi,41.83607392687084,-87.61077277942385,41.99543178194182,-87.77792356131452
demo_trip_000731,demo_taxi_0050,2024-03-14T09:07:57.000,2024-03-14T09:36:47.000,1730,9.63,,,54.0,36.0,24.84,5.25,0.0,0.0,30.09,Credit Card,Demo Globe Taxi,41.647665417144275,-87.58936481937039,41.8174994211277,-87.60302459880177
demo_trip_000732,demo_taxi_0110,2024-03-23T15:23:14.000,2024-03-23T15:31:02.000,468,2.89,,,19.0,23.0,8.74,0.99,0.0,0.0,9.73,Credit Card,Demo Sun Taxi,41.922923138346356,-87.78764143817877,41.89142837417398,-87.73999962982205
demo_trip_000733,demo_taxi_0092,2024-03-08T10:28:25.000,2024-03-08T11:02:00.000,2015,16.2,,,51.0,1.0,80.83,0.0,0.0,2.06,82.89,Cash,Demo Flash Cab,41.708523693141764,-87.57041124276425,42.017975066373204,-87.66672224885026
demo_trip_000734,demo_taxi_0024,2024-03-13T09:46:23.000,2024-03-13T09:51:34.000,311,2.57,,,46.0,10.0,10.26,0.0,0.0,0.0,10.26,Credit Card,Demo Flash Cab,41.73088492346168,-87.53783612343878,41.98823365777743,-87.8083569726298
demo_trip_000735,demo_taxi_0080,2024-03-06T13:35:47.000,2024-03-06T14:12:20.000,2193,18.66,,,46.0,34.0,77.44,0.0,0.0,0.0,77.44,Credit Card,Demo Sun Taxi,41.735792637049094,-87.56365803110843,41.8323037415325,-87.63552365867623
demo_trip_000736,demo_taxi_0087,2024-03-16T08:26:02.000,2024-03-16T08:43:35.000,1053,4.02,,,54.0,51.0,15.24,0.0,0.0,0.0,15.24,Cash,Demo Taxi Co,41.64472376551572,-87.60775513341866,41.67838457493724,-87.59086152249274
demo_trip_000737,demo_taxi_0040,2024-03-07T15:08:49.000,2024-03-07T15:22:40.000,831,4.7,,,75.0,35.0,23.1,2.93,0.0,0.0,26.03,Credit Card,Demo Taxi Co,41.68395836444693,-87.68325468334444,41.83597206810751,-87.62322761373545
demo_trip_000738,demo_taxi_0088,2024-03-14T17:42:01.000,2024-03-14T17:46:59.000,298,2.52,,,11.0,35.0,7.21,0.0,0.0,0.0,7.21,Credit Card,Demo Taxi Co,41.99101911246927,-87.77691713899938,41.83975090924706,-87.62156335545014
demo_trip_000739,demo_taxi_0107,2024-03-11T16:25:18.000,2024-03-11T17:02:45.000,2247,20.87,,,59.0,35.0,55.69,0.0,0.0,0.0,55.69,Cash,Demo Taxi Co,41.82922134777227,-87.68596694589539,41.83541512197787,-87.61448269041334
demo_trip_000740,demo_taxi_0098,2024-03-07T06:02:35.000,2024-03-07T06:26:17.000,1422,8.95,,,29.0,29.0,40.64,0.0,0.0,0.0,40.64,Credit Card,Demo Taxi Co,41.86921638612456,-87.73803046009797,41.85834941519408,-87.70164739193346
demo_trip_000741,demo_taxi_0091,2024-03-06T19:17:08.000,2024-03-06T19:42:37.000,1529,9.05,,,6.0,48.0,22.72,0.0,0.0,0.0,22.72,Cash,Demo City Service,41.94159349501224,-87.63433642322249,41.73227029634522,-87.56023318712414
demo_trip_000742,demo_taxi_0076,2024-03-14T07:52:29.000,2024-03-14T08:26:56.000,2067,16.45,,,48.0,5.0,64.22,0.0,0.0,0.0,64.22,Dispute,Demo Flash Cab,41.72706754367013,-87.56099615257403,41.945044704779725,-87.68121906491933
demo_trip_000743,demo_taxi_0032,2024-03-23T18:07:59.000,2024-03-23T18:29:47.000,1308,12.64,,,36.0,10.0,31.64,5.8,0.0,0.0,37.44,Credit Card,Demo Sun Taxi,41.830115734305835,-87.60492931554458,41.988086916247234,-87.79903102533305
demo_trip_000744,demo_taxi_0095,2024-03-08T11:24:49.000,2024-03-08T11:38:32.000,823,4.46,,,67.0,6.0,15.03,0.0,0.0,0.0,15.03,Credit Card,Demo City Service,41.79294690289293,-87.65813332198468,41.94753843675158,-87.66357205846641
demo_trip_000745,demo_taxi_0043,2024-03-12T18:30:01.000,2024-03-12T19:01:49.000,1908,6.6,,,23.0,69.0,27.24,0.0,0.0,0.0,27.24,Cash,Demo Sun Taxi,41.894174136615874,-87.73809687547465,41.76487975377778,-87.61917863713502
demo_trip_000746,demo_taxi_0063,2024-03-08T08:05:35.000,2024-03-08T08:28:12.000,1357,11.51,,,67.0,36.0,44.52,10.02,0.0,0.0,54.54,Cash,Demo Sun Taxi,41.773138061527696,-87.67192748280083,41.83006078925504,-87.60766433084359
demo_trip_000747,demo_taxi_0037,2024-03-20T08:09:35.000,2024-03-20T08:21:24.000,709,5.35,,,59.0,10.0,20.86,0.0,0.0,0.0,20.86,Dispute,Demo Flash Cab,41.82765106131306,-87.67262394464703,41.9830320704553,-87.82584590300701
demo_trip_000748,demo_taxi_0037,2024-03-12T14:56:04.000,2024-03-12T15:30:18.000,2054,6.8,,,10.0,48.0,19.67,3.7,0.0,0.0,23.37,Credit Card,Demo Sun Taxi,41.97601303211732,-87.79014202668591,41.736503691088885,-87.5898344183753
demo_trip_000749,demo_taxi_0018,2024-03-24T03:35:39.000,2024-03-24T04:08:42.000,1983,9.22,,,48.0,69.0,29.84,6.1,0.0,0.0,35.94,Mobile,Demo Sun Taxi,41.72776297692495,-87.56536144830781,41.761656400972065,-87.62724027787007
demo_trip_000750,demo_taxi_0115,2024-03-09T08:12:31.000,2024-03-09T08:24:40.000,729,4.64,,,19.0,13.0,19.84,0.0,0.0,0.0,19.84,Cash,Demo Taxi Co,41.91725534247609,-87.78148102085002,41.97544396927823,-87.74041614052258
demo_trip_000751,demo_taxi_0017,2024-03-05T18:10:40.000,2024-03-05T18:37:42.000,1622,12.5,,,46.0,11.0,31.98,0.0,0.0,0.0,31.98,Credit Card,Demo City Service,41.73799379689337,-87.54011700535425,41.9701988200416,-87.76608616633159
demo_trip_000752,demo_taxi_0010,2024-03-16T19:25:17.000,2024-03-16T20:02:21.000,2224,17.96,,,54.0,36.0,71.63,0.0,0.0,0.0,71.63,Cash,Demo Flash Cab,41.68435838175212,-87.60193906147651,41.8297392392386,-87.61098528854455
demo_trip_000753,demo_taxi_0112,2024-03-17T06:43:15.000,2024-03-17T07:15:49.000,1954,6.62,,,48.0,36.0,25.11,0.0,0.0,0.0,25.11,Credit Card,Demo Globe Taxi,41.725293814505505,-87.58543691225256,41.81744633904061,-87.59298887523977
demo_trip_000754,demo_taxi_0066,2024-03-24T20:43:44.000,2024-03-24T20:43:44.000,0,2.39,,,13.0,23.0,8.03,0.0,0.0,0.0,8.03,Credit Card,Demo Taxi Co,41.98071720672259,-87.71084830849924,41.98071720672259,-87.71084830849924
demo_trip_000755,demo_taxi_0052,2024-03-22T19:11:43.000,2024-03-22T19:46:22.000,2079,16.22,,,6.0,23.0,54.13,10.04,0.0,0.0,64.17,Credit Card,Demo Globe Taxi,41.95184313185164,-87.67130974631054,41.90499554163508,-87.73762988715904
demo_trip_000756,demo_taxi_0088,2024-03-22T20:43:09.000,2024-03-22T20:48:14.000,305,0.94,,,48.0,51.0,4.23,0.0,0.0,0.0,4.23,Credit Card,Demo Taxi Co,41.72878346167373,-87.55861626125463,41.667290713845816,-87.58562321855273
demo_trip_000757,demo_taxi_0045,2024-03-17T17:53:12.000,2024-03-17T18:19:02.000,1550,9.24,,,48.0,51.0,31.92,0.0,0.0,0.0,31.92,Cash,Demo Flash Cab,41.73701323581351,-87.56638469066232,41.66242871974501,-87.56108552207239
demo_trip_000758,demo_taxi_0015,2024-03-11T17:13:35.000,2024-03-11T17:35:30.000,1315,8.31,,,10.0,51.0,22.43,0.0,0.0,0.0,22.43,Credit Card,Demo Sun Taxi,41.98814390206135,-87.82221891169793,41.71144885615487,-87.54312276896137
demo_trip_000759,demo_taxi_0087,2024-03-13T15:01:49.000,2024-03-13T15:06:10.000,261,1.24,,,29.0,54.0,6.08,0.0,0.0,0.0,6.08,Credit Card,Demo Taxi Co,41.85953137588101,-87.70819997306258,41.66418592991949,-87.60734962796802
demo_trip_000760,demo_taxi_0021,2024-03-06T17:57:12.000,2024-03-06T18:27:03.000,1791,14.68,,,69.0,69.0,41.48,8.27,0.0,0.0,49.75,Credit Card,Demo City Service,41.77037062044749,-87.59835437097193,41.77267929624959,-87.60516864426806
demo_trip_000761,demo_taxi_0066,2024-03-13T21:31:13.000,2024-03-13T21:45:13.000,840,2.22,,,59.0,54.0,9.98,1.39,0.0,0.0,11.37,Cash,Demo Sun Taxi,41.82493730983211,-87.67153459872058,41.66591451725195,-87.60089509810764
demo_trip_000762,demo_taxi_0113,2024-03-11T06:46:48.000,2024-03-11T07:21:20.000,2072,16.69,,,11.0,19.0,42.31,0.0,0.0,0.0,42.31,Dispute,Demo Taxi Co,41.971534186484845,-87.7631318592926,41.926410018625965,-87.78863327035533
demo_trip_000763,demo_taxi_0112,2024-03-04T10:19:41.000,2024-03-04T10:55:10.000,2129,15.05,,,6.0,54.0,51.34,0.0,0.0,0.0,51.34,Credit Card,Demo Sun Taxi,41.9466527416865,-87.67281945877882,41.65645053735026,-87.60604667419166
demo_trip_000764,demo_taxi_0043,2024-03-08T05:17:54.000,2024-03-08T05:42:44.000,1490,8.98,,,54.0,19.0,34.02,0.0,0.0,2.21,36.23,Dispute,Demo City Service,41.66576984591178,-87.60578911858191,41.93011684762884,-87.77744074286045
demo_trip_000765,demo_taxi_0093,2024-03-15T21:13:47.000,2024-03-15T21:39:58.000,1571,13.77,,,13.0,35.0,35.45,3.88,0.0,0.0,39.33,Cash,Demo Sun Taxi,41.985268466037226,-87.71255977786448,41.833068206237215,-87.61826329101528
demo_trip_000766,demo_taxi_0073,2024-03-11T13:13:57.000,2024-03-11T13:18:52.000,295,1.1,,,51.0,46.0,4.77,0.0,0.0,0.0,4.77,Mobile,Demo Sun Taxi,41.69673063296827,-87.58855650473078,41.74556245151449,-87.57401609611881
demo_trip_000767,demo_taxi_0057,2024-03-24T17:28:11.000,2024-03-24T18:04:06.000,2155,17.73,,,34.0,36.0,55.88,0.0,0.0,0.0,55.88,Cash,Demo Sun Taxi,41.85397296657273,-87.63840693608519,41.82283340150471,-87.60369609172496
demo_trip_000768,demo_taxi_0016,2024-03-14T19:06:16.000,2024-03-14T19:34:29.000,1693,6.15,,,19.0,69.0,23.7,3.76,0.0,0.0,27.46,Cash,Demo Sun Taxi,41.93502152643577,-87.77159615976335,41.76593633814988,-87.61504925627997
demo_trip_000769,demo_taxi_0045,2024-03-24T23:50:14.000,2024-03-25T00:07:27.000,1033,9.97,,,1.0,11.0,44.67,0.0,0.0,0.0,44.67,Cash,Demo Globe Taxi,41.99815028937474,-87.66793070157513,41.985269763909194,-87.76313847565568
demo_trip_000770,demo_taxi_0078,2024-03-17T07:30:03.000,2024-03-17T07:36:13.000,370,0.91,,,1.0,46.0,3.62,0.0,0.0,1.87,5.49,Cash,Demo Taxi Co,42.02127167293364,-87.66646916899143,41.73370049546119,-87.56037235790352
demo_trip_000771,demo_taxi_0118,2024-03-04T19:54:46.000,2024-03-04T20:16:26.000,1300,8.28,,,6.0,34.0,30.13,0.0,0.0,0.0,30.13,Mobile,Demo City Service,41.95333220506557,-87.66046999609368,41.845972625124446,-87.63187479830867
demo_trip_000772,demo_taxi_0000,2024-03-08T20:30:39.000,2024-03-08T21:06:58.000,2179,7.59,,,69.0,51.0,25.35,0.0,0.0,0.0,25.35,Mobile,Demo Flash Cab,41.7779438681595,-87.62118146239571,41.698639550923744,-87.58994632734871
demo_trip_000773,demo_taxi_0086,2024-03-18T04:18:05.000,2024-03-18T04:52:59.000,2094,0.0,,,48.0,69.0,28.9,0.0,0.0,0.0,28.9,Cash,Demo Globe Taxi,41.73083792014212,-87.56829127549662,41.76685573233287,-87.63315210796368
demo_trip_000774,demo_taxi_0101,2024-03-15T18:30:11.000,2024-03-15T18:36:49.000,398,1.33,,,11.0,34.0,6.36,1.54,0.0,0.0,7.9,Cash,Demo Globe Taxi,41.99229884127001,-87.77529818821695,41.84533198152402,-87.63520279902416
demo_trip_000775,demo_taxi_0114,2024-03-10T11:09:11.000,2024-03-10T11:09:11.000,0,6.88,,,11.0,11.0,27.38,3.04,0.0,1.44,31.86,Cash,Demo Flash Cab,41.9822728885176,-87.7786726151962,41.9822728885176,-87.7786726151962
demo_trip_000776,demo_taxi_0050,2024-03-14T17:49:24.000,2024-03-14T17:55:25.000,361,0.97,,,35.0,29.0,3.96,0.56,0.0,0.0,4.52,Cash,Demo Sun Taxi,41.84005019564847,-87.61469437776235,41.86100168248081,-87.72652406146645
demo_trip_000777,demo_taxi_0014,2024-03-22T14:43:27.000,2024-03-22T15:00:25.000,1018,2.32,,,23.0,5.0,8.35,0.0,0.0,0.0,8.35,Cash,Demo Taxi Co,41.90557805913855,-87.71790406209682,41.95505447822738,-87.674958613698
demo_trip_000778,demo_taxi_0032,2024-03-12T09:08:17.000,2024-03-12T09:27:49.000,1172,8.93,,,54.0,29.0,30.65,0.0,0.0,0.0,30.65,Cash,Demo Sun Taxi,41.67203115966052,-87.59996349146324,41.868233819257284,-87.73417101168529
demo_trip_000779,demo_taxi_0102,2024-03-04T07:34:55.000,2024-03-04T07:38:45.000,230,1.29,,,46.0,46.0,3.38,0.0,0.0,0.0,3.38,Credit Card,Demo City Service,41.74576617175008,-87.5444024291968,41.744665490794794,-87.5529189509634
demo_trip_000780,demo_taxi_0105,2024-03-10T07:32:12.000,2024-03-10T07:40:16.000,484,1.24,,,51.0,35.0,3.62,0.0,0.0,2.11,5.73,Dispute,Demo Flash Cab,41.69416127432282,-87.55273998530366,41.82388538216779,-87.62124447848385
demo_trip_000781,demo_taxi_0076,2024-03-23T06:12:33.000,2024-03-23T06:48:07.000,2134,19.77,,,11.0,48.0,70.46,0.0,0.0,0.0,70.46,Credit Card,Demo Taxi Co,41.97412386446426,-87.78528583481894,41.7231749950108,-87.56447191405265
demo_trip_000782,demo_taxi_0014,2024-03-19T17:07:26.000,2024-03-19T17:33:43.000,1577,11.38,,,69.0,46.0,35.33,8.25,0.0,0.0,43.58,Credit Card,Demo Taxi Co,41.76484675140548,-87.60203374856661,41.74949642903647,-87.55917137373974
demo_trip_000783,demo_taxi_0014,2024-03-21T11:45:23.000,2024-03-21T12:17:28.000,1925,8.09,,,19.0,5.0,21.12,4.38,0.0,0.0,25.5,Credit Card,Demo Flash Cab,41.93857578805721,-87.76614900192295,41.95838409422031,-87.69036800404041
demo_trip_000784,demo_taxi_0057,2024-03-23T08:15:49.000,2024-03-23T08:39:57.000,1448,7.98,,,23.0,11.0,30.84,0.0,0.0,0.0,30.84,Credit Card,Demo City Service,41.88833348072036,-87.72968953073232,41.97965129099825,-87.76283838126106
demo_trip_000785,demo_taxi_0070,2024-03-06T17:31:58.000,2024-03-06T17:51:35.000,1177,6.93,,,67.0,46.0,25.37,0.0,0.0,0.0,25.37,Cash,Demo Taxi Co,41.76656569998417,-87.67680502270326,41.73385625940327,-87.53902449643627
demo_trip_000786,demo_taxi_0003,2024-03-09T17:14:00.000,2024-03-09T17:17:40.000,220,0.0,,,1.0,46.0,5.08,0.0,0.0,0.0,5.08,Credit Card,Demo Taxi Co,42.004355695147396,-87.66763346367314,41.7377591912153,-87.53146317092052
demo_trip_000787,demo_taxi_0082,2024-03-05T15:39:27.000,2024-03-05T16:02:39.000,1392,12.05,,,11.0,59.0,53.75,0.0,0.0,0.0,53.75,Credit Card,Demo City Service,41.985912435860506,-87.76388938160802,41.82355646881598,-87.67748906266382
demo_trip_000788,demo_taxi_0065,2024-03-04T21:02:07.000,2024-03-04T21:33:37.000,1890,12.56,,,54.0,6.0,50.23,0.0,0.0,0.0,50.23,Credit Card,Demo City Service,41.657415197132416,-87.58829880304408,41.94700629318433,-87.65572999015414
demo_trip_000789,demo_taxi_0001,2024-03-21T11:21:26.000,2024-03-21T11:31:59.000,633,6.05,,,19.0,6.0,15.15,1.81,0.0,0.0,16.96,Credit Card,Demo Globe Taxi,41.92893082317967,-87.75936014373218,41.94047004770442,-87.65627963660805
demo_trip_000790,demo_taxi_0011,2024-03-23T19:32:37.000,2024-03-23T19:53:47.000,1270,9.75,,,36.0,23.0,42.95,0.0,0.0,2.57,45.52,Unknown,Demo Flash Cab,41.82507685791367,-87.60082690619197,41.90459051212217,-87.7230129888613
demo_trip_000791,demo_taxi_0054,2024-03-07T06:26:24.000,2024-03-07T06:44:38.000,1094,10.54,,,34.0,6.0,39.07,0.0,0.0,0.0,39.07,Cash,Demo Flash Cab,41.838666024617275,-87.63424965177047,41.941162460794374,-87.66678419198786
demo_trip_000792,demo_taxi_0086,2024-03-19T18:36:18.000,2024-03-19T19:11:31.000,2113,13.42,,,29.0,29.0,50.89,0.0,0.0,0.0,50.89,Credit Card,Demo Sun Taxi,41.855657696666505,-87.73716398787053,41.854468050148206,-87.73735027389175
demo_trip_000793,demo_taxi_0099,2024-03-15T23:10:18.000,2024-03-15T23:19:20.000,542,3.96,,,34.0,54.0,18.71,4.68,0.0,0.0,23.39,Cash,Demo Sun Taxi,41.85111498865126,-87.63042689738946,41.648154896222124,-87.5842580969292
demo_trip_000794,demo_taxi_0051,2024-03-05T19:26:17.000,2024-03-05T19:33:10.000,413,3.2,,,29.0,19.0,8.87,0.0,0.0,0.0,8.87,Cash,Demo Taxi Co,41.86043557731757,-87.71366218934072,41.92268177731481,-87.76804388635266
demo_trip_000795,demo_taxi_0035,2024-03-23T16:45:19.000,2024-03-23T16:56:06.000,647,5.1,,,,,20.39,4.92,0.0,0.0,25.31,Cash,Demo Taxi Co,42.00299950465371,-87.6783349257711,41.77124343274619,-87.67448291915504
demo_trip_000796,demo_taxi_0116,2024-03-22T16:20:22.000,2024-03-22T16:29:08.000,526,1.27,,,5.0,19.0,4.07,0.79,0.0,0.0,4.86,Credit Card,Demo Sun Taxi,41.95191177148388,-87.67847705639164,41.926151959860746,-87.75857407506197
demo_trip_000797,demo_taxi_0055,2024-03-15T11:09:41.000,2024-03-15T11:43:59.000,2058,6.54,,,,,16.95,0.0,0.0,0.0,16.95,Cash,Demo Sun Taxi,41.688234733552854,-87.68893026036253,41.91344551398296,-87.71739282164314
demo_trip_000798,demo_taxi_0037,2024-03-18T17:50:05.000,2024-03-18T18:02:43.000,758,2.98,,,69.0,1.0,10.71,0.0,0.0,2.72,13.43,Credit Card,Demo City Service,41.75342093703608,-87.61736238607892,42.012573045497945,-87.67211125453971
demo_trip_000799,demo_taxi_0053,2024-03-12T18:46:02.000,2024-03-12T19:02:26.000,984,4.19,,,10.0,34.0,13.45,0.0,0.0,0.0,13.45,Credit Card,Demo City Service,41.97478404433197,-87.82654081490138,41.843018702992225,-87.63576855853529
demo_trip_000800,demo_taxi_0001,2024-03-20T23:40:31.000,2024-03-20T23:53:01.000,750,6.76,,,6.0,35.0,16.93,2.43,0.0,0.0,19.36,Unknown,Demo Taxi Co,41.94007757619142,-87.6555185757639,41.8359824834718,-87.60769706787072
demo_trip_000801,demo_taxi_0036,2024-03-13T14:47:40.000,2024-03-13T15:20:48.000,1988,15.19,,,1.0,69.0,56.69,13.04,0.0,0.0,69.73,Credit Card,Demo City Service,42.010140130711804,-87.6660958544212,41.76043718645093,-87.6164538824718
demo_trip_000802,demo_taxi_0061,2024-03-24T05:46:15.000,2024-03-24T06:13:49.000,1654,5.45,,,67.0,54.0,17.86,0.0,0.0,0.0,17.86,Credit Card,Demo City Service,41.78630794061071,-87.67680301511102,41.660756213692885,-87.60756395904043
demo_trip_000803,demo_taxi_0110,2024-03-05T16:44:12.000,2024-03-05T17:04:44.000,1232,6.68,,,46.0,48.0,23.95,0.0,0.0,0.0,23.95,Credit Card,Demo City Service,41.74257690025053,-87.55959571278603,41.72955359342487,-87.55742350265291
demo_trip_000804,demo_taxi_0088,2024-03-07T07:30:37.000,2024-03-07T08:03:10.000,1953,7.9,,,11.0,1.0,19.98,0.0,0.0,0.0,19.98,Cash,Demo Taxi Co,41.98233638301996,-87.77800610098957,42.017016130420146,-87.68002313232472
demo_trip_000805,demo_taxi_0093,2024-03-24T08:01:23.000,2024-03-24T08:07:00.000,337,2.85,,,5.0,67.0,9.99,1.75,0.0,0.0,11.74,Credit Card,Demo Sun Taxi,41.95897250682612,-87.69143618863588,41.79231927559311,-87.66259579216397
demo_trip_000806,demo_taxi_0065,2024-03-10T10:35:44.000,2024-03-10T11:03:50.000,1686,15.35,,,36.0,59.0,56.43,0.0,0.0,0.0,56.43,Credit Card,Demo Sun Taxi,41.822358781336476,-87.60640089280678,41.83349797166974,-87.6708600537287
demo_trip_000807,demo_taxi_0013,2024-03-10T18:16:08.000,2024-03-10T18:32:30.000,982,3.39,,,69.0,69.0,12.42,2.01,0.0,0.0,14.43,Credit Card,Demo Taxi Co,41.75187217965394,-87.61385875136168,41.772833635485455,-87.61698735713273
demo_trip_000808,demo_taxi_0046,2024-03-20T08:46:07.000,2024-03-20T09:03:08.000,1021,5.46,,,1.0,46.0,23.44,2.57,0.0,0.0,26.01,Credit Card,Demo Flash Cab,42.000061097651376,-87.65913539814524,41.73839125420041,-87.54841165153293
demo_trip_000809,demo_taxi_0119,2024-03-07T07:28:33.000,2024-03-07T07:37:24.000,531,4.97,,,1.0,69.0,24.74,0.0,0.0,0.0,24.74,Cash,Demo Sun Taxi,42.020412509915005,-87.67033319251387,41.754825516774225,-87.60589269231996
demo_trip_000810,demo_taxi_0005,2024-03-14T04:54:23.000,2024-03-14T05:00:58.000,395,2.82,,,11.0,10.0,7.25,1.55,0.0,0.72,9.52,Credit Card,Demo Flash Cab,41.973488045527006,-87.76005801438545,41.97259490400622,-87.81744871942826
demo_trip_000811,demo_taxi_0105,2024-03-10T20:35:43.000,2024-03-10T21:04:22.000,1719,15.01,,,59.0,5.0,52.39,0.0,0.0,0.0,52.39,Cash,Demo Taxi Co,41.83552482897905,-87.67579077560873,41.9388881098387,-87.67909162683802
demo_trip_000812,demo_taxi_0082,2024-03-08T17:33:30.000,2024-03-08T18:07:57.000,2067,10.14,,,19.0,5.0,47.07,0.0,0.0,0.0,47.07,Credit Card,Demo Taxi Co,41.91825871215071,-87.76471303682504,41.95872567937753,-87.67730209106183
demo_trip_000813,demo_taxi_0034,2024-03-24T03:55:21.000,2024-03-24T04:32:04.000,2203,8.36,,,23.0,23.0,33.98,0.0,0.0,0.0,33.98,Dispute,Demo Globe Taxi,41.90415963933288,-87.72167102717617,41.9063240062863,-87.73300924011969
demo_trip_000814,demo_taxi_0093,2024-03-08T02:28:09.000,2024-03-08T02:40:09.000,720,5.33,,,11.0,59.0,26.43,3.52,0.0,0.0,29.95,Cash,Demo Flash Cab,41.973547172680505,-87.77443084051251,41.829059048347915,-87.6722702157383
demo_trip_000815,demo_taxi_0100,2024-03-05T15:22:09.000,2024-03-05T15:53:23.000,1874,6.1,,,46.0,75.0,26.13,0.0,0.0,0.0,26.13,Credit Card,Demo Sun Taxi,41.7310744907989,-87.55702020101768,41.6973599352939,-87.6800795610283
demo_trip_000816,demo_taxi_0005,2024-03-18T09:22:45.000,2024-03-18T09:29:51.000,426,3.63,,,29.0,35.0,15.65,0.0,0.0,0.0,15.65,Credit Card,Demo Globe Taxi,41.860144515702515,-87.72771462165235,41.84192827081986,-87.62379939078224
demo_trip_000817,demo_taxi_0012,2024-03-22T16:52:13.000,2024-03-22T17:24:01.000,1908,15.04,,,19.0,75.0,40.46,0.0,0.0,2.3,42.76,Cash,Demo Sun Taxi,41.934765764949844,-87.75283639190225,41.691198069329445,-87.68547633923366
demo_trip_000818,demo_taxi_0079,2024-03-06T12:45:30.000,2024-03-06T13:09:26.000,1436,6.47,,,11.0,69.0,20.63,0.0,0.0,0.0,20.63,Cash,Demo City Service,41.96958692287901,-87.7739432422403,41.754104995834304,-87.61833844867199
demo_trip_000819,demo_taxi_0119,2024-03-18T21:09:49.000,2024-03-18T21:44:42.000,2093,12.48,,,46.0,46.0,49.41,0.0,0.0,0.0,49.41,Credit Card,Demo City Service,41.736850448731246,-87.5560394109446,41.746396813312735,-87.53874157336264
demo_trip_000820,demo_taxi_0002,2024-03-15T09:29:53.000,2024-03-15T09:35:23.000,330,2.71,,,51.0,10.0,10.31,0.0,0.0,0.0,10.31,Credit Card,Demo Globe Taxi,41.70095709041706,-87.55438658118591,41.99926196605377,-87.78997432933457
demo_trip_000821,demo_taxi_0079,2024-03-21T17:22:16.000,2024-03-21T17:54:00.000,1904,17.58,,,5.0,34.0,77.47,14.73,0.0,0.0,92.2,Cash,Demo City Service,41.950836704836576,-87.69071688945661,41.83515766911096,-87.63064558924592
demo_trip_000822,demo_taxi_0016,2024-03-06T05:38:06.000,2024-03-06T05:58:22.000,1216,5.91,,,54.0,48.0,29.46,4.79,0.0,0.0,34.25,Credit Card,Demo Flash Cab,41.64747337230682,-87.61492119181297,41.73568704903869,-87.58270460000998
demo_trip_000823,demo_taxi_0078,2024-03-24T22:03:46.000,2024-03-24T22:27:48.000,1442,11.75,,,34.0,59.0,35.45,0.0,0.0,0.0,35.45,Credit Card,Demo Flash Cab,41.85329690253849,-87.63042399800138,41.823911607506794,-87.68287568303838
demo_trip_000824,demo_taxi_0074,2024-03-17T23:42:41.000,2024-03-18T00:05:37.000,1376,5.06,,,69.0,59.0,18.07,0.0,0.0,0.0,18.07,Credit Card,Demo Sun Taxi,41.773328652355225,-87.62344887350713,41.83520360353561,-87.67760332029455
demo_trip_000825,demo_taxi_0010,2024-03-21T18:44:19.000,2024-03-21T19:13:44.000,1765,15.88,,,51.0,36.0,74.11,14.69,0.0,0.0,88.8,Cash,Demo Flash Cab,41.70907986972034,-87.56246901321428,41.820828032083035,-87.60526410477199
demo_trip_000826,demo_taxi_0081,2024-03-11T13:13:35.000,2024-03-11T13:38:44.000,1509,11.12,,,29.0,1.0,51.1,0.0,0.0,0.0,51.1,Credit Card,Demo Flash Cab,41.86124343576693,-87.73108458064117,42.017577732576896,-87.67327010671505
demo_trip_000827,demo_taxi_0107,2024-03-23T08:09:11.000,2024-03-23T08:27:34.000,1103,158.37265835582326,,,35.0,75.0,1.0399356586438793,3.94,0.0,0.0,20.79,Credit Card,Demo City Service,41.840348407131565,-87.60883530788372,41.698404809085126,-87.68439499595077
demo_trip_000828,demo_taxi_0103,2024-03-17T19:37:42.000,2024-03-17T19:56:48.000,1146,219.97809053059945,,,69.0,19.0,3.8408382828672223,0.0,0.0,0.0,36.09,Credit Card,Demo Flash Cab,41.75345974804139,-87.61199920904508,41.933470884116524,-87.76543195738071
demo_trip_000829,demo_taxi_0003,2024-03-06T18:15:43.000,2024-03-06T18:15:43.000,0,2.58,,,69.0,13.0,12.86,0.0,0.0,2.03,14.89,Cash,Demo Sun Taxi,41.7639480777027,-87.63211852697611,41.7639480777027,-87.63211852697611
demo_trip_000830,demo_taxi_0029,2024-03-23T08:56:17.000,2024-03-23T09:26:04.000,1787,13.92,,,,,47.26,0.0,0.0,0.0,47.26,Cash,Demo City Service,41.83808702742623,-87.6282879650579,41.659766034971184,-87.58922378148027
demo_trip_000831,demo_taxi_0028,2024-03-20T13:46:28.000,2024-03-20T14:15:34.000,1746,8.4,,,1.0,10.0,23.44,0.0,0.0,2.0,25.44,Cash,Demo Sun Taxi,42.021835546349095,-87.66675921883146,41.996847506178526,-87.78893778222783
demo_trip_000832,demo_taxi_0054,2024-03-10T13:57:20.000,2024-03-10T14:21:18.000,1438,0.0,,,36.0,51.0,31.63,3.56,0.0,0.0,35.19,Cash,Demo Sun Taxi,41.824224940374705,-87.61038352808369,41.673282379269054,-87.56810395724521
demo_trip_000833,demo_taxi_0017,2024-03-15T19:32:01.000,2024-03-15T19:32:01.000,0,15.01,,,51.0,46.0,53.87,0.0,0.0,0.0,53.87,Cash,Demo City Service,41.66339365272972,-87.56037031885252,41.66339365272972,-87.56037031885252
demo_trip_000834,demo_taxi_0102,2024-03-12T17:56:07.000,2024-03-12T18:09:04.000,777,3.75,,,67.0,11.0,16.92,0.0,0.0,0.0,16.92,Cash,Demo Flash Cab,41.783835413113785,-87.67080023780044,41.96896381062899,-87.77171991734706
demo_trip_000835,demo_taxi_0093,2024-03-15T17:00:57.000,2024-03-15T17:12:13.000,676,2.56,,,46.0,6.0,9.3,1.71,0.0,0.0,11.01,Dispute,Demo Sun Taxi,41.74790403448154,-87.54343760840044,41.951857946484154,-87.65006074610662
demo_trip_000836,demo_taxi_0097,2024-03-24T17:17:27.000,2024-03-24T17:54:40.000,2233,19.83,,,11.0,59.0,79.88,14.39,0.0,1.09,95.36,Mobile,Demo Globe Taxi,41.979346238622774,-87.76723876635735,41.8270731380886,-87.68401915234048
demo_trip_000837,demo_taxi_0023,2024-03-22T09:00:08.000,2024-03-22T09:00:08.000,0,15.8,,,6.0,29.0,53.64,0.0,0.0,0.0,53.64,Credit Card,Demo Flash Cab,41.94794971606547,-87.64974448544194,41.94794971606547,-87.64974448544194
demo_trip_000838,demo_taxi_0001,2024-03-08T11:40:02.000,2024-03-08T12:14:35.000,2073,11.76,,,19.0,46.0,50.42,6.28,0.0,0.0,56.7,Cash,Demo City Service,41.91925521770282,-87.74505618494796,41.74640533829221,-87.57764645525543
demo_trip_000839,demo_taxi_0109,2024-03-24T04:30:21.000,2024-03-24T04:35:17.000,296,2.61,,,13.0,36.0,7.52,0.0,0.0,0.0,7.52,Credit Card,Demo Globe Taxi,41.995315521323015,-87.71424407969293,41.828367323462956,-87.60349662575305
demo_trip_000840,demo_taxi_0034,2024-03-13T18:17:58.000,2024-03-13T18:41:16.000,1398,4.53,,,11.0,1.0,17.22,0.0,0.0,0.0,17.22,Credit Card,Demo Sun Taxi,41.96977368956299,-87.77407125233456,42.00330606454256,-87.67614868707875
demo_trip_000841,demo_taxi_0078,2024-03-18T12:18:23.000,2024-03-18T12:48:36.000,1813,15.05,,,67.0,11.0,44.59,6.98,0.0,0.0,51.57,Credit Card,Demo Globe Taxi,41.788431997135284,-87.65895890730049,41.97103332638745,-87.76859560948034
demo_trip_000842,demo_taxi_0109,2024-03-20T13:38:59.000,2024-03-20T13:43:21.000,262,1.55,,,19.0,69.0,5.69,0.0,0.0,0.0,5.69,Cash,Demo Flash Cab,41.926858897069195,-87.77414672744595,41.756108244587296,-87.6265754303649
demo_trip_000843,demo_taxi_0004,2024-03-14T08:10:29.000,2024-03-14T08:49:19.000,2330,5.92,,,69.0,1.0,21.17,0.0,0.0,0.0,21.17,No Charge,Demo City Service,41.7569470757448,-87.60120623121267,42.01715746534983,-87.67502056903648
demo_trip_000844,demo_taxi_0000,2024-03-13T08:30:45.000,2024-03-13T09:02:52.000,1927,18.34,,,13.0,11.0,73.57,0.0,0.0,0.0,73.57,Cash,Demo Globe Taxi,41.982834829317376,-87.72044526614906,41.98364124272239,-87.76732292048274
demo_trip_000845,demo_taxi_0000,2024-03-13T16:36:47.000,2024-03-13T16:51:13.000,866,0.0,,,13.0,48.0,26.34,0.0,0.0,0.0,26.34,Cash,Demo Flash Cab,41.98497550777976,-87.72310045765607,41.73228724070429,-87.57129461463774
demo_trip_000846,demo_taxi_0018,2024-03-22T08:14:01.000,2024-03-22T08:35:45.000,1304,5.0,,,51.0,13.0,24.7,4.54,0.0,0.0,29.24,Credit Card,Demo City Service,41.68509632367925,-87.57664367381483,41.97598005959074,-87.7105909899887
demo_trip_000847,demo_taxi_0006,2024-03-12T05:13:00.000,2024-03-12T05:49:45.000,2205,20.18,,,34.0,29.0,95.87,0.0,0.0,0.0,95.87,No Charge,Demo Globe Taxi,41.84676068783171,-87.63166741590588,41.85857588063642,-87.71490199300702
demo_trip_000848,demo_taxi_0098,2024-03-09T18:21:55.000,2024-03-09T18:56:30.000,2075,19.17,,,48.0,1.0,62.02,11.83,0.0,0.0,73.85,Credit Card,Demo Flash Cab,41.72874065135185,-87.55691787524546,42.00185850758923,-87.66738955389972
demo_trip_000849,demo_taxi_0072,2024-03-11T11:35:55.000,2024-03-11T12:09:29.000,2014,16.57,,,36.0,59.0,46.44,0.0,0.0,0.0,46.44,No Charge,Demo Sun Taxi,41.82364387687722,-87.60219973544534,41.82560506800837,-87.67828760355036
demo_trip_000850,demo_taxi_0117,2024-03-08T11:15:07.000,2024-03-08T11:54:31.000,2364,7.51,,,35.0,29.0,19.99,0.0,0.0,0.0,19.99,Credit Card,Demo City Service,41.838757898016915,-87.61821203408017,41.8679706076474,-87.71867408198459
demo_trip_000851,demo_taxi_0096,2024-03-12T12:22:38.000,2024-03-12T12:53:09.000,1831,6.63,,,5.0,1.0,19.86,3.33,0.0,0.0,23.19,Credit Card,Demo Globe Taxi,41.96070670281611,-87.68255151305456,42.00067631316671,-87.67261965896809
demo_trip_000852,demo_taxi_0115,2024-03-06T19:32:55.000,2024-03-06T20:10:31.000,2256,17.77,,,48.0,13.0,54.29,0.0,0.0,0.0,54.29,Cash,Demo Sun Taxi,41.730967493802375,-87.58844798997599,41.98416199842421,-87.73469632272784
demo_trip_000853,demo_taxi_0028,2024-03-05T10:11:57.000,2024-03-05T10:50:14.000,2297,20.85,,,11.0,23.0,98.45,0.0,0.0,0.0,98.45,Credit Card,Demo Flash Cab,41.980368594379115,-87.76620670438943,41.90030483614912,-87.73048152574174
demo_trip_000854,demo_taxi_0034,2024-03-19T18:34:17.000,2024-03-19T18:38:00.000,223,0.86,,,46.0,69.0,4.14,0.0,0.0,0.0,4.14,Credit Card,Demo Flash Cab,41.73753680755357,-87.53656408311447,41.77092955686138,-87.62893290936664
demo_trip_000855,demo_taxi_0101,2024-03-05T21:08:49.000,2024-03-05T21:36:01.000,1632,9.27,,,54.0,1.0,28.52,0.0,0.0,0.93,29.45,Cash,Demo Sun Taxi,41.66425395521394,-87.61076320475924,42.00011951702232,-87.65929408744145
demo_trip_000856,demo_taxi_0029,2024-03-15T17:08:38.000,2024-03-15T17:23:59.000,921,3.12,,,11.0,67.0,13.72,3.21,0.0,0.0,16.93,Cash,Demo Sun Taxi,41.97113250095865,-87.77273370081991,41.77706063680599,-87.67422705302982
demo_trip_000857,demo_taxi_0006,2024-03-20T12:14:55.000,2024-03-20T12:36:13.000,1278,7.42,,,29.0,75.0,34.05,5.27,0.0,0.0,39.32,Credit Card,Demo City Service,41.86508446684079,-87.69061051699053,41.6880118085912,-87.69236292427298
demo_trip_000858,demo_taxi_0080,2024-03-19T18:17:08.000,2024-03-19T18:26:20.000,552,3.89,,,35.0,23.0,13.4,2.16,0.0,1.17,16.73,Cash,Demo Globe Taxi,41.8279680933275,-87.6243922806938,41.90124591047405,-87.73349767608522
demo_trip_000859,demo_taxi_0096,2024-03-13T13:01:36.000,2024-03-13T13:29:36.000,1680,3.97,,,11.0,35.0,18.58,0.0,0.0,0.0,18.58,Cash,Demo Flash Cab,41.97182666431886,-87.75688427482596,41.83958178616808,-87.61257569520819
demo_trip_000860,demo_taxi_0116,2024-03-08T12:57:01.000,2024-03-08T13:30:54.000,2033,14.32,,,35.0,35.0,71.19,0.0,0.0,0.0,71.19,Credit Card,Demo City Service,41.832019961589225,-87.61404112515613,41.825516077686345,-87.62855470980415
demo_trip_000861,demo_taxi_0111,2024-03-23T15:18:21.000,2024-03-23T15:36:35.000,1094,7.68,,,51.0,10.0,37.78,0.0,0.0,0.0,37.78,Credit Card,Demo Taxi Co,41.703006661835,-87.58389227620435,41.998301561994374,-87.79078290978941
demo_trip_000862,demo_taxi_0014,2024-03-21T10:48:00.000,2024-03-21T11:16:50.000,1730,9.75,,,75.0,75.0,42.46,0.0,0.0,0.0,42.46,Cash,Demo Taxi Co,41.69437666862864,-87.64432580411157,41.68792941945235,-87.6530599105431
demo_trip_000863,demo_taxi_0092,2024-03-16T06:54:26.000,2024-03-16T07:09:27.000,901,8.05,,,51.0,19.0,27.6,0.0,0.0,0.0,27.6,Mobile,Demo Taxi Co,41.687687983073126,-87.57288735166867,41.93159108321017,-87.74702907925483
demo_trip_000864,demo_taxi_0101,2024-03-05T12:48:48.000,2024-03-05T13:19:31.000,1843,5.96,,,67.0,59.0,18.28,3.24,0.0,0.0,21.52,Credit Card,Demo Globe Taxi,41.77875681362495,-87.6563076687502,41.82656927095548,-87.6782862406053
demo_trip_000865,demo_taxi_0083,2024-03-04T07:49:39.000,2024-03-04T07:55:41.000,362,0.94,,,11.0,59.0,4.68,1.0,0.0,0.0,5.68,Cash,Demo Sun Taxi,41.987956154261816,-87.7704412596548,41.82896427077596,-87.67138873500433
demo_trip_000866,demo_taxi_0098,2024-03-10T12:06:19.000,2024-03-10T12:41:52.000,2133,12.67,,,75.0,19.0,40.42,0.0,0.0,0.0,40.42,Cash,Demo Flash Cab,41.67747225002274,-87.68316626406052,41.918344510587104,-87.77448235273764
demo_trip_000867,demo_taxi_0100,2024-03-07T15:22:25.000,2024-03-07T15:39:24.000,1019,6.34,,,35.0,11.0,22.8,2.48,0.0,0.0,25.28,Cash,Demo City Service,41.837068433938384,-87.60665412828659,41.97468183236948,-87.77629095299788
demo_trip_000868,demo_taxi_0053,2024-03-22T21:44:22.000,2024-03-22T22:06:02.000,1300,5.49,,,69.0,6.0,17.35,0.0,0.0,0.0,17.35,Cash,Demo Globe Taxi,41.7603928004659,-87.63201868688672,41.93563846081097,-87.66839586538408
demo_trip_000869,demo_taxi_0004,2024-03-08T03:34:43.000,2024-03-08T04:07:26.000,1963,18.52,,,75.0,5.0,69.27,7.38,0.0,0.0,76.65,Cash,Demo City Service,41.69098559213506,-87.64269326847177,41.93541669876556,-87.68215784051486
demo_trip_000870,demo_taxi_0054,2024-03-09T16:00:15.000,2024-03-09T16:04:21.000,246,1.01,,,19.0,51.0,2.8,0.0,0.0,2.03,4.83,Credit Card,Demo Sun Taxi,41.93621108312471,-87.74286830259028,41.68136132333869,-87.57997342207398
demo_trip_000871,demo_taxi_0024,2024-03-24T13:34:05.000,2024-03-24T14:12:03.000,2278,9.68,,,54.0,51.0,43.78,0.0,0.0,0.0,43.78,Mobile,Demo Flash Cab,41.65746370252901,-87.59734277203894,41.71243154159864,-87.58049895419623
demo_trip_000872,demo_taxi_0013,2024-03-21T01:48:30.000,2024-03-21T02:14:14.000,1544,12.82,,,11.0,23.0,48.24,0.0,0.0,0.0,48.24,Cash,Demo City Service,41.9771734276124,-87.7654797611204,41.910788243316574,-87.70998024337918
demo_trip_000873,demo_taxi_0014,2024-03-08T08:49:49.000,2024-03-08T09:28:53.000,2344,21.43,,,69.0,36.0,76.05,0.0,0.0,0.0,76.05,Cash,Demo Sun Taxi,41.77723930763443,-87.61609837657852,41.823545635866616,-87.59836511467604
demo_trip_000874,demo_taxi_0083,2024-03-12T07:23:28.000,2024-03-12T07:46:51.000,1403,8.76,,,6.0,29.0,29.85,0.0,0.0,0.0,29.85,Cash,Demo Globe Taxi,41.939121127880675,-87.66242018826968,41.86243809003616,-87.70415732893326
demo_trip_000875,demo_taxi_0060,2024-03-14T08:14:12.000,2024-03-14T08:24:50.000,638,1.51,,,67.0,54.0,5.96,0.67,0.0,0.0,6.63,Credit Card,Demo Taxi Co,41.77387168628671,-87.66101388854197,41.66713979291054,-87.6093216070853
demo_trip_000876,demo_taxi_0064,2024-03-17T09:18:02.000,2024-03-17T09:42:34.000,1472,7.2,,,6.0,36.0,32.04,0.0,0.0,1.94,33.98,Cash,Demo Sun Taxi,41.93655150726085,-87.63841255576017,41.8226387314657,-87.60117718706506
demo_trip_000877,demo_taxi_0089,2024-03-23T12:17:56.000,2024-03-23T12:42:04.000,1448,5.65,,,6.0,46.0,26.87,3.67,0.0,0.0,30.54,Cash,Demo Flash Cab,41.9401958953999,-87.65935606491702,41.73453258467865,-87.55928289765394
demo_trip_000878,demo_taxi_0065,2024-03-22T15:20:45.000,2024-03-22T15:57:48.000,2223,13.46,,,46.0,51.0,61.97,9.66,0.0,0.0,71.63,Credit Card,Demo City Service,41.747379696961104,-87.54295064509112,41.70252073448247,-87.57232398161808
demo_trip_000879,demo_taxi_0075,2024-03-24T00:18:09.000,2024-03-24T00:42:27.000,1458,10.7,,,75.0,35.0,38.67,0.0,0.0,0.0,38.67,Credit Card,Demo Globe Taxi,41.687282327741826,-87.67139991361569,41.83155365926888,-87.61249400748481
demo_trip_000880,demo_taxi_0010,2024-03-04T07:27:04.000,2024-03-04T07:45:05.000,1081,5.58,,,59.0,54.0,25.58,5.04,0.0,0.0,30.62,Cash,Demo Sun Taxi,41.83426165417715,-87.68331364966359,41.65663513048154,-87.59074725943834
demo_trip_000881,demo_taxi_0102,2024-03-08T06:02:07.000,2024-03-08T06:11:37.000,570,3.56,,,29.0,6.0,13.6,1.69,0.0,1.61,16.9,Cash,Demo Globe Taxi,41.86141018439991,-87.72837574977936,41.94671812736084,-87.63854951219088
demo_trip_000882,demo_taxi_0053,2024-03-15T15:16:22.000,2024-03-15T15:31:25.000,903,7.15,,,13.0,59.0,29.28,0.0,0.0,0.0,29.28,Cash,Demo Taxi Co,41.99098867815078,-87.72679412372169,41.83562054513525,-87.68470148769192
demo_trip_000883,demo_taxi_0018,2024-03-05T10:18:48.000,2024-03-05T10:43:19.000,1471,5.98,,,35.0,10.0,25.03,0.0,0.0,0.0,25.03,Credit Card,Demo Flash Cab,41.833121327049014,-87.62731847887353,41.97548674546088,-87.8126638227503
demo_trip_000884,demo_taxi_0097,2024-03-11T15:09:09.000,2024-03-11T15:25:48.000,999,3.69,,,19.0,6.0,12.91,0.0,0.0,1.66,14.57,Cash,Demo City Service,41.93466821499627,-87.76611042248405,41.945141483953336,-87.6466841512867
demo_trip_000885,demo_taxi_0088,2024-03-07T08:52:49.000,2024-03-07T09:09:14.000,985,293.9271830796811,,,10.0,59.0,4.488053362847758,4.39,0.0,0.0,34.63,Credit Card,Demo Globe Taxi,41.99769253953295,-87.7887443250048,41.83118696082076,-87.67978392868602
demo_trip_000886,demo_taxi_0006,2024-03-23T02:40:00.000,2024-03-23T02:43:32.000,212,0.53,,,10.0,59.0,2.24,0.0,0.0,0.0,2.24,Cash,Demo Taxi Co,41.9866724550403,-87.79558631624774,41.82480963198879,-87.66653920342759
demo_trip_000887,demo_taxi_0023,2024-03-05T21:54:44.000,2024-03-05T22:32:36.000,2272,7.62,,,10.0,1.0,24.92,0.0,0.0,0.0,24.92,Cash,Demo Taxi Co,41.998560281978875,-87.78794091118628,42.014217927459335,-87.66239892531605
demo_trip_000888,demo_taxi_0001,2024-03-07T06:33:16.000,2024-03-07T07:07:13.000,2037,4.72,,,6.0,59.0,20.61,0.0,0.0,0.0,20.61,Cash,Demo Flash Cab,41.938918539249215,-87.67095897410076,41.83146669991745,-87.67197764331378
demo_trip_000889,demo_taxi_0032,2024-03-08T07:06:57.000,2024-03-08T07:19:23.000,746,4.77,,,46.0,5.0,16.15,2.51,0.0,0.0,18.66,Dispute,Demo Flash Cab,41.74238341923929,-87.55690681772317,41.95891503356341,-87.67441521868896
demo_trip_000890,demo_taxi_0011,2024-03-07T07:54:28.000,2024-03-07T08:02:33.000,485,3.26,,,5.0,59.0,12.92,0.0,0.0,1.31,14.23,Credit Card,Demo Flash Cab,41.957046372142116,-87.67621260472811,41.82889599145588,-87.68394195319608
demo_trip_000891,demo_taxi_0085,2024-03-15T23:27:16.000,2024-03-16T00:01:09.000,2033,12.61,,,1.0,13.0,57.93,0.0,0.0,0.0,57.93,Credit Card,Demo Flash Cab,42.008183991331556,-87.66165047348642,41.99532337450143,-87.72540720167105
demo_trip_000892,demo_taxi_0062,2024-03-11T16:41:14.000,2024-03-11T17:15:11.000,2037,10.86,,,46.0,34.0,27.78,3.51,0.0,0.0,31.29,Cash,Demo Sun Taxi,41.74473552118885,-87.5461517298722,41.83681780188852,-87.63168856629713
demo_trip_000893,demo_taxi_0117,2024-03-23T16:22:49.000,2024-03-23T16:59:00.000,2171,13.44,,,13.0,19.0,41.68,5.62,0.0,0.0,47.3,Cash,Demo Sun Taxi,41.98294584584566,-87.71153833369115,41.923348968364095,-87.74696049323168
demo_trip_000894,demo_taxi_0089,2024-03-09T23:29:24.000,2024-03-09T23:52:39.000,1395,5.13,,,69.0,54.0,20.02,0.0,0.0,0.0,20.02,Cash,Demo Taxi Co,41.7564246839507,-87.61611834383477,41.66997349989315,-87.6089427509073
demo_trip_000895,demo_taxi_0073,2024-03-15T06:29:21.000,2024-03-15T06:59:34.000,1813,15.26,,,29.0,54.0,42.2,9.92,0.0,0.0,52.12,Dispute,Demo City Service,41.86505112062658,-87.71357547277259,41.670494489402294,-87.60539011970641
demo_trip_000896,demo_taxi_0061,2024-03-17T22:17:44.000,2024-03-17T22:47:43.000,1799,17.23,,,5.0,75.0,51.93,10.62,0.0,0.0,62.55,Cash,Demo Sun Taxi,41.94874958896397,-87.69645047094713,41.69480609735513,-87.67389022166769
demo_trip_000897,demo_taxi_0006,2024-03-17T08:33:32.000,2024-03-17T08:44:28.000,656,4.12,,,13.0,29.0,18.02,0.0,0.0,1.69,19.71,Credit Card,Demo Globe Taxi,41.97897485676836,-87.74058989215366,41.86398182692476,-87.71345138812522
demo_trip_000898,demo_taxi_0008,2024-03-20T16:44:39.000,2024-03-20T17:07:02.000,1343,6.76,,,,,17.34,3.19,0.0,2.1,22.63,Credit Card,Demo Sun Taxi,41.651638656774345,-87.61886054946821,41.78671596011204,-87.67559142427959
demo_trip_000899,demo_taxi_0073,2024-03-08T12:01:26.000,2024-03-08T12:14:04.000,758,6.19,,,34.0,29.0,24.92,3.44,0.0,0.0,28.36,Mobile,Demo Globe Taxi,41.84451790414219,-87.6331466193165,41.85642422696113,-87.69481688436305
demo_trip_000900,demo_taxi_0000,2024-03-14T11:07:03.000,2024-03-14T11:37:56.000,1853,6.8,,,11.0,69.0,17.58,0.0,0.0,0.0,17.58,Credit Card,Demo Sun Taxi,41.98141483306254,-87.7788835290912,41.75705607866279,-87.63145739010835
demo_trip_000901,demo_taxi_0005,2024-03-20T21:50:00.000,2024-03-20T22:28:55.000,2335,10.81,,,48.0,46.0,30.16,0.0,0.0,1.39,31.55,Cash,Demo City Service,41.72829338909938,-87.57740274842794,41.73660302408026,-87.56296788484354
demo_trip_000902,demo_taxi_0026,2024-03-22T07:34:02.000,2024-03-22T07:39:51.000,349,3.24,,,36.0,19.0,11.26,0.0,0.0,0.69,11.95,Mobile,Demo Sun Taxi,41.822320491484525,-87.59785618032286,41.92553289120321,-87.77410767527816
demo_trip_000903,demo_taxi_0106,2024-03-16T23:58:34.000,2024-03-17T00:04:22.000,348,1.26,,,48.0,67.0,6.19,1.31,0.0,0.0,7.5,Cash,Demo Taxi Co,41.73013443797439,-87.55695923625709,41.77740587473383,-87.6631062502757
demo_trip_000904,demo_taxi_0055,2024-03-17T11:36:30.000,2024-03-17T11:49:16.000,766,2.35,,,35.0,48.0,9.08,1.29,0.0,0.0,10.37,Credit Card,Demo Taxi Co,41.8421004870005,-87.61642155002956,41.72976623068857,-87.58718946423495
demo_trip_000905,demo_taxi_0085,2024-03-22T17:39:44.000,2024-03-22T17:47:03.000,439,2.77,,,29.0,51.0,9.09,0.0,0.0,0.0,9.09,Cash,Demo Flash Cab,41.85232474444534,-87.72370507428536,41.69448585374869,-87.57441419540083
demo_trip_000906,demo_taxi_0049,2024-03-17T22:53:53.000,2024-03-17T22:57:13.000,200,1.33,,,51.0,11.0,4.69,0.0,0.0,0.0,4.69,Credit Card,Demo Globe Taxi,41.67074030967776,-87.56124031330693,41.97217289435778,-87.78409861301354
demo_trip_000907,demo_taxi_0020,2024-03-23T05:39:10.000,2024-03-23T06:18:22.000,2352,15.76,,,48.0,19.0,61.81,0.0,0.0,0.0,61.81,Mobile,Demo Taxi Co,41.729396319644025,-87.5633212746169,41.920781600673976,-87.76455723499362
demo_trip_000908,demo_taxi_0044,2024-03-06T21:19:57.000,2024-03-06T21:44:30.000,1473,5.09,,,48.0,59.0,20.61,2.39,0.0,1.23,24.23,Cash,Demo Taxi Co,41.73261309327649,-87.58614409233532,41.828960418346995,-87.66773812949842
demo_trip_000909,demo_taxi_0011,2024-03-11T15:31:55.000,2024-03-11T16:03:39.000,1904,14.53,,,13.0,23.0,46.06,6.25,0.0,0.0,52.31,Cash,Demo Sun Taxi,41.9793508912263,-87.72014688055071,41.90495459675315,-87.73040911738059
demo_trip_000910,demo_taxi_0092,2024-03-06T17:14:36.000,2024-03-06T17:38:32.000,1436,5.8,,,23.0,48.0,17.36,2.33,0.0,0.0,19.69,Credit Card,Demo Globe Taxi,41.89903483382786,-87.72899419634072,41.724891736401034,-87.57578183942792
demo_trip_000911,demo_taxi_0022,2024-03-05T07:20:31.000,2024-03-05T07:51:07.000,1836,17.14,,,59.0,69.0,64.07,0.0,0.0,0.0,64.07,Credit Card,Demo Flash Cab,41.83578131264577,-87.66235748144828,41.764739112238374,-87.60123778443717
demo_trip_000912,demo_taxi_0045,2024-03-13T15:40:10.000,2024-03-13T16:08:33.000,1703,6.7,,,59.0,69.0,27.55,0.0,0.0,0.0,27.55,Credit Card,Demo Sun Taxi,41.82782528129443,-87.68640542789036,41.75699121638425,-87.59615833320676
demo_trip_000913,demo_taxi_0117,2024-03-08T17:08:10.000,2024-03-08T17:17:05.000,535,1.26,,,29.0,59.0,5.72,0.88,0.0,2.21,8.81,Cash,Demo Sun Taxi,41.86045725164154,-87.71798538739766,41.831520687811974,-87.68419478127379
demo_trip_000914,demo_taxi_0071,2024-03-12T13:40:01.000,2024-03-12T13:48:34.000,513,3.32,,,36.0,19.0,13.22,0.0,0.0,0.0,13.22,Cash,Demo Sun Taxi,41.825864327034026,-87.60310541246098,41.9262812775406,-87.75845519933952
demo_trip_000915,demo_taxi_0055,2024-03-13T07:35:38.000,2024-03-13T07:56:43.000,1265,4.74,,,59.0,10.0,20.06,0.0,0.0,0.0,20.06,Mobile,Demo Sun Taxi,41.8269797763743,-87.67932316131072,41.99661262586678,-87.78686172773745
demo_trip_000916,demo_taxi_0065,2024-03-17T08:18:25.000,2024-03-17T08:35:08.000,1003,6.96,,,10.0,6.0,25.82,0.0,0.0,0.0,25.82,Credit Card,Demo City Service,41.97302657823623,-87.79324094079115,41.95126762138031,-87.64237318432738
demo_trip_000917,demo_taxi_0094,2024-03-23T20:02:11.000,2024-03-23T20:36:17.000,2046,8.06,,,69.0,11.0,31.57,0.0,0.0,0.0,31.57,Credit Card,Demo Taxi Co,41.75640649690836,-87.63845527159971,41.984163535477215,-87.76513251173638
demo_trip_000918,demo_taxi_0030,2024-03-21T03:42:08.000,2024-03-21T03:56:27.000,859,4.67,,,36.0,54.0,19.09,2.9,0.0,0.0,21.99,Cash,Demo Globe Taxi,41.82495079409644,-87.60962352661537,41.66605510603816,-87.61201991524392
demo_trip_000919,demo_taxi_0076,2024-03-11T17:49:03.000,2024-03-11T18:04:13.000,910,3.25,,,59.0,13.0,10.05,0.0,0.0,0.0,10.05,Cash,Demo Globe Taxi,41.827891996685636,-87.68170939416468,41.989081217985124,-87.73311251759073
demo_trip_000920,demo_taxi_0104,2024-03-10T23:43:38.000,2024-03-11T00:06:12.000,1354,7.36,,,35.0,69.0,35.59,4.51,0.0,0.0,40.1,Cash,Demo City Service,41.82918262651885,-87.62719011690503,41.76693479383455,-87.61100836963509
demo_trip_000921,demo_taxi_0068,2024-03-20T00:25:41.000,2024-03-20T00:35:48.000,607,1.97,,,46.0,29.0,6.63,1.31,0.0,0.0,7.94,Credit Card,Demo City Service,41.74172488768327,-87.55199396247401,41.858938303082894,-87.72683447212
demo_trip_000922,demo_taxi_0053,2024-03-06T07:39:37.000,2024-03-06T08:14:22.000,2085,9.92,,,1.0,1.0,39.8,9.6,0.0,0.0,49.4,Credit Card,Demo Globe Taxi,42.00531062793679,-87.67589579883396,42.0193084432306,-87.67075731372951
demo_trip_000923,demo_taxi_0017,2024-03-15T17:24:06.000,2024-03-15T17:27:30.000,204,0.76,,,59.0,75.0,2.97,0.0,0.0,0.0,2.97,Cash,Demo Flash Cab,41.83238395548574,-87.67526454181059,41.69394133949628,-87.64783297061796
demo_trip_000924,demo_taxi_0029,2024-03-12T05:21:02.000,2024-03-12T05:55:23.000,2061,17.19,,,67.0,59.0,79.65,16.39,0.0,0.9,96.94,Mobile,Demo Globe Taxi,41.783308562873486,-87.67190903096163,41.823569208795575,-87.67743418391298
demo_trip_000925,demo_taxi_0113,2024-03-07T16:19:06.000,2024-03-07T16:45:08.000,1562,12.02,,,59.0,5.0,33.46,0.0,0.0,2.35,35.81,Mobile,Demo Flash Cab,41.824109712671365,-87.6842723315065,41.961291420083136,-87.67510783563151
demo_trip_000926,demo_taxi_0064,2024-03-16T17:12:45.000,2024-03-16T17:48:36.000,2151,7.47,,,59.0,75.0,35.19,0.0,0.0,0.0,35.19,Cash,Demo City Service,41.834661810053454,-87.6641262347892,41.69219777834156,-87.68908753779871
demo_trip_000927,demo_taxi_0036,2024-03-10T16:58:44.000,2024-03-10T17:12:36.000,832,2.37,,,,,6.74,0.0,0.0,0.0,6.74,Cash,Demo Taxi Co,41.72777594612108,-87.58218467448405,41.826955589253494,-87.61837536294051
demo_trip_000928,demo_taxi_0050,2024-03-07T11:39:17.000,2024-03-07T12:15:35.000,2178,5.26,,,5.0,75.0,15.05,0.0,0.0,1.64,16.69,Cash,Demo City Service,41.935285247795626,-87.67435725253138,41.697174119382986,-87.66946858622589
demo_trip_000929,demo_taxi_0069,2024-03-17T17:10:03.000,2024-03-17T17:45:00.000,2097,8.22,,,75.0,23.0,38.27,0.0,0.0,1.07,39.34,Cash,Demo Taxi Co,41.686145947108166,-87.68606992231709,41.89916596045877,-87.707760332532
demo_trip_000930,demo_taxi_0064,2024-03-07T16:51:19.000,2024-03-07T17:11:12.000,1193,6.95,,,51.0,54.0,21.84,0.0,0.0,0.0,21.84,Credit Card,Demo Globe Taxi,41.70117016701154,-87.58508222620479,41.64619098181095,-87.59864659040761
demo_trip_000931,demo_taxi_0083,2024-03-18T08:09:48.000,2024-03-18T08:23:17.000,809,4.22,,,6.0,5.0,17.0,0.0,0.0,0.0,17.0,Credit Card,Demo Globe Taxi,41.947761642132704,-87.64389887112229,41.957415559301495,-87.68248608005355
demo_trip_000932,demo_taxi_0030,2024-03-07T15:35:08.000,2024-03-07T15:45:25.000,617,5.87,,,54.0,13.0,21.48,0.0,0.0,0.0,21.48,Mobile,Demo Globe Taxi,41.662627080145576,-87.59468319526982,41.98616106594631,-87.72535330836175
demo_trip_000933,demo_taxi_0077,2024-03-13T20:09:47.000,2024-03-13T20:18:23.000,516,4.21,,,46.0,46.0,20.36,0.0,0.0,0.0,20.36,Mobile,Demo Sun Taxi,41.744957219746404,-87.56650853534136,41.730677547636226,-87.54015216952632
demo_trip_000934,demo_taxi_0053,2024-03-20T17:21:27.000,2024-03-20T17:46:01.000,1474,4.14,,,6.0,5.0,18.44,3.19,0.0,0.0,21.63,Cash,Demo Taxi Co,41.93464319079716,-87.65961961967878,41.94860987917652,-87.68170879807691
demo_trip_000935,demo_taxi_0112,2024-03-08T13:39:08.000,2024-03-08T14:17:40.000,2312,7.89,,,59.0,1.0,26.33,0.0,0.0,1.04,27.37,Credit Card,Demo Flash Cab,41.83441737877846,-87.67663900247061,42.012763346805826,-87.67168607713108
demo_trip_000936,demo_taxi_0018,2024-03-20T10:59:56.000,2024-03-20T11:23:51.000,1435,3.48,,,19.0,35.0,15.78,0.0,0.0,0.0,15.78,Cash,Demo Taxi Co,41.93200844271384,-87.78473901952029,41.8362964839172,-87.6110178556879
demo_trip_000937,demo_taxi_0017,2024-03-19T06:59:31.000,2024-03-19T07:38:12.000,2321,7.56,,,23.0,34.0,23.17,0.0,0.0,0.0,23.17,Credit Card,Demo Taxi Co,41.90884079377179,-87.72923789631042,41.83851225933188,-87.63559374531738
demo_trip_000938,demo_taxi_0055,2024-03-22T08:53:40.000,2024-03-22T09:24:37.000,1857,11.5,,,34.0,48.0,46.45,10.35,0.0,0.0,56.8,Credit Card,Demo Taxi Co,41.825482840528956,-87.63334565210673,41.72976151702269,-87.57398740254122
demo_trip_000939,demo_taxi_0061,2024-03-07T01:14:05.000,2024-03-07T01:42:25.000,1700,4.76,,,6.0,75.0,20.84,4.38,0.0,0.0,25.22,Cash,Demo Flash Cab,41.947177136004335,-87.639165294547,41.686358732071795,-87.6716109285455
demo_trip_000940,demo_taxi_0082,2024-03-19T23:05:22.000,2024-03-19T23:35:11.000,1789,4.78,,,34.0,67.0,20.35,0.0,0.0,0.0,20.35,Cash,Demo Taxi Co,41.8483691363871,-87.63485345831778,41.78411887610055,-87.67425672749737
demo_trip_000941,demo_taxi_0048,2024-03-23T08:54:37.000,2024-03-23T09:31:58.000,2241,6.97,,,51.0,1.0,28.87,0.0,0.0,0.0,28.87,Credit Card,Demo Sun Taxi,41.67682915646906,-87.54839680824385,41.999185711403115,-87.66584697677715
demo_trip_000942,demo_taxi_0109,2024-03-20T19:55:38.000,2024-03-20T20:30:22.000,2084,15.09,,,36.0,23.0,69.04,0.0,0.0,0.0,69.04,Cash,Demo Sun Taxi,41.826801755156716,-87.59971137781002,41.897258428545705,-87.70856574521751
demo_trip_000943,demo_taxi_0056,2024-03-07T07:16:03.000,2024-03-07T07:25:02.000,539,1.28,,,19.0,10.0,4.98,0.0,0.0,0.0,4.98,Cash,Demo City Service,41.92621925580487,-87.75741144153972,42.00073832461169,-87.78194923591022
demo_trip_000944,demo_taxi_0015,2024-03-21T09:01:36.000,2024-03-21T09:26:14.000,1478,14.03,,,34.0,54.0,67.64,0.0,0.0,0.0,67.64,Credit Card,Demo Sun Taxi,41.8496606167912,-87.63810389373837,41.651246942141974,-87.58361407406895
demo_trip_000945,demo_taxi_0014,2024-03-06T12:38:56.000,2024-03-06T12:58:57.000,1201,6.1,,,23.0,54.0,17.46,3.42,0.0,0.0,20.88,Credit Card,Demo Taxi Co,41.89325320499039,-87.72645799488596,41.64515587794038,-87.5904332596492
demo_trip_000946,demo_taxi_0116,2024-03-16T10:04:47.000,2024-03-16T10:40:18.000,2131,10.12,,,13.0,10.0,34.3,0.0,0.0,0.0,34.3,Cash,Demo Globe Taxi,41.97867441205368,-87.72412220002876,41.99086573250669,-87.79178224991514
demo_trip_000947,demo_taxi_0016,2024-03-14T19:02:12.000,2024-03-14T19:12:45.000,633,3.66,,,75.0,29.0,16.31,2.35,0.0,0.0,18.66,No Charge,Demo Flash Cab,41.69900620583353,-87.65854972261312,41.863081013482784,-87.72568906643058
demo_trip_000948,demo_taxi_0113,2024-03-15T22:56:54.000,2024-03-15T23:30:14.000,2000,12.21,,,75.0,54.0,39.93,0.0,0.0,0.0,39.93,Mobile,Demo Sun Taxi,41.67944532036464,-87.67147057725691,41.66132131191388,-87.59903461615691
demo_trip_000949,demo_taxi_0033,2024-03-14T20:29:40.000,2024-03-14T20:50:22.000,1242,6.67,,,11.0,54.0,24.06,3.33,0.0,0.0,27.39,Credit Card,Demo City Service,41.97539058580191,-87.75906708985362,41.68092227458442,-87.60583332489428
demo_trip_000950,demo_taxi_0011,2024-03-04T07:06:03.000,2024-03-04T07:43:32.000,2249,13.2,,,5.0,51.0,58.51,11.75,0.0,0.0,70.26,Cash,Demo Globe Taxi,41.946760026334,-87.69139409815676,41.68523736900347,-87.58372123265393
demo_trip_000951,demo_taxi_0036,2024-03-14T18:39:07.000,2024-03-14T19:11:23.000,1936,9.24,,,5.0,69.0,35.54,0.0,0.0,0.0,35.54,Mobile,Demo Sun Taxi,41.95506468677965,-87.68897835621657,41.77205131542059,-87.6255636123103
demo_trip_000952,demo_taxi_0073,2024-03-23T07:22:55.000,2024-03-23T07:38:40.000,945,4.38,,,35.0,5.0,13.0,2.63,0.0,0.0,15.63,Credit Card,Demo Sun Taxi,41.84257391629285,-87.62708060709792,41.93704321323624,-87.67772034025475
demo_trip_000953,demo_taxi_0051,2024-03-13T21:32:12.000,2024-03-13T22:06:27.000,2055,0.0,,,34.0,29.0,14.66,0.0,0.0,2.82,17.48,Cash,Demo City Service,41.85304252422909,-87.63243068953048,41.85592112589053,-87.7316492702538
demo_trip_000954,demo_taxi_0094,2024-03-09T14:53:05.000,2024-03-09T15:03:01.000,596,0.0,,,48.0,51.0,14.09,0.0,0.0,2.08,16.17,Credit Card,Demo Sun Taxi,41.72594596087904,-87.55089267061095,41.69421922808471,-87.55557402055784
demo_trip_000955,demo_taxi_0073,2024-03-24T10:14:27.000,2024-03-24T10:17:36.000,189,1.29,,,51.0,48.0,4.2,0.96,0.0,0.0,5.16,Cash,Demo Flash Cab,41.71417445679778,-87.57080511630937,41.728337218961485,-87.55584429635337
demo_trip_000956,demo_taxi_0048,2024-03-06T07:38:31.000,2024-03-06T08:00:16.000,1305,9.45,,,29.0,54.0,26.85,0.0,0.0,0.0,26.85,Credit Card,Demo Globe Taxi,41.851733752466394,-87.72481124790511,41.676386309258355,-87.6100407366193
demo_trip_000957,demo_taxi_0076,2024-03-14T01:49:34.000,2024-03-14T02:06:58.000,1044,9.69,,,46.0,51.0,44.44,7.09,0.0,0.0,51.53,Credit Card,Demo Taxi Co,41.7378228422361,-87.53241354695847,41.71663815933361,-87.55387783106003
demo_trip_000958,demo_taxi_0116,2024-03-14T08:25:39.000,2024-03-14T08:33:18.000,459,2.65,,,51.0,54.0,8.5,0.0,0.0,0.0,8.5,Credit Card,Demo Sun Taxi,41.721436488164436,-87.56109179694083,41.6490699430053,-87.61656367236303
demo_trip_000959,demo_taxi_0049,2024-03-14T21:58:59.000,2024-03-14T22:38:45.000,2386,21.08,,,67.0,35.0,94.98,0.0,0.0,0.0,94.98,Credit Card,Demo City Service,41.7854476587179,-87.67197046760649,41.83415854828937,-87.6061732081172
demo_trip_000960,demo_taxi_0018,2024-03-23T19:26:45.000,2024-03-23T19:31:11.000,266,1.48,,,13.0,69.0,7.3,0.0,0.0,0.0,7.3,Credit Card,Demo Globe Taxi,41.97981794067983,-87.74110198340186,41.769339747831154,-87.6211456930289
demo_trip_000961,demo_taxi_0049,2024-03-12T22:27:01.000,2024-03-12T22:51:49.000,1488,8.64,,,34.0,69.0,28.77,5.55,0.0,0.0,34.32,Credit Card,Demo Taxi Co,41.82442169759425,-87.63378469595403,41.772669148359604,-87.59472367602116
demo_trip_000962,demo_taxi_0100,2024-03-24T06:53:05.000,2024-03-24T07:05:44.000,759,5.29,,,36.0,48.0,26.06,0.0,0.0,0.0,26.06,Cash,Demo City Service,41.82548647187336,-87.59808200234914,41.736626250342105,-87.57227374286241
demo_trip_000963,demo_taxi_0026,2024-03-05T16:38:00.000,2024-03-05T16:51:57.000,837,3.22,,,29.0,35.0,9.59,0.0,0.0,1.19,10.78,Credit Card,Demo Globe Taxi,41.86214884040773,-87.70580403949283,41.837254090104246,-87.62158987821802
demo_trip_000964,demo_taxi_0113,2024-03-19T09:52:23.000,2024-03-19T10:03:11.000,648,2.5,,,23.0,5.0,10.3,0.0,0.0,0.0,10.3,Credit Card,Demo Sun Taxi,41.90392848774633,-87.72014308948448,41.94060339365452,-87.68233475017412
demo_trip_000965,demo_taxi_0070,2024-03-16T15:47:21.000,2024-03-16T16:04:44.000,1043,6.31,,,6.0,75.0,31.41,0.0,0.0,0.0,31.41,Credit Card,Demo Taxi Co,41.951466721161204,-87.65102352604765,41.68214672963907,-87.66726209797008
demo_trip_000966,demo_taxi_0072,2024-03-09T10:42:56.000,2024-03-09T11:10:37.000,1661,4.55,,,34.0,1.0,20.57,3.86,0.0,0.0,24.43,Dispute,Demo Flash Cab,41.836213295254396,-87.63318645641796,42.02042285338647,-87.66399351220478
demo_trip_000967,demo_taxi_0038,2024-03-08T09:14:21.000,2024-03-08T09:29:17.000,896,3.58,,,59.0,34.0,11.01,1.2,0.0,1.67,13.88,Credit Card,Demo Globe Taxi,41.82588982036384,-87.67818618210372,41.8498692903714,-87.64286462371173
demo_trip_000968,demo_taxi_0110,2024-03-19T16:23:01.000,2024-03-19T16:52:43.000,1782,14.56,,,5.0,54.0,45.77,0.0,0.0,0.0,45.77,Cash,Demo Sun Taxi,41.959161289950245,-87.68374866775598,41.645029454319335,-87.61472219711648
demo_trip_000969,demo_taxi_0004,2024-03-17T08:51:53.000,2024-03-17T09:11:26.000,1173,6.69,,,23.0,48.0,21.11,4.14,0.0,0.0,25.25,Credit Card,Demo Globe Taxi,41.90841011567056,-87.72855901189187,41.73516080910433,-87.56894669589047
demo_trip_000970,demo_taxi_0035,2024-03-16T13:36:15.000,2024-03-16T14:08:18.000,1923,4.66,,,59.0,36.0,22.64,0.0,0.0,0.0,22.64,Credit Card,Demo Taxi Co,41.831096341704225,-87.66473119645006,41.82981688547802,-87.60363826759546
demo_trip_000971,demo_taxi_0050,2024-03-05T17:16:54.000,2024-03-05T17:36:20.000,1166,3.12,,,6.0,34.0,9.71,1.7,0.0,0.0,11.41,Mobile,Demo Flash Cab,41.935969018204155,-87.65703321732927,41.848305396732414,-87.637189532857
demo_trip_000972,demo_taxi_0057,2024-03-16T07:19:46.000,2024-03-16T07:36:17.000,991,9.04,,,35.0,54.0,34.12,3.53,0.0,0.0,37.65,Cash,Demo Flash Cab,41.83729335102141,-87.60856165190317,41.660110083767414,-87.60091836137812
demo_trip_000973,demo_taxi_0056,2024-03-24T21:46:52.000,2024-03-24T22:08:37.000,1305,12.26,,,48.0,48.0,41.37,0.0,0.0,0.0,41.37,Cash,Demo Taxi Co,41.7360113363608,-87.57662752793728,41.73381440779794,-87.573447110676
demo_trip_000974,demo_taxi_0017,2024-03-04T14:10:49.000,2024-03-04T14:39:13.000,1704,11.98,,,5.0,10.0,40.77,5.37,0.0,1.63,47.77,Credit Card,Demo City Service,41.959452365624145,-87.68135388756687,41.983245557090974,-87.79226172080689
demo_trip_000975,demo_taxi_0027,2024-03-13T19:06:08.000,2024-03-13T19:26:19.000,1211,4.37,,,13.0,5.0,15.38,0.0,0.0,0.0,15.38,Credit Card,Demo Globe Taxi,41.98344700411061,-87.72728041365036,41.952441628320365,-87.69299232311944
demo_trip_000976,demo_taxi_0011,2024-03-14T17:45:37.000,2024-03-14T18:22:08.000,2191,10.92,,,29.0,29.0,36.72,0.0,0.0,0.0,36.72,Credit Card,Demo Sun Taxi,41.86941057161989,-87.72003549164833,41.86429946243392,-87.6974341930502
demo_trip_000977,demo_taxi_0068,2024-03-22T17:17:24.000,2024-03-22T17:39:29.000,1325,5.98,,,5.0,1.0,23.92,2.76,0.0,0.0,26.68,Credit Card,Demo City Service,41.95439805280549,-87.68831597568587,42.0005261021938,-87.65769784657721
demo_trip_000978,demo_taxi_0042,2024-03-09T17:45:37.000,2024-03-09T17:59:34.000,837,6.79,,,48.0,11.0,24.2,4.24,0.0,0.0,28.44,No Charge,Demo Sun Taxi,41.73701716565281,-87.57091550639153,41.98340913152829,-87.7759787654301
demo_trip_000979,demo_taxi_0067,2024-03-13T20:32:44.000,2024-03-13T20:36:46.000,242,1.51,,,23.0,5.0,5.44,1.25,0.0,0.0,6.69,Credit Card,Demo City Service,41.89271757214376,-87.73053648737856,41.94968172605444,-87.68244062529116
demo_trip_000980,demo_taxi_0070,2024-03-19T16:59:30.000,2024-03-19T17:17:01.000,1051,8.48,,,,,31.93,0.0,0.0,0.0,31.93,Credit Card,Demo Globe Taxi,41.650081176368836,-87.5978241698177,42.01229696672606,-87.66098442856118
demo_trip_000981,demo_taxi_0084,2024-03-05T09:31:18.000,2024-03-05T09:36:18.000,300,1.48,,,48.0,35.0,5.02,0.61,0.0,0.0,5.63,Credit Card,Demo City Service,41.73638287585062,-87.56985453700766,41.836687973458154,-87.60654906438235
demo_trip_000982,demo_taxi_0065,2024-03-20T06:52:54.000,2024-03-20T06:57:13.000,259,2.26,,,13.0,51.0,9.91,0.0,0.0,0.0,9.91,Credit Card,Demo City Service,41.98217123309953,-87.72159878028785,41.71390284172231,-87.54578184446915
demo_trip_000983,demo_taxi_0077,2024-03-21T16:51:39.000,2024-03-21T17:08:22.000,1003,5.46,,,13.0,23.0,20.52,0.0,0.0,0.0,20.52,Credit Card,Demo Globe Taxi,41.99445998200736,-87.72388898001807,41.89259682645338,-87.73005673757348
demo_trip_000984,demo_taxi_0070,2024-03-19T05:12:53.000,2024-03-19T05:26:37.000,824,4.41,,,67.0,48.0,16.64,1.95,0.0,2.03,20.62,Credit Card,Demo Flash Cab,41.772251373099046,-87.65617421515464,41.72466777823603,-87.56393751212106
demo_trip_000985,demo_taxi_0078,2024-03-17T08:59:14.000,2024-03-17T09:34:58.000,2144,285.60690257474414,,,,,1.0799488121171503,4.72,0.0,0.0,42.92,Dispute,Demo City Service,41.97795400947367,-87.8008679684106,41.829533390180366,-87.632423775256
demo_trip_000986,demo_taxi_0073,2024-03-19T05:44:50.000,2024-03-19T06:14:50.000,1800,11.99,,,75.0,36.0,30.9,5.72,0.0,1.69,38.31,Cash,Demo City Service,41.68116966316512,-87.67166429627466,41.82970376604133,-87.60623085759258
demo_trip_000987,demo_taxi_0037,2024-03-20T15:06:19.000,2024-03-20T15:38:34.000,1935,17.28,,,1.0,11.0,78.16,11.8,0.0,0.0,89.96,Credit Card,Demo Globe Taxi,42.012461157468884,-87.66865727066974,41.98945670545676,-87.76683233803534
demo_trip_000988,demo_taxi_0029,2024-03-22T07:00:27.000,2024-03-22T07:23:37.000,1390,0.0,,,67.0,5.0,36.46,8.54,0.0,0.0,45.0,Credit Card,Demo Globe Taxi,41.767574902272216,-87.67097560608701,41.94375845314391,-87.68780136544714
demo_trip_000989,demo_taxi_0094,2024-03-12T16:16:51.000,2024-03-12T16:23:55.000,424,3.9,,,10.0,6.0,12.1,0.0,0.0,0.0,12.1,Cash,Demo City Service,41.97595732145828,-87.79478722323884,41.94809890706779,-87.67342712449447
demo_trip_000990,demo_taxi_0041,2024-03-13T18:00:21.000,2024-03-13T18:34:50.000,2069,10.71,,,36.0,13.0,36.41,4.44,0.0,0.0,40.85,Credit Card,Demo Sun Taxi,41.829853492442794,-87.60730340899086,41.99657003802349,-87.71461583354936
demo_trip_000991,demo_taxi_0065,2024-03-17T19:21:15.000,2024-03-17T19:42:33.000,1278,5.95,,,5.0,59.0,20.2,4.66,0.0,0.0,24.86,Mobile,Demo Globe Taxi,41.95317792457018,-87.68254088981803,41.82435698503203,-87.65948983385292
demo_trip_000992,demo_taxi_0023,2024-03-08T10:59:54.000,2024-03-08T11:18:46.000,1132,5.02,,,13.0,35.0,21.14,0.0,0.0,2.63,23.77,Cash,Demo Flash Cab,41.976459203774276,-87.72345489770578,41.84019147486939,-87.62884443126072
demo_trip_000993,demo_taxi_0051,2024-03-21T15:28:57.000,2024-03-21T15:54:19.000,1522,3.62,,,51.0,67.0,10.74,0.0,0.0,0.0,10.74,Cash,Demo City Service,41.71275376175936,-87.55132057574608,41.792339160303655,-87.65635342953162
demo_trip_000994,demo_taxi_0063,2024-03-20T15:01:18.000,2024-03-20T15:10:21.000,543,4.66,,,48.0,59.0,23.05,0.0,0.0,2.57,25.62,Cash,Demo Flash Cab,41.73374794170865,-87.57797837603097,41.82625652960938,-87.66159741029918
demo_trip_000995,demo_taxi_0075,2024-03-17T13:29:18.000,2024-03-17T13:50:06.000,1248,3.51,,,29.0,69.0,9.32,0.0,0.0,0.0,9.32,Credit Card,Demo Taxi Co,41.868668132284945,-87.71173316536198,41.75262144664415,-87.63253848920182
demo_trip_000996,demo_taxi_0063,2024-03-10T17:13:13.000,2024-03-10T17:38:37.000,1524,7.21,,,1.0,69.0,35.58,8.35,0.0,0.68,44.61,Credit Card,Demo City Service,41.99898746206389,-87.6604903334798,41.76654193734621,-87.6120810693442
demo_trip_000997,demo_taxi_0043,2024-03-11T08:51:01.000,2024-03-11T09:19:49.000,1728,7.09,,,54.0,13.0,18.94,0.0,0.0,0.0,18.94,Cash,Demo Globe Taxi,41.649575950732014,-87.58919086656128,41.990295209809645,-87.72317166794153
demo_trip_000998,demo_taxi_0115,2024-03-13T23:05:33.000,2024-03-13T23:27:03.000,1290,10.07,,,46.0,29.0,33.17,0.0,0.0,0.99,34.16,Credit Card,Demo Globe Taxi,41.743762430464976,-87.53624953664581,41.853673903690904,-87.71843553511825
demo_trip_000999,demo_taxi_0061,2024-03-17T06:46:15.000,2024-03-17T07:26:08.000,2393,22.06,,,,,68.98,0.0,0.0,0.0,68.98,Credit Card,Demo Flash Cab,41.69689604203067,-87.67769986972935,41.95227422251182,-87.68121266796284
demo_trip_001000,demo_taxi_0096,2024-03-20T19:26:50.000,2024-03-20T20:06:28.000,2378,19.85,,,13.0,36.0,62.51,9.84,0.0,0.0,72.35,No Charge,Demo City Service,41.993612249230765,-87.72324936222716,41.82504560654991,-87.60850737837173
demo_trip_001001,demo_taxi_0088,2024-03-18T16:01:10.000,2024-03-18T16:07:44.000,394,1.82,,,35.0,69.0,9.08,0.0,0.0,0.0,9.08,Cash,Demo Sun Taxi,41.830041761725774,-87.61169733374828,41.75479995816219,-87.61146068007464
demo_trip_001002,demo_taxi_0066,2024-03-23T08:40:38.000,2024-03-23T08:46:41.000,363,2.05,,,36.0,75.0,7.47,0.0,0.0,0.0,7.47,Credit Card,Demo City Service,41.82268583487267,-87.60204555177793,41.69861693844467,-87.68561238336368
demo_trip_001003,demo_taxi_0106,2024-03-24T18:27:30.000,2024-03-24T18:49:34.000,1324,5.4,,,67.0,59.0,15.11,3.08,0.0,0.0,18.19,Mobile,Demo Taxi Co,41.782707380687214,-87.67616222852385,41.82603963240188,-87.6715308117796
demo_trip_001004,demo_taxi_0015,2024-03-18T06:46:36.000,2024-03-18T07:20:13.000,2017,18.46,,,48.0,75.0,91.48,0.0,0.0,0.0,91.48,Credit Card,Demo Taxi Co,41.736242508396096,-87.57394942076655,41.68710577513975,-87.6530353848054
demo_trip_001005,demo_taxi_0110,2024-03-11T18:37:06.000,2024-03-11T18:59:03.000,1317,4.1,,,75.0,1.0,12.74,1.49,0.0,0.0,14.23,Mobile,Demo Taxi Co,41.694140046847735,-87.64402858775047,42.00542043885372,-87.66543868207523
demo_trip_001006,demo_taxi_0102,2024-03-16T16:47:27.000,2024-03-16T16:47:27.000,0,6.19,,,,,16.6,0.0,0.0,0.0,16.6,Credit Card,Demo City Service,41.773977805578554,-87.62830844706394,41.773977805578554,-87.62830844706394
demo_trip_001007,demo_taxi_0060,2024-03-12T06:27:37.000,2024-03-12T06:27:37.000,0,11.89,,,6.0,51.0,30.44,5.62,0.0,0.0,36.06,Cash,Demo Sun Taxi,41.95654957041483,-87.6730872289116,41.95654957041483,-87.6730872289116
demo_trip_001008,demo_taxi_0088,2024-03-17T06:00:20.000,2024-03-17T06:38:13.000,2273,17.18,,,35.0,23.0,62.85,0.0,0.0,0.0,62.85,Cash,Demo Sun Taxi,41.844331698347496,-87.61650875303746,41.897172060269725,-87.70825129155715
demo_trip_001009,demo_taxi_0062,2024-03-21T18:07:52.000,2024-03-21T18:17:02.000,550,4.41,,,34.0,69.0,21.15,0.0,0.0,0.0,21.15,Credit Card,Demo Taxi Co,41.85474034073214,-87.63098574877799,41.75186248937776,-87.61022160352766
demo_trip_001010,demo_taxi_0032,2024-03-11T09:27:31.000,2024-03-11T09:47:00.000,1169,5.57,,,1.0,19.0,14.16,0.0,0.0,0.0,14.16,Mobile,Demo Taxi Co,42.009388289827555,-87.66904864101448,41.93386306236762,-87.78851556703371
demo_trip_001011,demo_taxi_0095,2024-03-14T20:23:21.000,2024-03-14T20:49:58.000,1597,7.09,,,5.0,59.0,30.58,5.64,0.0,0.0,36.22,Credit Card,Demo Sun Taxi,41.95706470134347,-87.68386456824867,41.823180881885825,-87.68355078046915
demo_trip_001012,demo_taxi_0029,2024-03-04T18:47:01.000,2024-03-04T19:04:34.000,1053,5.35,,,6.0,54.0,16.86,0.0,0.0,0.0,16.86,No Charge,Demo City Service,41.94070190008118,-87.64180707825068,41.646525108591284,-87.58903355729754
demo_trip_001013,demo_taxi_0037,2024-03-19T17:24:10.000,2024-03-19T17:28:48.000,278,1.0,,,35.0,23.0,3.05,0.41,0.0,0.0,3.46,Credit Card,Demo Taxi Co,41.84142289006745,-87.61331010847464,41.901963700096246,-87.71345262356138
demo_trip_001014,demo_taxi_0062,2024-03-14T09:51:28.000,2024-03-14T10:19:14.000,1666,13.03,,,48.0,13.0,55.5,13.2,0.0,0.0,68.7,Credit Card,Demo Taxi Co,41.72629179841853,-87.57698147939385,41.97560107414962,-87.70562946671167
demo_trip_001015,demo_taxi_0100,2024-03-13T17:11:24.000,2024-03-13T17:41:49.000,1825,10.56,,,5.0,10.0,46.14,10.7,0.0,0.58,57.42,Credit Card,Demo Taxi Co,41.942919600937046,-87.69372676704512,41.977941924666474,-87.80663345000124
demo_trip_001016,demo_taxi_0046,2024-03-15T22:23:52.000,2024-03-15T22:51:06.000,1634,14.49,,,13.0,59.0,56.48,8.38,0.0,0.0,64.86,Credit Card,Demo Sun Taxi,41.98253314272394,-87.70969915186403,41.827592393926864,-87.66572078693744
demo_trip_001017,demo_taxi_0059,2024-03-08T06:45:47.000,2024-03-08T07:13:19.000,1652,14.55,,,75.0,19.0,43.73,0.0,0.0,0.0,43.73,Cash,Demo Globe Taxi,41.69346499057779,-87.67885759377458,41.91891036691963,-87.76695694914747
demo_trip_001018,demo_taxi_0004,2024-03-16T10:07:09.000,2024-03-16T10:34:26.000,1637,5.55,,,6.0,5.0,13.96,2.72,0.0,0.0,16.68,Cash,Demo Globe Taxi,41.93984986735208,-87.66458730418103,41.95934082113569,-87.67739392474664
demo_trip_001019,demo_taxi_0013,2024-03-19T08:19:35.000,2024-03-19T08:34:48.000,913,3.53,,,75.0,75.0,15.33,0.0,0.0,0.0,15.33,Mobile,Demo Taxi Co,41.68961996465518,-87.6736242419022,41.68659209953389,-87.67423153741046
demo_trip_001020,demo_taxi_0006,2024-03-11T12:45:27.000,2024-03-11T12:49:03.000,216,1.15,,,34.0,11.0,4.6,0.0,0.0,1.59,6.19,Cash,Demo Taxi Co,41.838358840933694,-87.63045322643107,41.97183261473655,-87.75324277046965
demo_trip_001021,demo_taxi_0008,2024-03-06T18:35:06.000,2024-03-06T19:14:41.000,2375,7.39,,,34.0,19.0,26.28,0.0,0.0,2.57,28.85,Cash,Demo Globe Taxi,41.82762092344084,-87.62946410982595,41.928075697770325,-87.75079610112226
demo_trip_001022,demo_taxi_0104,2024-03-12T13:46:39.000,2024-03-12T13:57:12.000,633,4.68,,,5.0,59.0,14.2,2.42,0.0,2.96,19.58,Credit Card,Demo Taxi Co,41.9418134591929,-87.67636475504051,41.82766646380207,-87.65984999567183
demo_trip_001023,demo_taxi_0101,2024-03-08T15:30:32.000,2024-03-08T16:04:11.000,2019,15.66,,,11.0,69.0,68.98,0.0,0.0,0.81,69.79,Cash,Demo Sun Taxi,41.98806449393193,-87.76475613854464,41.761295538893705,-87.62574326609038
demo_trip_001024,demo_taxi_0098,2024-03-11T10:51:05.000,2024-03-11T11:14:05.000,1380,261.3592709566625,,,34.0,67.0,4.3746703261382045,0.0,0.0,0.0,28.19,Mobile,Demo City Service,41.84782425115421,-87.64108184394574,41.77764882034929,-87.66915948909696
demo_trip_001025,demo_taxi_0006,2024-03-17T07:52:28.000,2024-03-17T08:15:25.000,1377,7.92,,,1.0,36.0,32.53,5.2,0.0,0.0,37.73,Credit Card,Demo Taxi Co,42.02300533174197,-87.67528290421261,41.828316468690105,-87.61122062767971
demo_trip_001026,demo_taxi_0009,2024-03-06T09:58:43.000,2024-03-06T10:02:29.000,226,1.93,,,46.0,13.0,8.15,1.6,0.0,2.37,12.12,Credit Card,Demo Taxi Co,41.74191636161049,-87.54087623169681,41.97728479019599,-87.71175445212477
demo_trip_001027,demo_taxi_0033,2024-03-19T20:07:19.000,2024-03-19T20:46:57.000,2378,16.09,,,34.0,13.0,49.21,5.58,0.0,0.0,54.79,Credit Card,Demo Flash Cab,41.84374762947735,-87.63092642230735,41.98106868507251,-87.71295212874696
demo_trip_001028,demo_taxi_0067,2024-03-08T16:35:21.000,2024-03-08T16:57:54.000,1353,13.09,,,46.0,29.0,48.54,0.0,0.0,0.0,48.54,Credit Card,Demo Flash Cab,41.7304961180825,-87.55183086967251,41.8693621075953,-87.717971903118
demo_trip_001029,demo_taxi_0040,2024-03-22T11:06:06.000,2024-03-22T11:39:48.000,2022,16.86,,,,,64.08,15.7,0.0,0.0,79.78,Cash,Demo Sun Taxi,41.978766308731736,-87.76401991348864,41.82899842579942,-87.65949993900828
demo_trip_001030,demo_taxi_0058,2024-03-19T18:13:12.000,2024-03-19T18:44:58.000,1906,14.56,,,5.0,34.0,57.92,7.61,0.0,0.0,65.53,Credit Card,Demo Flash Cab,41.95192490244465,-87.69564396137716,41.84691125860993,-87.6362282994516
demo_trip_001031,demo_taxi_0020,2024-03-09T05:18:58.000,2024-03-09T05:27:04.000,486,1.53,,,29.0,69.0,7.27,0.0,0.0,0.0,7.27,Mobile,Demo Sun Taxi,41.8565731866363,-87.73182941820053,41.75384963431076,-87.60553681186327
demo_trip_001032,demo_taxi_0087,2024-03-15T09:38:37.000,2024-03-15T10:16:40.000,2283,0.0,,,19.0,5.0,74.73,0.0,0.0,0.0,74.73,Credit Card,Demo Taxi Co,41.91625744886426,-87.74830107430509,41.954016182896325,-87.67643261834114
demo_trip_001033,demo_taxi_0037,2024-03-06T08:25:10.000,2024-03-06T08:50:02.000,1492,6.73,,,59.0,6.0,17.96,3.29,0.0,0.0,21.25,Credit Card,Demo City Service,41.832824543030604,-87.66654351515878,41.94761650098802,-87.66033904104196
demo_trip_001034,demo_taxi_0007,2024-03-06T23:51:28.000,2024-03-07T00:01:18.000,590,3.16,,,35.0,29.0,10.63,0.0,0.0,0.0,10.63,Credit Card,Demo Flash Cab,41.833604308243636,-87.60816230913237,41.86210660492242,-87.7253604187918
demo_trip_001035,demo_taxi_0089,2024-03-24T17:17:11.000,2024-03-24T17:41:40.000,1469,8.36,,,13.0,13.0,34.03,6.02,0.0,1.48,41.53,Credit Card,Demo City Service,41.981077807361146,-87.72930440500824,41.986754029438245,-87.72892447747795
demo_trip_001036,demo_taxi_0108,2024-03-20T16:37:26.000,2024-03-20T17:03:14.000,1548,7.29,,,34.0,35.0,24.3,3.42,0.0,0.0,27.72,Cash,Demo Taxi Co,41.840634458432135,-87.63416975776299,41.83983529429176,-87.61561263944604
demo_trip_001037,demo_taxi_0001,2024-03-07T00:45:08.000,2024-03-07T01:12:17.000,1629,4.94,,,46.0,54.0,21.83,3.73,0.0,0.0,25.56,Mobile,Demo Taxi Co,41.74445411428571,-87.55854913973316,41.678896216467656,-87.60844041836226
demo_trip_001038,demo_taxi_0052,2024-03-09T08:58:37.000,2024-03-09T09:13:30.000,893,3.32,,,67.0,19.0,9.88,1.71,0.0,2.18,13.77,Credit Card,Demo Taxi Co,41.7777434035353,-87.65648522682098,41.93340600920165,-87.74311927613223
demo_trip_001039,demo_taxi_0099,2024-03-08T17:14:34.000,2024-03-08T17:52:22.000,2268,18.71,,,67.0,5.0,53.46,0.0,0.0,0.0,53.46,Credit Card,Demo Taxi Co,41.76045152003861,-87.66226146424441,41.940139629031414,-87.68868600054162
demo_trip_001040,demo_taxi_0084,2024-03-12T11:44:38.000,2024-03-12T11:56:23.000,705,192.57222978939402,,,36.0,6.0,1.5960893109059726,3.37,0.0,0.0,18.82,Cash,Demo City Service,41.820056684855274,-87.60537141237118,41.95296709309547,-87.65958730283084
demo_trip_001041,demo_taxi_0102,2024-03-10T21:05:26.000,2024-03-10T21:26:38.000,1272,11.82,,,23.0,36.0,55.44,0.0,0.0,0.0,55.44,Cash,Demo Taxi Co,41.9084428172142,-87.7371906729701,41.81805149104601,-87.60480962284132
demo_trip_001042,demo_taxi_0049,2024-03-10T18:32:17.000,2024-03-10T19:06:18.000,2041,17.1,,,46.0,69.0,71.86,0.0,0.0,2.88,74.74,Cash,Demo City Service,41.74710741562576,-87.57156253587246,41.78063956981442,-87.62713957249511
demo_trip_001043,demo_taxi_0044,2024-03-15T13:24:14.000,2024-03-15T13:30:05.000,351,1.84,,,51.0,54.0,6.99,1.14,0.0,0.0,8.13,Credit Card,Demo City Service,41.71588297113168,-87.54780597528476,41.652472106036775,-87.59269763797215
demo_trip_001044,demo_taxi_0085,2024-03-07T18:57:12.000,2024-03-07T19:15:07.000,1075,8.73,,,54.0,5.0,28.38,0.0,0.0,0.0,28.38,Cash,Demo Flash Cab,41.655630079173164,-87.612565215955,41.93751358328676,-87.6829427577104
demo_trip_001045,demo_taxi_0018,2024-03-22T22:46:25.000,2024-03-22T23:07:09.000,1244,8.14,,,5.0,29.0,39.04,0.0,0.0,0.0,39.04,Credit Card,Demo Taxi Co,41.95330871604402,-87.69243035211053,41.848665012477184,-87.72765826252706
demo_trip_001046,demo_taxi_0028,2024-03-19T13:55:27.000,2024-03-19T14:27:02.000,1895,8.28,,,35.0,35.0,39.1,0.0,0.0,0.0,39.1,Credit Card,Demo Flash Cab,41.84421508390314,-87.62314977472104,41.831777817184836,-87.61282278834848
demo_trip_001047,demo_taxi_0072,2024-03-19T17:51:40.000,2024-03-19T18:23:48.000,1928,18.38,,,46.0,1.0,64.3,9.62,0.0,0.0,73.92,No Charge,Demo Sun Taxi,41.74185133953846,-87.53500945204487,42.02097929698276,-87.66813602675505
demo_trip_001048,demo_taxi_0080,2024-03-07T21:24:03.000,2024-03-07T21:56:32.000,1949,0.0,,,11.0,48.0,78.43,0.0,0.0,0.81,79.24,Credit Card,Demo City Service,41.9827440367091,-87.7674749184331,41.73281902022792,-87.5596967508024
demo_trip_001049,demo_taxi_0014,2024-03-18T08:44:16.000,2024-03-18T09:00:32.000,976,2.99,,,67.0,1.0,14.3,3.42,0.0,0.0,17.72,Credit Card,Demo City Service,41.78325826715376,-87.6687217213748,42.00171398497295,-87.66261809028626
demo_trip_001050,demo_taxi_0060,2024-03-21T20:01:51.000,2024-03-21T20:23:02.000,1271,10.83,,,11.0,11.0,35.56,6.34,0.0,0.0,41.9,Credit Card,Demo Taxi Co,41.9794499538465,-87.78568011840385,41.98900402021344,-87.76356617554637
demo_trip_001051,demo_taxi_0043,2024-03-07T06:33:54.000,2024-03-07T06:37:54.000,240,0.67,,,23.0,46.0,2.23,0.0,0.0,0.0,2.23,Credit Card,Demo Flash Cab,41.897053344357964,-87.73041293108339,41.74687899502395,-87.54850992870338
demo_trip_001052,demo_taxi_0060,2024-03-19T17:02:55.000,2024-03-19T17:36:21.000,2006,18.43,,,1.0,75.0,71.22,17.06,0.0,0.0,88.28,No Charge,Demo City Service,42.00090085333033,-87.67236923878782,41.6889551142398,-87.66628302690498
demo_trip_001053,demo_taxi_0115,2024-03-11T18:43:18.000,2024-03-11T18:57:31.000,853,5.89,,,67.0,34.0,20.74,0.0,0.0,0.0,20.74,Credit Card,Demo Flash Cab,41.77927051447856,-87.66266240332439,41.84118476357711,-87.63428616658392
demo_trip_001054,demo_taxi_0009,2024-03-20T16:58:08.000,2024-03-20T17:18:25.000,1217,4.22,,,48.0,13.0,18.58,2.39,0.0,0.0,20.97,Cash,Demo City Service,41.73151198395891,-87.56317472487552,41.97961003337657,-87.73656468324502
demo_trip_001055,demo_taxi_0119,2024-03-14T14:40:11.000,2024-03-14T15:08:25.000,1694,14.15,,,5.0,34.0,54.37,0.0,0.0,0.0,54.37,Mobile,Demo Sun Taxi,41.93574833873527,-87.67957166933773,41.831978271480466,-87.63541293573392
demo_trip_001056,demo_taxi_0053,2024-03-20T16:50:07.000,2024-03-20T17:21:50.000,1903,11.59,,,5.0,59.0,35.11,5.84,0.0,0.0,40.95,Credit Card,Demo Globe Taxi,41.93745496352136,-87.68115354032082,41.82406887766939,-87.65965861599211
demo_trip_001057,demo_taxi_0092,2024-03-07T07:14:57.000,2024-03-07T07:21:07.000,370,0.99,,,69.0,54.0,3.36,0.5,0.0,0.0,3.86,Credit Card,Demo Flash Cab,41.75598774857654,-87.63424465513337,41.65095212135941,-87.5928838789923
demo_trip_001058,demo_taxi_0050,2024-03-12T08:59:53.000,2024-03-12T09:31:16.000,1883,15.46,,,46.0,35.0,64.59,0.0,0.0,0.0,64.59,Credit Card,Demo Flash Cab,41.74369753281951,-87.55454456004139,41.84273274608356,-87.6242163719703
demo_trip_001059,demo_taxi_0037,2024-03-09T09:33:48.000,2024-03-09T09:50:42.000,1014,8.25,,,36.0,1.0,21.73,3.64,0.0,0.0,25.37,Credit Card,Demo Taxi Co,41.81868466901981,-87.59600300653483,42.00003317088549,-87.65771037764148
demo_trip_001060,demo_taxi_0092,2024-03-09T16:40:43.000,2024-03-09T16:59:10.000,1107,6.46,,,48.0,13.0,21.68,2.79,0.0,0.0,24.47,Credit Card,Demo Globe Taxi,41.733893864172764,-87.56474113853639,41.9904365679376,-87.70961311624728
demo_trip_001061,demo_taxi_0082,2024-03-10T13:46:20.000,2024-03-10T13:54:15.000,475,3.66,,,48.0,11.0,9.3,0.0,0.0,0.0,9.3,Cash,Demo Globe Taxi,41.72375378298387,-87.57983010484702,41.982652292414045,-87.78092498452123
demo_trip_001062,demo_taxi_0017,2024-03-12T08:38:28.000,2024-03-12T09:07:59.000,1771,4.47,,,51.0,34.0,20.35,0.0,0.0,0.74,21.09,Credit Card,Demo Sun Taxi,41.66508879933014,-87.59262114375736,41.85171235970447,-87.63919642962891
demo_trip_001063,,2024-03-06T20:19:50.000,2024-03-06T20:40:26.000,1236,5.7,,,23.0,36.0,15.92,0.0,0.0,0.0,15.92,Cash,Demo Taxi Co,41.907885372220804,-87.71532663779492,41.82135910428399,-87.59679007591514
demo_trip_001064,demo_taxi_0090,2024-03-18T11:36:48.000,2024-03-18T11:43:38.000,410,2.98,,,67.0,46.0,8.03,1.13,0.0,0.0,9.16,Mobile,Demo City Service,41.78135124198628,-87.6701091201028,41.73209604040755,-87.54198857106049
demo_trip_001065,demo_taxi_0046,2024-03-15T13:39:31.000,2024-03-15T13:47:45.000,494,1.95,,,59.0,54.0,8.71,1.02,0.0,2.73,12.46,Credit Card,Demo Globe Taxi,41.830702721113546,-87.68504833173486,41.667299869108724,-87.60342812270265
demo_trip_001066,demo_taxi_0111,2024-03-21T12:51:50.000,2024-03-21T13:21:31.000,1781,9.97,,,34.0,13.0,27.16,0.0,0.0,0.0,27.16,Credit Card,Demo Flash Cab,41.84813015653556,-87.63957651457835,41.9908635577999,-87.71090245761609
demo_trip_001067,demo_taxi_0076,2024-03-18T08:28:20.000,2024-03-18T08:35:22.000,422,153.32503566621133,,,36.0,5.0,4.36839515007102,3.39,0.0,0.0,19.77,Credit Card,Demo City Service,41.827831921196314,-87.603640237083,41.93427406145231,-87.68471049940896
demo_trip_001068,demo_taxi_0040,2024-03-07T18:30:24.000,2024-03-07T18:52:41.000,1337,11.26,,,69.0,48.0,38.84,0.0,0.0,2.57,41.41,Credit Card,Demo Sun Taxi,41.755163683046966,-87.60453375330383,41.730161440861245,-87.56000662644283
demo_trip_001069,demo_taxi_0001,2024-03-05T13:30:50.000,2024-03-05T13:59:39.000,1729,11.08,,,51.0,67.0,50.46,0.0,0.0,0.0,50.46,Credit Card,Demo Sun Taxi,41.7009160069474,-87.57202778876305,41.75799390812893,-87.67169794558407
demo_trip_001070,demo_taxi_0080,2024-03-12T01:06:22.000,2024-03-12T01:43:06.000,2204,14.43,,,69.0,59.0,42.67,0.0,0.0,0.0,42.67,Cash,Demo City Service,41.7657582029559,-87.60062210708833,41.83271292785003,-87.68021054421361
demo_trip_001071,demo_taxi_0025,2024-03-14T22:05:45.000,2024-03-14T22:14:35.000,530,4.7,,,1.0,23.0,12.74,2.23,0.0,0.0,14.97,Credit Card,Demo Taxi Co,42.01026470215026,-87.67752433104906,41.904929121727214,-87.73581325036874
demo_trip_001072,demo_taxi_0090,2024-03-09T19:01:27.000,2024-03-09T19:15:23.000,836,7.27,,,29.0,19.0,22.33,0.0,0.0,0.0,22.33,Credit Card,Demo Sun Taxi,41.859014004461514,-87.72696623258157,41.9218498913831,-87.75024973104671
demo_trip_001073,demo_taxi_0063,2024-03-20T18:39:17.000,2024-03-20T18:48:00.000,523,1.51,,,11.0,69.0,7.29,0.0,0.0,0.0,7.29,Credit Card,Demo Flash Cab,41.99086849820647,-87.77164896532906,41.75524561123941,-87.63598102694742
demo_trip_001074,demo_taxi_0056,2024-03-16T20:25:13.000,2024-03-16T21:00:46.000,2133,12.19,,,35.0,67.0,55.74,0.0,0.0,0.0,55.74,Cash,Demo Globe Taxi,41.828090118289836,-87.62342016943943,41.78735649896219,-87.67045892736623
demo_trip_001075,demo_taxi_0019,2024-03-19T21:51:36.000,2024-03-19T22:16:31.000,1495,5.46,,,75.0,10.0,17.55,3.91,0.0,0.0,21.46,Credit Card,Demo City Service,41.68433844498233,-87.68358633802565,41.998373158899284,-87.7993261590963
demo_trip_001076,demo_taxi_0085,2024-03-06T10:42:28.000,2024-03-06T11:21:50.000,2362,6.72,,,5.0,11.0,20.26,0.0,0.0,0.0,20.26,Cash,Demo City Service,41.94012232471717,-87.68539881837026,41.98150581370615,-87.7634286568238
demo_trip_001077,demo_taxi_0019,2024-03-21T16:08:22.000,2024-03-21T16:12:58.000,276,1.22,,,69.0,11.0,3.53,0.57,0.0,0.0,4.1,Cash,Demo Taxi Co,41.76002846769037,-87.61390907564396,41.97730331671531,-87.77055310899377
demo_trip_001078,demo_taxi_0050,2024-03-08T16:06:44.000,2024-03-08T16:35:51.000,1747,11.88,,,35.0,46.0,36.27,5.09,0.0,0.0,41.36,Credit Card,Demo Sun Taxi,41.82669426838664,-87.62827558674576,41.74469368452806,-87.56469594460745
demo_trip_001079,demo_taxi_0100,2024-03-13T09:21:00.000,2024-03-13T09:25:13.000,253,2.07,,,59.0,48.0,6.24,0.0,0.0,0.0,6.24,Cash,Demo City Service,41.83396976342849,-87.66986336837903,41.72724210718587,-87.56451185132387
demo_trip_001080,demo_taxi_0110,2024-03-13T08:55:05.000,2024-03-13T09:02:07.000,422,3.83,,,48.0,29.0,18.08,3.35,0.0,0.0,21.43,Credit Card,Demo City Service,41.72726065318138,-87.57949850002487,41.86027091485153,-87.73381345161874
demo_trip_001081,demo_taxi_0118,2024-03-21T06:02:57.000,2024-03-21T06:21:54.000,1137,6.13,,,6.0,35.0,15.63,0.0,0.0,0.0,15.63,Cash,Demo Taxi Co,41.942683213270456,-87.67125370805566,41.83599617847619,-87.60980862711158
demo_trip_001082,demo_taxi_0114,2024-03-09T17:11:39.000,2024-03-09T17:28:13.000,994,5.36,,,1.0,13.0,25.19,0.0,0.0,0.0,25.19,Credit Card,Demo Taxi Co,42.00564338365509,-87.67238997289788,41.97904968854794,-87.74809859192119
demo_trip_001083,demo_taxi_0066,2024-03-09T18:01:32.000,2024-03-09T18:18:02.000,990,3.34,,,46.0,54.0,8.7,0.0,0.0,0.0,8.7,Cash,Demo Sun Taxi,41.732029102397235,-87.53286136626596,41.67173811927005,-87.60197556960824
demo_trip_001084,demo_taxi_0024,2024-03-11T18:24:00.000,2024-03-11T18:29:30.000,330,1.22,,,1.0,46.0,5.57,0.0,0.0,0.0,5.57,Cash,Demo Sun Taxi,42.00369160971771,-87.6715880041061,41.74475380969074,-87.55130406810478
demo_trip_001085,demo_taxi_0100,2024-03-11T10:59:35.000,2024-03-11T11:22:44.000,1389,4.15,,,35.0,19.0,14.79,3.32,0.0,0.0,18.11,Cash,Demo Globe Taxi,41.831645953595924,-87.60720639964966,41.92711869627128,-87.7730195728053
demo_trip_001086,demo_taxi_0096,2024-03-07T08:41:26.000,2024-03-07T08:57:02.000,936,0.0,,,59.0,48.0,24.05,3.4,0.0,0.0,27.45,Cash,Demo Sun Taxi,41.83184169061456,-87.68232587887535,41.725422225423806,-87.5641771087307
demo_trip_001087,demo_taxi_0118,2024-03-07T13:29:35.000,2024-03-07T14:09:20.000,2385,7.58,,,69.0,23.0,34.09,4.71,0.0,0.0,38.8,Credit Card,Demo Flash Cab,41.77833476000115,-87.61650589241425,41.91246831215159,-87.7408954106041
demo_trip_001088,demo_taxi_0078,2024-03-08T15:08:02.000,2024-03-08T15:40:14.000,1932,15.26,,,13.0,29.0,47.93,0.0,0.0,0.0,47.93,Cash,Demo Sun Taxi,41.99420462976639,-87.7160095187951,41.85571140590819,-87.71765887282837
demo_trip_001089,demo_taxi_0016,2024-03-13T21:21:33.000,2024-03-13T21:40:38.000,1145,5.27,,,,,24.74,0.0,0.0,0.0,24.74,Credit Card,Demo Sun Taxi,41.73197044690407,-87.55885438778199,41.685276026347125,-87.68169233757745
demo_trip_001090,demo_taxi_0060,2024-03-11T20:31:34.000,2024-03-11T21:02:53.000,1879,11.75,,,36.0,35.0,51.47,6.16,0.0,0.0,57.63,Credit Card,Demo City Service,41.82955357626275,-87.60730674872843,41.83377015153635,-87.61578059554083
demo_trip_001091,demo_taxi_0053,2024-03-12T21:16:17.000,2024-03-12T21:40:35.000,1458,12.78,,,,,63.32,9.33,0.0,0.0,72.65,Credit Card,Demo Flash Cab,41.976158568554524,-87.83599069438783,41.79093395026539,-87.65704458204593
demo_trip_001092,demo_taxi_0101,2024-03-19T19:42:03.000,2024-03-19T20:03:22.000,1279,11.82,,,23.0,29.0,54.13,10.76,0.0,0.0,64.89,Cash,Demo City Service,41.903121445393154,-87.72128838821564,41.86913991057187,-87.69498831114713
demo_trip_001093,demo_taxi_0047,2024-03-09T22:58:58.000,2024-03-09T23:35:58.000,2220,8.93,,,5.0,69.0,27.7,0.0,0.0,0.0,27.7,Cash,Demo City Service,41.937379539598496,-87.68367663493058,41.75714954702536,-87.60613639003647
demo_trip_001094,demo_taxi_0039,2024-03-23T13:12:42.000,2024-03-23T13:37:26.000,1484,13.44,,,36.0,48.0,47.35,5.13,0.0,0.0,52.48,Mobile,Demo Flash Cab,41.817018286532516,-87.60548570358236,41.735863259003374,-87.5856503574964
demo_trip_001095,demo_taxi_0009,2024-03-19T04:15:37.000,2024-03-19T04:36:29.000,1252,5.15,,,75.0,36.0,21.84,0.0,0.0,0.0,21.84,Cash,Demo Taxi Co,41.683893202873044,-87.67702361058083,41.82977227495218,-87.6022443249333
demo_trip_001096,demo_taxi_0100,2024-03-07T06:07:46.000,2024-03-07T06:31:43.000,1437,11.87,,,5.0,48.0,39.05,6.96,0.0,0.0,46.01,Cash,Demo City Service,41.957418026243595,-87.68482984615878,41.72569373828567,-87.55955747459176
demo_trip_001097,demo_taxi_0090,2024-03-10T12:43:40.000,2024-03-10T13:15:34.000,1914,4.47,,,59.0,11.0,17.28,3.17,0.0,0.0,20.45,Mobile,Demo City Service,41.8284445258548,-87.68276966357496,41.99645414515958,-87.77440005904148
demo_trip_001098,demo_taxi_0004,2024-03-07T09:27:08.000,2024-03-07T09:57:34.000,1826,11.39,,,35.0,13.0,35.24,0.0,0.0,0.0,35.24,Credit Card,Demo City Service,41.8447674951863,-87.61340050125695,41.974502660691854,-87.70497612443044
demo_trip_001099,demo_taxi_0052,2024-03-09T07:17:27.000,2024-03-09T07:40:45.000,1398,10.72,,,48.0,5.0,44.57,0.0,0.0,0.0,44.57,Cash,Demo Taxi Co,41.72865223470117,-87.57483044377157,41.948254403862265,-87.69046869159314
demo_trip_001100,demo_taxi_0057,2024-03-11T22:13:53.000,2024-03-11T22:23:25.000,572,4.87,,,48.0,67.0,16.34,2.97,0.0,0.0,19.31,Credit Card,Demo Globe Taxi,41.7295739834643,-87.58320277050672,41.77614047111323,-87.65795250061358
demo_trip_001101,demo_taxi_0056,2024-03-06T08:04:17.000,2024-03-06T08:30:51.000,1594,13.6,,,6.0,6.0,35.88,5.81,0.0,0.0,41.69,Credit Card,Demo Globe Taxi,41.938715936995315,-87.65186555937717,41.936068212806035,-87.67138107024309
demo_trip_001102,demo_taxi_0110,2024-03-04T22:28:58.000,2024-03-04T22:47:54.000,1136,5.07,,,54.0,75.0,24.94,6.1,0.0,2.06,33.1,Dispute,Demo City Service,41.65212751591247,-87.59461574117132,41.683600505976,-87.67570428156057
demo_trip_001103,demo_taxi_0018,2024-03-13T18:40:03.000,2024-03-13T19:17:33.000,2250,19.4,,,46.0,13.0,89.43,0.0,0.0,0.0,89.43,Credit Card,Demo Flash Cab,41.73952817375111,-87.54302435501478,41.97564780448295,-87.72060558788108
demo_trip_001104,demo_taxi_0036,2024-03-18T17:14:19.000,2024-03-18T17:50:55.000,2196,10.21,,,36.0,13.0,33.28,0.0,0.0,2.25,35.53,Mobile,Demo Flash Cab,41.817646873203174,-87.59755522762384,41.98141953373938,-87.7231277044251
demo_trip_001105,demo_taxi_0021,2024-03-10T17:00:21.000,2024-03-10T17:03:22.000,181,0.72,,,10.0,48.0,2.03,0.0,0.0,0.0,2.03,Mobile,Demo City Service,42.000275480976015,-87.80611984330501,41.73111080631398,-87.58397040522395
demo_trip_001106,demo_taxi_0029,2024-03-22T10:28:37.000,2024-03-22T11:08:34.000,2397,5.35,,,35.0,19.0,23.21,0.0,0.0,0.71,23.92,Mobile,Demo Sun Taxi,41.82604439319286,-87.62450195201352,41.92527051397024,-87.75833857703385
demo_trip_001107,demo_taxi_0108,2024-03-11T17:40:10.000,2024-03-11T18:16:30.000,2180,8.7,,,36.0,46.0,26.55,0.0,0.0,0.81,27.36,Cash,Demo Sun Taxi,41.82846635395125,-87.60910941324384,41.740578900017596,-87.56910630242587
demo_trip_001108,demo_taxi_0112,2024-03-22T08:20:13.000,2024-03-22T08:56:46.000,2193,6.82,,,10.0,19.0,27.37,4.48,0.0,0.0,31.85,Cash,Demo Flash Cab,41.99646747682818,-87.79948858478815,41.917173507449085,-87.76434460134882
demo_trip_001109,demo_taxi_0005,2024-03-08T21:15:39.000,2024-03-08T21:37:03.000,1284,0.0,,,1.0,13.0,41.59,5.14,0.0,0.0,46.73,Credit Card,Demo Globe Taxi,42.0088458890833,-87.67951570386923,41.98531055153327,-87.7223958618238
demo_trip_001110,demo_taxi_0075,2024-03-15T09:09:17.000,2024-03-15T09:22:17.000,780,2.58,,,11.0,6.0,8.21,0.94,0.0,0.0,9.15,Credit Card,Demo Globe Taxi,41.969547551390036,-87.78579630562757,41.93354469354248,-87.63277553489351
demo_trip_001111,demo_taxi_0027,2024-03-20T09:44:52.000,2024-03-20T10:10:19.000,1527,10.1,,,54.0,35.0,32.44,0.0,0.0,0.0,32.44,Mobile,Demo Taxi Co,41.65655146075457,-87.59527778042875,41.826233483373166,-87.62437692680822
demo_trip_001112,demo_taxi_0023,2024-03-05T17:51:52.000,2024-03-05T18:27:32.000,2140,6.79,,,51.0,5.0,18.02,4.29,0.0,1.49,23.8,Credit Card,Demo Globe Taxi,41.671620322335166,-87.56317060491814,41.93356355450766,-87.67870462438923
demo_trip_001113,demo_taxi_0035,2024-03-23T17:46:18.000,2024-03-23T18:05:57.000,1179,8.85,,,6.0,48.0,29.2,0.0,0.0,0.0,29.2,Cash,Demo Sun Taxi,41.94796973432262,-87.65399150972964,41.72288954351009,-87.55051312875307
demo_trip_001114,demo_taxi_0023,2024-03-11T13:31:33.000,2024-03-11T14:11:00.000,2367,10.33,,,13.0,69.0,41.25,0.0,0.0,2.06,43.31,Unknown,Demo City Service,41.97826836773875,-87.73350557058986,41.75966234962545,-87.61109742306826
demo_trip_001115,demo_taxi_0058,2024-03-14T16:43:19.000,2024-03-14T16:55:58.000,759,3.44,,,11.0,67.0,9.94,0.0,0.0,0.0,9.94,Credit Card,Demo Sun Taxi,41.976305734191165,-87.7820600119533,41.77377881044355,-87.66755908374556
demo_trip_001116,demo_taxi_0119,2024-03-17T07:23:20.000,2024-03-17T07:57:53.000,2073,14.56,,,75.0,19.0,71.09,0.0,0.0,1.37,72.46,Mobile,Demo Flash Cab,41.68672202079693,-87.67780296643978,41.92631026728195,-87.75374859270381
demo_trip_001117,demo_taxi_0070,2024-03-17T17:01:40.000,2024-03-17T17:07:06.000,326,3.02,,,6.0,6.0,13.0,0.0,0.0,1.75,14.75,Credit Card,Demo Flash Cab,41.94487806290992,-87.6433776732212,41.9537339351473,-87.65563122095362
demo_trip_001118,demo_taxi_0086,2024-03-04T09:22:17.000,2024-03-04T09:22:17.000,0,19.73,,,13.0,48.0,59.38,0.0,0.0,0.0,59.38,Credit Card,Demo Taxi Co,41.98919349677922,-87.7097382525012,41.98919349677922,-87.7097382525012
demo_trip_001119,demo_taxi_0059,2024-03-22T09:42:08.000,2024-03-22T10:20:06.000,2278,11.17,,,46.0,6.0,42.74,0.0,0.0,0.0,42.74,Cash,Demo City Service,41.74598974075637,-87.53434577151066,41.93371923381765,-87.66743237155524
demo_trip_001120,demo_taxi_0001,2024-03-17T07:38:15.000,2024-03-17T08:07:14.000,1739,16.21,,,11.0,6.0,56.39,8.87,0.0,0.0,65.26,Cash,Demo Flash Cab,41.99675537551569,-87.78275535150475,41.95243226423721,-87.64171015952164
demo_trip_001121,demo_taxi_0010,2024-03-24T10:59:55.000,2024-03-24T11:26:00.000,1565,10.66,,,29.0,35.0,36.84,0.0,0.0,0.0,36.84,Cash,Demo Sun Taxi,41.860130807541566,-87.69906395288423,41.831350862915166,-87.6150970609611
demo_trip_001122,demo_taxi_0032,2024-03-13T10:59:15.000,2024-03-13T10:59:15.000,0,9.86,,,29.0,36.0,38.45,0.0,0.0,0.0,38.45,Credit Card,Demo Taxi Co,41.84997617477095,-87.73138672721444,41.84997617477095,-87.73138672721444
demo_trip_001123,demo_taxi_0029,2024-03-16T13:14:21.000,2024-03-16T13:49:40.000,2119,5.15,,,54.0,48.0,14.27,0.0,0.0,0.0,14.27,Credit Card,Demo City Service,41.66191006741884,-87.59455176271351,41.735772374559325,-87.56657509620932
demo_trip_001124,demo_taxi_0100,2024-03-13T08:00:37.000,2024-03-13T08:08:18.000,461,1.14,,,11.0,11.0,3.46,0.0,0.0,0.0,3.46,Mobile,Demo Globe Taxi,41.97870020968211,-87.76409961708711,41.97075877600802,-87.75963870366797
demo_trip_001125,demo_taxi_0101,2024-03-22T08:16:06.000,2024-03-22T08:29:51.000,825,2.29,,,11.0,11.0,6.58,0.68,0.0,0.0,7.26,Cash,Demo Sun Taxi,41.97319957695568,-87.76986781178795,41.97490686927536,-87.77063915027524
demo_trip_001126,demo_taxi_0102,2024-03-21T15:52:16.000,2024-03-21T16:00:07.000,471,3.89,,,69.0,36.0,11.42,0.0,0.0,0.0,11.42,Cash,Demo Sun Taxi,41.75316351464919,-87.6324812120335,41.82572388691194,-87.6067264438674
demo_trip_001127,demo_taxi_0076,2024-03-23T07:48:10.000,2024-03-23T08:01:27.000,797,2.6,,,35.0,51.0,10.76,2.14,0.0,0.0,12.9,Credit Card,Demo City Service,41.83592485178295,-87.60762113098858,41.68022148931352,-87.58722133484441
demo_trip_001128,demo_taxi_0066,2024-03-14T17:05:55.000,2024-03-14T17:28:16.000,1341,4.76,,,75.0,36.0,23.75,0.0,0.0,0.99,24.74,No Charge,Demo Flash Cab,41.69371016413257,-87.64499399412706,41.82319170668115,-87.59915460210385
demo_trip_001129,demo_taxi_0077,2024-03-20T21:09:55.000,2024-03-20T21:25:20.000,925,6.12,,,51.0,48.0,25.26,0.0,0.0,0.0,25.26,Mobile,Demo Taxi Co,41.692111789700355,-87.55599910217121,41.73400188037288,-87.58974433693105
demo_trip_001130,demo_taxi_0048,2024-03-11T12:33:45.000,2024-03-11T12:52:18.000,1113,10.47,,,35.0,23.0,51.95,0.0,0.0,0.0,51.95,Cash,Demo Sun Taxi,41.82633641365509,-87.61221785055022,41.90201728830631,-87.7390645597093
demo_trip_001131,demo_taxi_0080,2024-03-13T20:39:14.000,2024-03-13T20:50:46.000,692,4.48,,,13.0,6.0,17.66,2.17,0.0,0.0,19.83,Credit Card,Demo Sun Taxi,41.97589851644589,-87.71134388486772,41.950971248390424,-87.6494796407407
demo_trip_001132,demo_taxi_0095,2024-03-19T06:58:36.000,2024-03-19T07:14:39.000,963,7.43,,,59.0,35.0,23.84,0.0,0.0,0.0,23.84,Unknown,Demo Sun Taxi,41.823520825486916,-87.68330808841091,41.82420176886501,-87.62136098416845
demo_trip_001133,demo_taxi_0091,2024-03-05T04:45:39.000,2024-03-05T05:07:04.000,1285,4.66,,,75.0,5.0,21.81,5.37,0.0,0.0,27.18,Mobile,Demo City Service,41.69603613809894,-87.65714948251086,41.95945136742576,-87.67596252924136
demo_trip_001134,demo_taxi_0073,2024-03-18T18:12:52.000,2024-03-18T18:23:46.000,654,5.94,,,34.0,13.0,15.85,2.55,0.0,0.0,18.4,Cash,Demo Flash Cab,41.842060298631,-87.63624278595144,41.97990755780971,-87.72257256298276
demo_trip_001135,demo_taxi_0006,2024-03-04T18:02:09.000,2024-03-04T18:39:47.000,2258,5.96,,,69.0,19.0,16.43,2.23,0.0,0.0,18.66,Cash,Demo Flash Cab,41.75845597986967,-87.62379762376982,41.91812026781818,-87.7817482431035
demo_trip_001136,demo_taxi_0086,2024-03-16T19:38:44.000,2024-03-16T20:14:55.000,2171,9.43,,,19.0,11.0,45.92,0.0,0.0,1.91,47.83,Credit Card,Demo Sun Taxi,41.93512391798883,-87.75343524214288,41.97746015067523,-87.78167174663486
demo_trip_001137,demo_taxi_0043,2024-03-14T05:33:11.000,2024-03-14T06:08:35.000,2124,11.95,,,19.0,35.0,49.3,6.45,0.0,0.0,55.75,Credit Card,Demo Flash Cab,41.92074121526121,-87.77488885787808,41.842120281635204,-87.62231528196256
demo_trip_001138,demo_taxi_0089,2024-03-13T18:55:34.000,2024-03-13T18:58:37.000,183,0.72,,,34.0,51.0,3.47,0.76,0.0,0.0,4.23,Cash,Demo Sun Taxi,41.83235724786576,-87.63211303344013,41.68684240474528,-87.57234042003618
demo_trip_001139,demo_taxi_0064,2024-03-14T11:34:52.000,2024-03-14T11:56:11.000,1279,9.21,,,6.0,23.0,26.08,0.0,0.0,0.0,26.08,Cash,Demo Globe Taxi,41.9482537545811,-87.64391831900627,41.91068328352661,-87.73414224344054
demo_trip_001140,demo_taxi_0105,2024-03-14T10:30:03.000,2024-03-14T11:02:28.000,1945,14.22,,,48.0,11.0,62.86,0.0,0.0,0.0,62.86,Cash,Demo City Service,41.72387978444275,-87.57710387077167,41.97473742255798,-87.786074765242
demo_trip_001141,demo_taxi_0040,2024-03-12T07:18:08.000,2024-03-12T07:34:02.000,954,3.64,,,13.0,13.0,11.24,0.0,0.0,2.79,14.03,Mobile,Demo Sun Taxi,41.972388388792446,-87.71510895846994,41.98976840123332,-87.72077708746994
demo_trip_001142,demo_taxi_0111,2024-03-13T23:05:48.000,2024-03-13T23:17:22.000,694,1.59,,,5.0,11.0,5.34,0.0,0.0,0.0,5.34,Cash,Demo Globe Taxi,41.932383899190114,-87.67574704742496,41.97982924953621,-87.75966603186669
demo_trip_001143,demo_taxi_0101,2024-03-15T05:52:01.000,2024-03-15T06:17:38.000,1537,0.0,,,69.0,35.0,20.27,3.0,0.0,0.0,23.27,Mobile,Demo Taxi Co,41.76448688445753,-87.6163462487155,41.8300425446293,-87.62051279409978
demo_trip_001144,demo_taxi_0039,2024-03-20T19:49:41.000,2024-03-20T19:52:46.000,185,0.41,,,6.0,19.0,1.45,0.0,0.0,0.0,1.45,Credit Card,Demo Globe Taxi,41.94082989421783,-87.64554766012164,41.922611115356375,-87.76268614358361
demo_trip_001145,demo_taxi_0057,2024-03-15T17:09:30.000,2024-03-15T17:35:09.000,1539,13.87,,,19.0,36.0,57.93,7.05,0.0,0.0,64.98,Dispute,Demo Taxi Co,41.93225123584234,-87.74757915673092,41.817059574316424,-87.60590771293765
demo_trip_001146,demo_taxi_0063,2024-03-17T18:42:20.000,2024-03-17T19:02:02.000,1182,8.14,,,48.0,46.0,38.41,0.0,0.0,0.0,38.41,Credit Card,Demo Sun Taxi,41.72781947255737,-87.57387515212584,41.741519455734604,-87.54065712815128
demo_trip_001147,demo_taxi_0092,2024-03-21T17:21:51.000,2024-03-21T17:50:08.000,1697,5.53,,,19.0,54.0,25.86,6.44,0.0,0.0,32.3,Credit Card,Demo Taxi Co,41.932818944727366,-87.75043678047311,41.64862457352881,-87.5926023077637
demo_trip_001148,demo_taxi_0082,2024-03-24T20:26:50.000,2024-03-24T20:55:05.000,1695,4.94,,,54.0,5.0,12.46,0.0,0.0,0.0,12.46,Cash,Demo Globe Taxi,41.65879513426214,-87.60358260570166,41.93955602054512,-87.6778513206467
demo_trip_001149,demo_taxi_0102,2024-03-06T08:50:19.000,2024-03-06T09:13:08.000,1369,11.44,,,51.0,5.0,33.12,0.0,0.0,0.0,33.12,Credit Card,Demo Flash Cab,41.71389300509988,-87.55424238409726,41.939007229703634,-87.67438185751448
demo_trip_001150,demo_taxi_0044,2024-03-18T00:50:00.000,2024-03-18T01:14:35.000,1475,12.25,,,46.0,35.0,58.76,0.0,0.0,0.0,58.76,Credit Card,Demo Taxi Co,41.743004761084,-87.54748307597279,41.83570304264416,-87.61291724127797
demo_trip_001151,demo_taxi_0060,2024-03-08T16:11:07.000,2024-03-08T16:15:06.000,239,2.19,,,19.0,23.0,8.55,1.0,0.0,0.0,9.55,Cash,Demo City Service,41.93136696763366,-87.78464277789725,41.897295304377245,-87.7342783315728
demo_trip_001152,demo_taxi_0051,2024-03-08T11:18:06.000,2024-03-08T11:57:24.000,2358,8.06,,,1.0,69.0,29.83,0.0,0.0,0.0,29.83,Credit Card,Demo Sun Taxi,42.010981811574496,-87.67622508532943,41.75761490067435,-87.60255310093564
demo_trip_001153,demo_taxi_0109,2024-03-20T07:49:58.000,2024-03-20T07:55:46.000,348,2.14,,,51.0,35.0,5.7,0.6,0.0,0.0,6.3,Mobile,Demo City Service,41.715513838190866,-87.54488613976353,41.8373242709227,-87.6128802415917
demo_trip_001154,demo_taxi_0036,2024-03-05T08:55:35.000,2024-03-05T09:34:43.000,2348,7.36,,,35.0,13.0,18.86,0.0,0.0,0.0,18.86,Credit Card,Demo Taxi Co,41.83992078233858,-87.62360817720011,41.988570143360825,-87.72744112720856
demo_trip_001155,demo_taxi_0070,2024-03-21T10:04:40.000,2024-03-21T10:43:41.000,2341,19.17,,,34.0,5.0,93.62,15.24,0.0,0.0,108.86,Credit Card,Demo Flash Cab,41.83602594620349,-87.63352199711066,41.95036347056702,-87.6793812013978
demo_trip_001156,demo_taxi_0014,2024-03-20T05:50:13.000,2024-03-20T06:19:46.000,1773,9.43,,,51.0,59.0,34.75,0.0,0.0,0.0,34.75,Credit Card,Demo Flash Cab,41.68465679210554,-87.57006572823828,41.832728026092184,-87.66990168822302
demo_trip_001157,demo_taxi_0102,2024-03-24T05:29:51.000,2024-03-24T06:00:27.000,1836,13.66,,,23.0,5.0,61.01,0.0,0.0,0.0,61.01,Cash,Demo City Service,41.90139403231871,-87.71555085655216,41.95000315227289,-87.69310886527241
demo_trip_001158,demo_taxi_0046,2024-03-18T21:35:43.000,2024-03-18T21:39:49.000,246,0.6,,,5.0,10.0,1.83,0.0,0.0,0.0,1.83,Credit Card,Demo Sun Taxi,41.95018610624748,-87.68580775120645,41.97701258958017,-87.80463319259204
demo_trip_001159,demo_taxi_0040,2024-03-22T10:04:45.000,2024-03-22T10:42:50.000,2285,18.41,,,23.0,54.0,56.94,0.0,0.0,0.0,56.94,Credit Card,Demo Taxi Co,41.89103450773741,-87.71228414686874,41.647606760423834,-87.58764887213441
demo_trip_001160,demo_taxi_0069,2024-03-06T23:40:28.000,2024-03-07T00:03:00.000,1352,5.33,,,54.0,11.0,20.79,0.0,0.0,0.0,20.79,Credit Card,Demo City Service,41.65928863970244,-87.60918046160585,41.97540080131746,-87.76998342517717
demo_trip_001161,demo_taxi_0059,2024-03-22T22:40:41.000,2024-03-22T22:56:14.000,933,7.97,,,10.0,48.0,37.38,3.99,0.0,0.0,41.37,Credit Card,Demo Taxi Co,41.98320613638851,-87.77863863231457,41.73665587093529,-87.57273641595312
demo_trip_001162,demo_taxi_0101,2024-03-07T07:39:32.000,2024-03-07T08:07:19.000,1667,6.03,,,35.0,13.0,19.43,0.0,0.0,0.0,19.43,Cash,Demo City Service,41.83624107769193,-87.62369158247283,41.988339941430354,-87.73316750763207
demo_trip_001163,demo_taxi_0063,2024-03-10T17:47:23.000,2024-03-10T18:10:10.000,1367,11.14,,,19.0,10.0,37.01,0.0,0.0,0.0,37.01,Cash,Demo Taxi Co,41.93368866733656,-87.74635378156523,41.97661474262666,-87.79847767805498
demo_trip_001164,demo_taxi_0062,2024-03-06T16:56:35.000,2024-03-06T17:12:57.000,982,3.17,,,19.0,75.0,12.29,0.0,0.0,0.0,12.29,Credit Card,Demo City Service,41.93198294251786,-87.78702096275468,41.68418701314617,-87.66421820390619
demo_trip_001165,demo_taxi_0012,2024-03-12T17:50:19.000,2024-03-12T18:05:13.000,894,6.43,,,59.0,1.0,16.72,2.6,0.0,0.0,19.32,Credit Card,Demo Flash Cab,41.832658427995334,-87.6632907998658,42.00466596204663,-87.6663004326699
demo_trip_001166,demo_taxi_0002,2024-03-19T06:44:57.000,2024-03-19T06:52:19.000,442,3.57,,,46.0,35.0,12.31,0.0,0.0,0.0,12.31,Mobile,Demo Sun Taxi,41.748933748167715,-87.53732263743655,41.84189905240993,-87.61975727512203
demo_trip_001167,demo_taxi_0047,2024-03-09T08:58:43.000,2024-03-09T09:35:20.000,2197,11.25,,,1.0,34.0,43.77,0.0,0.0,1.73,45.5,Credit Card,Demo Taxi Co,41.999202450351156,-87.65930694670985,41.83844843244361,-87.63462812519481
demo_trip_001168,demo_taxi_0119,2024-03-21T06:40:44.000,2024-03-21T07:08:22.000,1658,6.72,,,67.0,51.0,16.88,0.0,0.0,0.0,16.88,No Charge,Demo Sun Taxi,41.78858010138288,-87.66865797706377,41.685268091602154,-87.55012386960091
demo_trip_001169,demo_taxi_0110,2024-03-16T16:40:43.000,2024-03-16T16:54:21.000,818,3.93,,,29.0,75.0,16.09,0.0,0.0,0.0,16.09,Credit Card,Demo Taxi Co,41.86325553925863,-87.7210874093884,41.696728097845416,-87.64524069926256
demo_trip_001170,demo_taxi_0075,2024-03-17T23:32:26.000,2024-03-18T00:02:11.000,1785,218.45502716650054,,,59.0,23.0,3.167619112898774,0.0,0.0,0.0,20.86,Dispute,Demo Taxi Co,41.828548939133825,-87.66898497966156,41.89737030604321,-87.72042338643793
demo_trip_001171,demo_taxi_0075,2024-03-23T17:46:57.000,2024-03-23T18:15:37.000,1720,11.99,,,48.0,54.0,51.56,7.13,0.0,0.0,58.69,Credit Card,Demo City Service,41.73212483100236,-87.58161825790515,41.654618592883786,-87.61252149099707
demo_trip_001172,demo_taxi_0046,2024-03-13T17:04:12.000,2024-03-13T17:12:22.000,490,1.25,,,75.0,5.0,5.63,0.0,0.0,0.0,5.63,Cash,Demo Flash Cab,41.69632992300409,-87.68873250915499,41.95451449120571,-87.69342499313281
demo_trip_001173,demo_taxi_0021,2024-03-11T23:30:34.000,2024-03-11T23:40:02.000,568,1.44,,,5.0,11.0,6.62,1.22,0.0,0.0,7.84,Credit Card,Demo Flash Cab,41.935495399344966,-87.68331070435752,41.973232251501706,-87.76273581144044
demo_trip_001174,demo_taxi_0001,2024-03-24T17:25:04.000,2024-03-24T17:36:36.000,692,3.03,,,5.0,19.0,12.68,0.0,0.0,0.0,12.68,No Charge,Demo City Service,41.94485889695826,-87.68032280697017,41.93299837224318,-87.76422945924263
demo_trip_001175,demo_taxi_0040,2024-03-15T03:54:17.000,2024-03-15T04:01:10.000,413,1.78,,,23.0,23.0,6.95,1.18,0.0,0.0,8.13,Credit Card,Demo Globe Taxi,41.91290638068807,-87.73123913074012,41.89248248010962,-87.69421013680866
demo_trip_001176,demo_taxi_0037,2024-03-16T20:04:34.000,2024-03-16T20:38:00.000,2006,7.12,,,6.0,59.0,23.27,0.0,0.0,0.0,23.27,Cash,Demo Globe Taxi,41.949712643714186,-87.64263382757063,41.82856716158004,-87.67791399087352
demo_trip_001177,demo_taxi_0022,2024-03-10T11:38:29.000,2024-03-10T11:47:14.000,525,3.99,,,6.0,19.0,14.21,1.87,0.0,0.0,16.08,Credit Card,Demo Flash Cab,41.93789199966012,-87.65474928190305,41.917307144724255,-87.7598742195993
demo_trip_001178,,2024-03-08T00:11:56.000,2024-03-08T00:44:57.000,1981,4.76,,,67.0,67.0,12.94,2.1,0.0,0.0,15.04,Cash,Demo Globe Taxi,41.77341642294297,-87.67572344145637,41.78615065686566,-87.67469280609309
demo_trip_001179,demo_taxi_0002,2024-03-07T14:53:36.000,2024-03-07T15:16:11.000,1355,12.4,,,69.0,51.0,52.92,0.0,0.0,0.0,52.92,Cash,Demo Flash Cab,41.77454121457064,-87.61810379406491,41.669543716909274,-87.56954729332807
demo_trip_001180,demo_taxi_0072,2024-03-08T21:51:24.000,2024-03-08T21:58:43.000,439,3.47,,,13.0,5.0,8.89,1.6,0.0,0.0,10.49,Cash,Demo Flash Cab,41.98698270914753,-87.72871000849472,41.93616895122468,-87.68773105433372
demo_trip_001181,demo_taxi_0111,2024-03-08T09:14:25.000,2024-03-08T09:48:39.000,2054,10.77,,,48.0,54.0,38.06,9.37,0.0,0.0,47.43,Cash,Demo Taxi Co,41.73576542471262,-87.57932743280033,41.661244086593,-87.60510542519266
demo_trip_001182,demo_taxi_0082,2024-03-19T14:52:36.000,2024-03-19T15:02:01.000,565,4.9,,,59.0,19.0,18.45,0.0,0.0,1.65,20.1,Cash,Demo City Service,41.82405115729167,-87.66219050991425,41.936082748174464,-87.74718830937425
demo_trip_001183,demo_taxi_0053,2024-03-05T07:29:47.000,2024-03-05T08:09:45.000,2398,16.45,,,13.0,35.0,67.86,0.0,0.0,0.0,67.86,Cash,Demo Taxi Co,41.977434914040025,-87.7334827500789,41.84154087492043,-87.62741146944623
demo_trip_001184,demo_taxi_0050,2024-03-17T05:58:16.000,2024-03-17T06:01:47.000,211,1.37,,,51.0,35.0,4.6,1.04,0.0,0.0,5.64,Credit Card,Demo Taxi Co,41.69510475421295,-87.56223679913576,41.83187071470228,-87.6132500686134
demo_trip_001185,demo_taxi_0036,2024-03-23T06:43:35.000,2024-03-23T06:43:35.000,0,7.14,,,51.0,10.0,25.75,0.0,0.0,2.01,27.76,Credit Card,Demo Taxi Co,41.7085848402057,-87.57236812811203,41.7085848402057,-87.57236812811203
demo_trip_001186,demo_taxi_0017,2024-03-20T18:02:34.000,2024-03-20T18:17:10.000,876,0.0,,,67.0,5.0,25.0,5.4,0.0,0.0,30.4,Cash,Demo Globe Taxi,41.77161785917942,-87.6710921624435,41.95192269851138,-87.69371971244887
demo_trip_001187,demo_taxi_0071,2024-03-12T20:12:00.000,2024-03-12T20:34:44.000,1364,4.46,,,,,21.44,0.0,0.0,0.0,21.44,Credit Card,Demo Sun Taxi,41.97579890934009,-87.79097081148993,41.99585634677668,-87.80202923360416
demo_trip_001188,demo_taxi_0067,2024-03-05T07:24:54.000,2024-03-05T07:58:58.000,2044,12.59,,,23.0,46.0,52.63,12.79,0.0,0.0,65.42,Cash,Demo City Service,41.89328327097425,-87.7357960530508,41.73995151047857,-87.54962488641624
demo_trip_001189,demo_taxi_0000,2024-03-21T09:12:34.000,2024-03-21T09:44:40.000,1926,5.96,,,23.0,19.0,18.69,0.0,0.0,0.0,18.69,Credit Card,Demo City Service,41.89400078913308,-87.72033997395957,41.92413711281434,-87.7602810459926
demo_trip_001190,demo_taxi_0049,2024-03-04T08:07:14.000,2024-03-04T08:20:38.000,804,4.47,,,34.0,35.0,20.64,0.0,0.0,0.85,21.49,No Charge,Demo Globe Taxi,41.84652911340273,-87.6304150035933,41.84527605646202,-87.62468845506446
demo_trip_001191,demo_taxi_0033,2024-03-18T02:58:38.000,2024-03-18T03:03:59.000,321,2.2,,,67.0,6.0,5.8,0.0,0.0,1.34,7.14,Cash,Demo Globe Taxi,41.76763678626644,-87.66894483279098,41.94216322329245,-87.65638934831323
demo_trip_001192,demo_taxi_0020,2024-03-18T15:52:40.000,2024-03-18T16:06:09.000,809,2.74,,,34.0,13.0,8.72,0.0,0.0,0.0,8.72,Cash,Demo Sun Taxi,41.826665718428956,-87.63323745900004,41.97560654984267,-87.72324108435399
demo_trip_001193,demo_taxi_0084,2024-03-08T17:26:54.000,2024-03-08T17:59:50.000,1976,7.68,,,46.0,48.0,21.28,0.0,0.0,0.0,21.28,Mobile,Demo Globe Taxi,41.73553562103229,-87.54658935568872,41.72966097349982,-87.55979422699247
demo_trip_001194,demo_taxi_0063,2024-03-19T17:12:02.000,2024-03-19T17:34:06.000,1324,11.02,,,6.0,69.0,39.87,0.0,0.0,0.0,39.87,Cash,Demo Taxi Co,41.93245236742196,-87.66997694775361,41.76179529954031,-87.59636840586555
demo_trip_001195,demo_taxi_0076,2024-03-07T12:10:24.000,2024-03-07T12:41:27.000,1863,7.71,,,48.0,59.0,31.55,6.46,0.0,0.0,38.01,Credit Card,Demo Globe Taxi,41.733948098580875,-87.58387885347226,41.83060842224491,-87.68300755123536
demo_trip_001196,demo_taxi_0085,2024-03-08T15:54:10.000,2024-03-08T16:15:28.000,1278,3.76,,,51.0,69.0,14.39,3.14,0.0,0.0,17.53,Credit Card,Demo Globe Taxi,41.66853702334786,-87.55069566027822,41.75841126114199,-87.61386368017186
demo_trip_001197,,2024-03-21T06:19:34.000,2024-03-21T06:42:09.000,1355,6.37,,,,,28.84,0.0,0.0,0.0,28.84,Cash,Demo Taxi Co,41.81894678705871,-87.60572499249449,41.666485596283536,-87.59133796990643
demo_trip_001198,demo_taxi_0096,2024-03-24T07:00:30.000,2024-03-24T07:05:53.000,323,2.98,,,36.0,51.0,11.68,2.75,0.0,0.0,14.43,Credit Card,Demo Taxi Co,41.820294787206024,-87.6067552617556,41.69205147263872,-87.59775995888779
demo_trip_001199,demo_taxi_0074,2024-03-09T21:23:28.000,2024-03-09T21:27:19.000,231,1.72,,,54.0,75.0,5.3,0.58,0.0,0.0,5.88,Credit Card,Demo City Service,41.685316472737625,-87.6115418263733,41.68573351535182,-87.65824818302531
demo_trip_001200,demo_taxi_0105,2024-03-23T18:27:58.000,2024-03-23T18:56:59.000,1741,11.38,,,75.0,5.0,43.71,6.11,0.0,0.0,49.82,Credit Card,Demo Flash Cab,41.69185329758804,-87.67870412887278,41.947930944291535,-87.696035397023
demo_trip_001201,demo_taxi_0057,2024-03-23T21:37:31.000,2024-03-23T21:47:59.000,628,5.35,,,5.0,23.0,23.21,5.16,0.0,0.0,28.37,Credit Card,Demo Taxi Co,41.94728809027393,-87.68092672890569,41.90361986164054,-87.72885042404181
demo_trip_001202,demo_taxi_0118,2024-03-20T21:20:24.000,2024-03-20T21:36:44.000,980,7.03,,,10.0,11.0,26.41,3.37,0.0,1.11,30.89,Credit Card,Demo Flash Cab,41.9859916975463,-87.80798636421872,41.987467619263036,-87.77565397589875
demo_trip_001203,demo_taxi_0091,2024-03-06T17:55:04.000,2024-03-06T18:11:44.000,1000,8.31,,,11.0,23.0,29.96,0.0,0.0,0.0,29.96,Credit Card,Demo Flash Cab,41.96987638675707,-87.76225990781043,41.893155481415825,-87.69456840125328
demo_trip_001204,demo_taxi_0078,2024-03-10T21:38:17.000,2024-03-10T22:04:42.000,1585,11.33,,,23.0,5.0,43.31,0.0,0.0,2.32,45.63,Credit Card,Demo Sun Taxi,41.90371246909548,-87.72121931580877,41.95207888960672,-87.67770392080165
demo_trip_001205,demo_taxi_0108,2024-03-18T12:59:53.000,2024-03-18T13:37:42.000,2269,19.75,,,48.0,69.0,76.44,18.11,0.0,0.0,94.55,Cash,Demo Globe Taxi,41.72523987515609,-87.56603215666816,41.77971341120632,-87.62017566900275
demo_trip_001206,demo_taxi_0061,2024-03-24T00:22:27.000,2024-03-24T00:53:29.000,1862,12.85,,,54.0,51.0,42.1,0.0,0.0,0.0,42.1,Credit Card,Demo Flash Cab,41.65914101840673,-87.59586808923711,41.71040306165999,-87.54468260184122
demo_trip_001207,demo_taxi_0086,2024-03-21T05:39:54.000,2024-03-21T06:06:31.000,1597,6.72,,,1.0,75.0,31.15,3.93,0.0,2.03,37.11,Credit Card,Demo Globe Taxi,42.01887560335063,-87.67445234751762,41.69551638875483,-87.66598919859837
demo_trip_001208,demo_taxi_0034,2024-03-12T06:21:31.000,2024-03-12T06:55:24.000,2033,5.14,,,10.0,51.0,15.52,0.0,0.0,0.0,15.52,Mobile,Demo Taxi Co,41.98656285226607,-87.81181375900414,41.66851136893619,-87.59023413990714
demo_trip_001209,demo_taxi_0115,2024-03-08T06:41:32.000,2024-03-08T07:03:24.000,1312,3.95,,,59.0,6.0,10.2,0.0,0.0,0.0,10.2,Cash,Demo City Service,41.83202516186086,-87.66981148675592,41.93769758528908,-87.66688534228416
demo_trip_001210,demo_taxi_0074,2024-03-24T11:44:25.000,2024-03-24T11:52:47.000,502,3.04,,,36.0,5.0,13.24,0.0,0.0,0.0,13.24,Mobile,Demo Taxi Co,41.82553730143015,-87.6082613694831,41.94197015544322,-87.68481777917727
demo_trip_001211,demo_taxi_0093,2024-03-09T17:19:33.000,2024-03-09T17:40:37.000,1264,12.02,,,11.0,23.0,55.36,0.0,0.0,0.0,55.36,Unknown,Demo Taxi Co,41.987126732017245,-87.77617410816322,41.90865553143185,-87.71985363346643
demo_trip_001212,demo_taxi_0055,2024-03-11T18:56:04.000,2024-03-11T19:35:14.000,2350,18.61,,,19.0,13.0,76.43,0.0,0.0,0.0,76.43,Cash,Demo Taxi Co,41.92432604247572,-87.75260420060928,41.981686169114944,-87.72208575312813
demo_trip_001213,demo_taxi_0104,2024-03-24T16:51:03.000,2024-03-24T17:22:54.000,1911,15.36,,,6.0,34.0,56.41,0.0,0.0,0.0,56.41,Cash,Demo Flash Cab,41.943702195978645,-87.66085187630117,41.848844712270115,-87.64194985760257
demo_trip_001214,demo_taxi_0008,2024-03-15T07:53:28.000,2024-03-15T08:09:24.000,956,6.88,,,11.0,11.0,33.97,3.66,0.0,0.0,37.63,Credit Card,Demo City Service,41.98713828688383,-87.76249496951199,41.97424919290521,-87.78049487117185
demo_trip_001215,demo_taxi_0013,2024-03-09T18:13:35.000,2024-03-09T18:28:33.000,898,8.08,,,46.0,36.0,27.69,0.0,0.0,1.19,28.88,Cash,Demo Flash Cab,41.75157363621339,-87.54269214354248,41.82354651971099,-87.60565412896845
demo_trip_001216,demo_taxi_0060,2024-03-04T11:43:33.000,2024-03-04T12:20:30.000,2217,17.16,,,69.0,54.0,60.31,0.0,0.0,0.0,60.31,Cash,Demo City Service,41.77246765615083,-87.61808846664741,41.66463624318309,-87.59563418023507
demo_trip_001217,demo_taxi_0087,2024-03-13T01:06:25.000,2024-03-13T01:12:54.000,389,1.62,,,11.0,67.0,6.44,0.0,0.0,0.0,6.44,Cash,Demo Taxi Co,41.98662213476173,-87.77239204972791,41.767343505387345,-87.6695314455715
demo_trip_001218,demo_taxi_0097,2024-03-24T09:06:17.000,2024-03-24T09:43:47.000,2250,13.43,,,67.0,34.0,48.03,0.0,0.0,0.0,48.03,Credit Card,Demo Flash Cab,41.7860127704442,-87.66744942413554,41.83446099346379,-87.63329594879448
demo_trip_001219,demo_taxi_0052,2024-03-13T10:58:42.000,2024-03-13T11:26:45.000,1683,8.84,,,5.0,6.0,34.37,8.21,0.0,0.0,42.58,No Charge,Demo Globe Taxi,41.959925672914764,-87.68989396662576,41.947246167904176,-87.64636647359961
demo_trip_001220,demo_taxi_0077,2024-03-18T09:09:36.000,2024-03-18T09:42:29.000,1973,6.83,,,29.0,51.0,33.58,0.0,0.0,2.8,36.38,Credit Card,Demo Flash Cab,41.85484155202889,-87.7136055680905,41.686450689383776,-87.54644985581014
demo_trip_001221,demo_taxi_0066,2024-03-09T19:51:02.000,2024-03-09T20:06:12.000,910,3.54,,,59.0,34.0,10.95,0.0,0.0,0.0,10.95,Cash,Demo Globe Taxi,41.830234204908045,-87.67478063575412,41.85412389741177,-87.63756198386208
demo_trip_001222,demo_taxi_0115,2024-03-20T18:25:27.000,2024-03-20T18:52:26.000,1619,7.06,,,51.0,36.0,20.27,2.93,0.0,0.0,23.2,Unknown,Demo Globe Taxi,41.72145051527118,-87.55007883063085,41.82334999661128,-87.600240960531
demo_trip_001223,demo_taxi_0078,2024-03-20T17:18:42.000,2024-03-20T17:33:44.000,902,3.18,,,48.0,59.0,11.32,0.0,0.0,0.0,11.32,Mobile,Demo Taxi Co,41.72651423350742,-87.58546223970804,41.826903133311006,-87.67923583173791
demo_trip_001224,demo_taxi_0050,2024-03-16T07:04:47.000,2024-03-16T07:08:25.000,218,0.84,,,51.0,36.0,3.16,0.0,0.0,0.0,3.16,Credit Card,Demo Sun Taxi,41.70163158819367,-87.56632051380235,41.82088069404242,-87.59621776305698
demo_trip_001225,demo_taxi_0116,2024-03-20T19:40:17.000,2024-03-20T20:00:06.000,1189,10.81,,,69.0,13.0,46.3,0.0,0.0,0.0,46.3,Credit Card,Demo City Service,41.75925390249553,-87.63034150225938,41.995269786240854,-87.72663422952903
demo_trip_001226,demo_taxi_0012,2024-03-16T17:43:55.000,2024-03-16T18:23:10.000,2355,11.3,,,1.0,54.0,55.23,0.0,0.0,0.0,55.23,Cash,Demo City Service,42.019176163610425,-87.67541940970672,41.677679312255115,-87.60556686697038
demo_trip_001227,demo_taxi_0118,2024-03-11T08:28:39.000,2024-03-11T08:40:37.000,718,6.05,,,11.0,51.0,25.54,5.88,0.0,0.0,31.42,Cash,Demo City Service,41.98341923727863,-87.7621101400455,41.69004302812159,-87.55880504079619
demo_trip_001228,demo_taxi_0018,2024-03-19T17:48:26.000,2024-03-19T17:57:25.000,539,1.46,,,1.0,48.0,7.25,0.0,0.0,0.0,7.25,Credit Card,Demo Taxi Co,42.017557193309905,-87.67292021218168,41.7284850459049,-87.55454540240419
demo_trip_001229,demo_taxi_0034,2024-03-21T14:19:37.000,2024-03-21T14:56:43.000,2226,21.34,,,23.0,51.0,66.49,16.59,0.0,0.0,83.08,Cash,Demo Flash Cab,41.90095707667928,-87.7311314072616,41.673561638868705,-87.569406927058
demo_trip_001230,demo_taxi_0098,2024-03-21T13:33:52.000,2024-03-21T14:10:32.000,2200,17.51,,,59.0,6.0,52.92,0.0,0.0,0.0,52.92,Mobile,Demo Flash Cab,41.82983102153415,-87.68374582044964,41.95208920586842,-87.64691185261594
demo_trip_001231,demo_taxi_0088,2024-03-08T06:17:13.000,2024-03-08T06:51:33.000,2060,18.59,,,11.0,10.0,60.72,6.37,0.0,0.0,67.09,Credit Card,Demo City Service,41.96997798207092,-87.7696016985231,41.98779019112675,-87.80782433013242
demo_trip_001232,demo_taxi_0116,2024-03-18T14:34:09.000,2024-03-18T15:13:16.000,2347,14.47,,,67.0,67.0,64.65,0.0,0.0,0.0,64.65,Credit Card,Demo Flash Cab,41.78144508169512,-87.66776374446538,41.77087276443413,-87.67392371614608
demo_trip_001233,demo_taxi_0089,2024-03-04T06:08:26.000,2024-03-04T06:48:06.000,2380,16.62,,,51.0,48.0,49.3,0.0,0.0,1.46,50.76,Cash,Demo Globe Taxi,41.662680693040144,-87.5652424973961,41.72315882989937,-87.56047909153969
demo_trip_001234,demo_taxi_0076,2024-03-16T07:28:05.000,2024-03-16T08:05:03.000,2218,10.93,,,1.0,69.0,32.69,4.74,0.0,1.24,38.67,Cash,Demo Globe Taxi,42.015988605421875,-87.67533461592605,41.76057898176962,-87.60641926789047
demo_trip_001235,demo_taxi_0041,2024-03-15T07:32:50.000,2024-03-15T08:11:31.000,2321,0.0,,,6.0,13.0,44.75,6.89,0.0,0.0,51.64,Mobile,Demo City Service,41.94839120253842,-87.66985463007067,41.9738618431193,-87.73050838316458
demo_trip_001236,demo_taxi_0000,2024-03-11T22:33:58.000,2024-03-11T23:04:30.000,1832,14.39,,,35.0,1.0,47.4,0.0,0.0,1.0,48.4,Cash,Demo Flash Cab,41.83046397339135,-87.61381212883435,42.00204031688321,-87.66123089564026
demo_trip_001237,demo_taxi_0014,2024-03-24T09:26:36.000,2024-03-24T09:41:14.000,878,2.28,,,46.0,59.0,9.38,1.68,0.0,0.0,11.06,Credit Card,Demo Globe Taxi,41.745217380117566,-87.55789704376853,41.83395843921298,-87.68361519757762
demo_trip_001238,demo_taxi_0035,2024-03-22T11:38:58.000,2024-03-22T11:58:55.000,1197,2.99,,,5.0,35.0,14.13,0.0,0.0,0.0,14.13,Cash,Demo City Service,41.93753053559189,-87.68040161308132,41.835610925550135,-87.61726187863127
demo_trip_001239,demo_taxi_0004,2024-03-04T10:30:04.000,2024-03-04T10:47:08.000,1024,8.99,,,48.0,10.0,25.59,6.29,0.0,2.75,34.63,Mobile,Demo Flash Cab,41.733010103735424,-87.5774009794471,41.99029063480176,-87.80992946777165
demo_trip_001240,demo_taxi_0060,2024-03-08T20:16:37.000,2024-03-08T20:38:28.000,1311,3.99,,,75.0,69.0,15.43,0.0,0.0,0.0,15.43,Credit Card,Demo Sun Taxi,41.686014309846364,-87.66476836398495,41.763793822964765,-87.61404672375504
demo_trip_001241,demo_taxi_0093,2024-03-08T15:12:26.000,2024-03-08T15:41:16.000,1730,13.2,,,10.0,67.0,35.92,3.67,0.0,0.0,39.59,Credit Card,Demo Sun Taxi,41.994607089027625,-87.81839632951338,41.77011667881596,-87.66777603939732
demo_trip_001242,demo_taxi_0115,2024-03-22T21:38:16.000,2024-03-22T21:50:12.000,716,2.66,,,67.0,67.0,8.12,1.62,0.0,0.0,9.74,Cash,Demo Sun Taxi,41.76181296254987,-87.65753835130396,41.76687105716868,-87.65531613417502
demo_trip_001243,demo_taxi_0058,2024-03-14T09:56:18.000,2024-03-14T09:59:53.000,215,1.07,,,48.0,59.0,3.5,0.64,0.0,0.0,4.14,Credit Card,Demo Globe Taxi,41.73087644794079,-87.5644666629464,41.83549234690626,-87.67462286955697
demo_trip_001244,demo_taxi_0105,2024-03-19T07:45:32.000,2024-03-19T08:10:50.000,1518,6.72,,,46.0,29.0,26.53,0.0,0.0,0.0,26.53,No Charge,Demo Flash Cab,41.74452467275468,-87.5447295481062,41.86809856051431,-87.72102902849636
demo_trip_001245,demo_taxi_0118,2024-03-21T15:38:38.000,2024-03-21T16:18:24.000,2386,14.08,,,5.0,11.0,54.73,0.0,0.0,0.0,54.73,Credit Card,Demo Globe Taxi,41.9423808822436,-87.67430536412591,41.968529586525165,-87.77941360137906
demo_trip_001246,demo_taxi_0103,2024-03-20T11:55:09.000,2024-03-20T12:30:02.000,2093,17.63,,,5.0,13.0,72.42,0.0,0.0,0.0,72.42,Credit Card,Demo Flash Cab,41.94925670818343,-87.68981569099267,41.98481583546568,-87.72045520043402
demo_trip_001247,demo_taxi_0055,2024-03-05T19:53:36.000,2024-03-05T19:57:00.000,204,1.79,,,51.0,11.0,8.14,0.0,0.0,0.0,8.14,No Charge,Demo Flash Cab,41.68982670104363,-87.57627838906065,41.977427485463075,-87.78321682107733
demo_trip_001248,demo_taxi_0039,2024-03-06T20:30:55.000,2024-03-06T20:56:04.000,1509,5.87,,,19.0,23.0,17.42,4.18,0.0,0.0,21.6,Credit Card,Demo Globe Taxi,41.91760264719243,-87.78734456672277,41.90304248617325,-87.72181274379477
demo_trip_001249,demo_taxi_0117,2024-03-12T13:06:00.000,2024-03-12T13:28:39.000,1359,6.46,,,,,28.16,4.7,0.0,0.0,32.86,Credit Card,Demo Taxi Co,41.934229427789916,-87.67487180760267,41.694782043487685,-87.58553630854804
demo_trip_001250,,2024-03-11T22:38:52.000,2024-03-11T22:57:35.000,1123,0.0,,,46.0,67.0,39.76,0.0,0.0,0.0,39.76,Credit Card,Demo City Service,41.74722593153399,-87.54954251260635,41.773115342006314,-87.65629784399032
demo_trip_001251,demo_taxi_0049,2024-03-19T15:37:36.000,2024-03-19T16:05:20.000,1664,4.82,,,35.0,36.0,13.01,1.44,0.0,0.0,14.45,Unknown,Demo Sun Taxi,41.83485416383534,-87.61968591769326,41.82014481183559,-87.59928571076625
demo_trip_001252,demo_taxi_0008,2024-03-07T09:16:20.000,2024-03-07T09:35:06.000,1126,3.49,,,23.0,1.0,11.73,1.79,0.0,0.0,13.52,Dispute,Demo Sun Taxi,41.90476157877109,-87.72438534586715,42.00472246017225,-87.66053539879928
demo_trip_001253,demo_taxi_0095,2024-03-11T14:50:44.000,2024-03-11T15:27:33.000,2209,12.85,,,19.0,35.0,33.01,0.0,0.0,0.0,33.01,Credit Card,Demo Globe Taxi,41.9376062328111,-87.7728908429661,41.83030037694889,-87.61415929258258
demo_trip_001254,demo_taxi_0077,2024-03-08T03:52:37.000,2024-03-08T04:29:12.000,2195,17.89,,,69.0,69.0,48.76,9.06,0.0,0.0,57.82,Cash,Demo Flash Cab,41.76118398036632,-87.60969632030057,41.77972130331158,-87.62976467654155
demo_trip_001255,demo_taxi_0010,2024-03-07T19:19:46.000,2024-03-07T19:46:35.000,1609,7.63,,,75.0,35.0,24.49,0.0,0.0,2.06,26.55,Cash,Demo City Service,41.690774178674125,-87.65741017245031,41.84516242300332,-87.62270942295673
demo_trip_001256,demo_taxi_0026,2024-03-07T06:28:04.000,2024-03-07T06:48:01.000,1197,3.28,,,54.0,23.0,10.19,0.0,0.0,0.0,10.19,Credit Card,Demo Flash Cab,41.651908620567575,-87.59295975785075,41.893592803656496,-87.71687183801353
demo_trip_001257,demo_taxi_0066,2024-03-08T10:11:03.000,2024-03-08T10:36:08.000,1505,14.27,,,46.0,5.0,67.79,0.0,0.0,0.0,67.79,Credit Card,Demo City Service,41.74665680091723,-87.54470652632746,41.93760264267184,-87.68766260428389
demo_trip_001258,demo_taxi_0064,2024-03-15T15:10:38.000,2024-03-15T15:46:56.000,2178,20.18,,,54.0,54.0,95.54,9.6,0.0,2.68,107.82,Mobile,Demo Sun Taxi,41.658753247580655,-87.59979086226139,41.64957827109216,-87.58535228326276
demo_trip_001259,demo_taxi_0096,2024-03-12T04:15:18.000,2024-03-12T04:29:24.000,846,6.02,,,13.0,10.0,23.75,0.0,0.0,2.36,26.11,Credit Card,Demo Sun Taxi,41.97924479639493,-87.74089459136717,41.98603998724513,-87.79632773010572
demo_trip_001260,demo_taxi_0031,2024-03-13T06:21:14.000,2024-03-13T06:56:22.000,2108,15.46,,,13.0,29.0,67.06,10.02,0.0,0.0,77.08,Cash,Demo Globe Taxi,41.98229302159248,-87.7144817710832,41.86492678662161,-87.73786224692819
demo_trip_001261,demo_taxi_0110,2024-03-14T17:16:25.000,2024-03-14T17:41:16.000,1491,13.75,,,13.0,69.0,68.74,14.24,0.0,0.0,82.98,Credit Card,Demo Flash Cab,41.99073255389113,-87.71718442348238,41.774699471792495,-87.61952999961684
demo_trip_001262,demo_taxi_0053,2024-03-19T05:09:43.000,2024-03-19T05:15:04.000,321,2.26,,,19.0,75.0,7.97,1.11,0.0,0.0,9.08,Cash,Demo Sun Taxi,41.93073146793687,-87.75744243232528,41.69561193000556,-87.68658069216234
demo_trip_001263,demo_taxi_0098,2024-03-22T13:26:10.000,2024-03-22T13:56:54.000,1844,15.0,,,36.0,59.0,57.09,12.22,0.0,0.0,69.31,Credit Card,Demo Sun Taxi,41.8243580941289,-87.60012015280036,41.83556136063862,-87.68079379006448
demo_trip_001264,demo_taxi_0028,2024-03-15T10:37:58.000,2024-03-15T10:48:26.000,628,3.58,,,,,14.78,0.0,0.0,1.71,16.49,Credit Card,Demo Taxi Co,41.93496193669524,-87.78099036900345,41.833134573432375,-87.61699672660576
demo_trip_001265,demo_taxi_0004,2024-03-17T08:19:25.000,2024-03-17T08:41:29.000,1324,5.21,,,6.0,6.0,25.02,0.0,0.0,0.0,25.02,Credit Card,Demo Flash Cab,41.95356047656685,-87.65280136026918,41.93925759484013,-87.64691817909953
demo_trip_001266,demo_taxi_0006,2024-03-19T08:32:09.000,2024-03-19T09:10:18.000,2289,19.38,,,19.0,19.0,87.07,0.0,0.0,0.0,87.07,Unknown,Demo Flash Cab,41.919827605542174,-87.75894422369008,41.92313130511785,-87.76871397795077
demo_trip_001267,demo_taxi_0044,2024-03-18T18:16:04.000,2024-03-18T18:47:54.000,1910,14.05,,,75.0,75.0,37.39,6.77,0.0,0.0,44.16,Credit Card,Demo Sun Taxi,41.68669806979348,-87.69338502340217,41.696060207949756,-87.67410163255282
demo_trip_001268,demo_taxi_0114,2024-03-06T22:42:51.000,2024-03-06T23:11:43.000,1732,7.61,,,46.0,54.0,32.59,4.66,0.0,0.0,37.25,Credit Card,Demo Globe Taxi,41.733336465526925,-87.53748385428857,41.662896943098865,-87.610564355769
demo_trip_001269,demo_taxi_0005,2024-03-24T07:38:06.000,2024-03-24T07:43:40.000,334,2.3,,,34.0,11.0,7.2,1.09,0.0,0.0,8.29,Credit Card,Demo City Service,41.845985151197965,-87.6321728674264,41.97953929636637,-87.77030760498842
demo_trip_001270,demo_taxi_0044,2024-03-07T22:57:25.000,2024-03-07T23:32:12.000,2087,17.42,,,29.0,59.0,54.65,0.0,0.0,0.0,54.65,Credit Card,Demo Globe Taxi,41.8509365223036,-87.73338728012996,41.8253513990772,-87.66600000501441
demo_trip_001271,demo_taxi_0013,2024-03-12T16:03:40.000,2024-03-12T16:19:04.000,924,3.93,,,48.0,5.0,15.2,2.19,0.0,0.0,17.39,Cash,Demo Globe Taxi,41.72903467518901,-87.56652691702894,41.93629428715037,-87.6846518528029
demo_trip_001272,demo_taxi_0111,2024-03-17T17:51:30.000,2024-03-17T17:56:21.000,291,2.32,,,29.0,13.0,9.84,0.0,0.0,1.98,11.82,Credit Card,Demo Globe Taxi,41.86745130857364,-87.72609586853473,41.9930334396567,-87.72043546062812
demo_trip_001273,demo_taxi_0081,2024-03-12T17:20:15.000,2024-03-12T17:58:45.000,2310,6.39,,,11.0,29.0,18.52,3.99,0.0,0.87,23.38,Cash,Demo Flash Cab,41.96806569083913,-87.7655466534312,41.85719171040811,-87.7389417640721
demo_trip_001274,demo_taxi_0091,2024-03-09T17:03:06.000,2024-03-09T17:13:09.000,603,4.17,,,35.0,34.0,13.7,0.0,0.0,0.0,13.7,Cash,Demo Flash Cab,41.835470449719004,-87.6126471727145,41.848221393285634,-87.63657098028321
demo_trip_001275,demo_taxi_0085,2024-03-23T19:41:42.000,2024-03-23T19:56:40.000,898,8.72,,,59.0,35.0,37.41,0.0,0.0,0.0,37.41,Mobile,Demo City Service,41.830723167163775,-87.67325711870338,41.832632124888384,-87.6279283111022
demo_trip_001276,demo_taxi_0078,2024-03-05T14:10:29.000,2024-03-05T14:18:44.000,495,4.32,,,67.0,75.0,12.44,3.04,0.0,0.0,15.48,Mobile,Demo Taxi Co,41.77638274495419,-87.65987134626576,41.68856372287232,-87.65368558977613
demo_trip_001277,demo_taxi_0092,2024-03-09T15:10:02.000,2024-03-09T15:36:02.000,1560,13.71,,,34.0,75.0,63.4,0.0,0.0,0.0,63.4,Credit Card,Demo Flash Cab,41.85410344970357,-87.63845498319881,41.688477089430265,-87.69101534505495
demo_trip_001278,demo_taxi_0000,2024-03-24T10:58:10.000,2024-03-24T11:33:16.000,2106,15.43,,,36.0,29.0,56.17,0.0,0.0,0.0,56.17,Cash,Demo Taxi Co,41.824755665452805,-87.60805884506341,41.86179969607248,-87.71548984790255
demo_trip_001279,demo_taxi_0103,2024-03-19T06:13:33.000,2024-03-19T06:35:47.000,1334,7.58,,,54.0,54.0,30.05,0.0,0.0,0.0,30.05,Cash,Demo Taxi Co,41.66872007445349,-87.60496439263729,41.653993447428135,-87.61070994015535
demo_trip_001280,demo_taxi_0088,2024-03-05T17:32:10.000,2024-03-05T18:07:19.000,2109,15.4,,,13.0,36.0,41.6,0.0,0.0,0.0,41.6,Mobile,Demo City Service,41.977374397644056,-87.74066126159231,41.82105967673952,-87.59728892562055
demo_trip_001281,demo_taxi_0088,2024-03-19T03:12:23.000,2024-03-19T03:50:02.000,2259,10.46,,,5.0,5.0,51.11,0.0,0.0,1.89,53.0,Dispute,Demo Globe Taxi,41.9500686489142,-87.69595381724099,41.950999327042844,-87.67976408558683
demo_trip_001282,demo_taxi_0047,2024-03-24T09:07:07.000,2024-03-24T09:42:24.000,2117,13.48,,,59.0,59.0,64.28,0.0,0.0,0.0,64.28,Cash,Demo Sun Taxi,41.829026840006684,-87.67144384882252,41.834411496711894,-87.68484001141827
demo_trip_001283,demo_taxi_0096,2024-03-06T06:00:47.000,2024-03-06T06:09:48.000,541,3.39,,,10.0,35.0,10.09,0.0,0.0,0.0,10.09,Credit Card,Demo Globe Taxi,41.96961854378423,-87.79002850631525,41.8279701828084,-87.6220506915223
demo_trip_001284,demo_taxi_0045,2024-03-12T08:00:37.000,2024-03-12T08:11:14.000,637,4.01,,,75.0,36.0,16.67,0.0,0.0,0.0,16.67,Credit Card,Demo Flash Cab,41.69064900575406,-87.69330565348783,41.82560167530381,-87.60567872100765
demo_trip_001285,demo_taxi_0005,2024-03-13T17:28:47.000,2024-03-13T17:28:47.000,0,4.48,,,46.0,67.0,20.08,3.55,0.0,0.0,23.63,Mobile,Demo Sun Taxi,41.749700669568064,-87.54945113541454,41.749700669568064,-87.54945113541454
demo_trip_001286,demo_taxi_0108,2024-03-06T16:26:03.000,2024-03-06T16:52:39.000,1596,7.77,,,59.0,19.0,21.79,0.0,0.0,0.0,21.79,Mobile,Demo Sun Taxi,41.82936589289778,-87.67759888066756,41.93706988250357,-87.78723622905932
demo_trip_001287,demo_taxi_0028,2024-03-08T12:02:22.000,2024-03-08T12:37:16.000,2094,9.84,,,67.0,59.0,38.81,0.0,0.0,0.0,38.81,Credit Card,Demo Globe Taxi,41.76156005411253,-87.65450552793911,41.83072560536874,-87.68267431525759
demo_trip_001288,demo_taxi_0012,2024-03-07T06:20:16.000,2024-03-07T06:34:50.000,874,3.42,,,59.0,59.0,15.82,0.0,0.0,0.0,15.82,Cash,Demo Sun Taxi,41.82542683186407,-87.6722045272694,41.82818748384862,-87.67387931580242
demo_trip_001289,demo_taxi_0074,2024-03-07T12:16:37.000,2024-03-07T12:44:15.000,1658,206.16581857784735,,,19.0,13.0,2.4806374884605655,0.0,0.0,0.0,34.43,Credit Card,Demo Globe Taxi,41.933846405911495,-87.76116521410589,41.9840780407064,-87.73144894757401
demo_trip_001290,demo_taxi_0028,2024-03-12T11:34:49.000,2024-03-12T11:44:44.000,595,0.0,,,36.0,36.0,8.9,0.0,0.0,0.0,8.9,Credit Card,Demo City Service,41.820536278959416,-87.60561054673143,41.83055621639921,-87.60904677959225
demo_trip_001291,demo_taxi_0102,2024-03-13T18:59:13.000,2024-03-13T19:22:18.000,1385,12.44,,,36.0,48.0,32.59,0.0,0.0,0.0,32.59,Credit Card,Demo Taxi Co,41.830665811442486,-87.6047792118713,41.72886713640987,-87.55712834231424
demo_trip_001292,demo_taxi_0053,2024-03-08T16:41:46.000,2024-03-08T17:13:37.000,1911,5.25,,,5.0,29.0,25.19,4.22,0.0,0.0,29.41,Credit Card,Demo Taxi Co,41.94462949069193,-87.69448408611423,41.85825154011583,-87.71437704744731
demo_trip_001293,demo_taxi_0000,2024-03-10T14:55:34.000,2024-03-10T15:13:10.000,1056,8.98,,,36.0,36.0,44.39,0.0,0.0,0.0,44.39,Cash,Demo Flash Cab,41.82089344163629,-87.603266956736,41.82631185135722,-87.59975572233351
demo_trip_001294,demo_taxi_0114,2024-03-08T14:11:49.000,2024-03-08T14:20:51.000,542,2.19,,,48.0,67.0,6.33,0.0,0.0,0.0,6.33,Credit Card,Demo Globe Taxi,41.7330306878558,-87.5815138641087,41.79146867352593,-87.66027070348625
demo_trip_001295,demo_taxi_0061,2024-03-20T22:12:04.000,2024-03-20T22:30:17.000,1093,9.42,,,5.0,54.0,33.7,0.0,0.0,0.0,33.7,Cash,Demo Globe Taxi,41.95604202648333,-87.68233733278431,41.66196222781232,-87.60067164903803
demo_trip_001296,demo_taxi_0031,2024-03-08T18:45:59.000,2024-03-08T19:17:10.000,1871,14.26,,,35.0,23.0,57.78,0.0,0.0,0.0,57.78,Cash,Demo Globe Taxi,41.837056294464894,-87.61892257972346,41.89810775624961,-87.71639676856287
demo_trip_001297,demo_taxi_0081,2024-03-23T14:18:26.000,2024-03-23T14:56:01.000,2255,20.59,,,35.0,67.0,97.45,14.71,0.0,0.0,112.16,Cash,Demo City Service,41.83839810591189,-87.60829806024846,41.770407255811456,-87.66439103280005
demo_trip_001298,demo_taxi_0063,2024-03-15T14:50:16.000,2024-03-15T15:16:03.000,1547,0.0,,,1.0,23.0,39.22,5.95,0.0,0.0,45.17,Credit Card,Demo Sun Taxi,42.00671327351465,-87.67891187751695,41.912043163030965,-87.7294516729238
demo_trip_001299,demo_taxi_0003,2024-03-20T02:27:10.000,2024-03-20T02:54:59.000,1669,12.48,,,67.0,59.0,41.62,6.5,0.0,0.0,48.12,Credit Card,Demo Globe Taxi,41.784965293470314,-87.66957485055623,41.83094983587499,-87.65837411085677
demo_trip_001300,demo_taxi_0091,2024-03-17T21:12:59.000,2024-03-17T21:31:30.000,1111,3.73,,,59.0,13.0,16.77,2.85,0.0,0.0,19.62,Cash,Demo Taxi Co,41.83638065721112,-87.66500485069058,41.991304887458625,-87.72027097508024
demo_trip_001301,demo_taxi_0048,2024-03-09T10:50:53.000,2024-03-09T11:28:15.000,2242,14.21,,,13.0,10.0,50.09,8.29,0.0,0.0,58.38,Cash,Demo Globe Taxi,41.98705607363008,-87.71338988683219,41.98238685178838,-87.81235416418019
demo_trip_001302,demo_taxi_0083,2024-03-16T09:33:07.000,2024-03-16T10:08:18.000,2111,10.07,,,75.0,10.0,40.4,7.01,0.0,0.0,47.41,Credit Card,Demo Globe Taxi,41.691010020057,-87.68839248222501,41.99489672424821,-87.81364019811076
demo_trip_001303,demo_taxi_0107,2024-03-09T23:48:26.000,2024-03-10T00:27:24.000,2338,20.73,,,23.0,46.0,80.85,0.0,0.0,0.0,80.85,Cash,Demo Taxi Co,41.906700505357236,-87.7235078041405,41.74961735692593,-87.54133035532729
demo_trip_001304,demo_taxi_0073,2024-03-06T17:27:44.000,2024-03-06T18:02:40.000,2096,18.37,,,19.0,51.0,90.62,10.99,0.0,0.0,101.61,Dispute,Demo Flash Cab,41.92526879419492,-87.7640770131807,41.69385075316127,-87.58154226679807
demo_trip_001305,demo_taxi_0080,2024-03-09T04:07:35.000,2024-03-09T04:30:49.000,1394,6.38,,,13.0,69.0,18.21,2.78,0.0,0.0,20.99,Credit Card,Demo Sun Taxi,41.97812070323691,-87.73765255451605,41.77932374611075,-87.6284270651794
demo_trip_001306,demo_taxi_0030,2024-03-09T05:40:11.000,2024-03-09T06:18:43.000,2312,16.79,,,69.0,23.0,81.79,0.0,0.0,0.0,81.79,Credit Card,Demo Globe Taxi,41.77123123045447,-87.63105810710066,41.89923164652444,-87.7369805123371
demo_trip_001307,demo_taxi_0028,2024-03-06T02:07:21.000,2024-03-06T02:32:54.000,1533,7.3,,,69.0,5.0,28.55,2.98,0.0,1.73,33.26,Dispute,Demo Flash Cab,41.764727012389294,-87.63310970828589,41.93894893583209,-87.67357561968878
demo_trip_001308,demo_taxi_0049,2024-03-04T16:39:22.000,2024-03-04T17:04:37.000,1515,11.07,,,48.0,29.0,52.7,0.0,0.0,0.0,52.7,Mobile,Demo Globe Taxi,41.72899119103587,-87.56935321368184,41.86104814336235,-87.69976012737901
demo_trip_001309,demo_taxi_0102,2024-03-23T05:25:17.000,2024-03-23T05:52:34.000,1637,11.17,,,69.0,46.0,31.22,0.0,0.0,0.0,31.22,Credit Card,Demo Taxi Co,41.76511001899008,-87.59903315423847,41.74728964742363,-87.55927787172239
demo_trip_001310,demo_taxi_0062,2024-03-14T21:47:57.000,2024-03-14T21:57:49.000,592,3.58,,,35.0,46.0,14.69,2.14,0.0,0.0,16.83,Mobile,Demo City Service,41.84555429869303,-87.62770716621014,41.74293835470106,-87.53613424450518
demo_trip_001311,demo_taxi_0041,2024-03-12T21:52:12.000,2024-03-12T22:26:14.000,2042,17.99,,,54.0,34.0,82.76,0.0,0.0,2.41,85.17,Credit Card,Demo Flash Cab,41.64992052453361,-87.58859669452038,41.85697903983929,-87.63493052785762
demo_trip_001312,demo_taxi_0093,2024-03-23T15:24:42.000,2024-03-23T15:41:07.000,985,4.01,,,11.0,46.0,17.91,2.35,0.0,0.0,20.26,Mobile,Demo Taxi Co,41.97378971452598,-87.76091304772075,41.73338620024446,-87.54602874366336
demo_trip_001313,demo_taxi_0102,2024-03-08T16:52:54.000,2024-03-08T17:20:17.000,1643,13.48,,,75.0,34.0,34.03,0.0,0.0,0.0,34.03,Cash,Demo City Service,41.680177515390135,-87.66962710592145,41.85310235217218,-87.63365960934358
demo_trip_001314,demo_taxi_0108,2024-03-12T09:06:47.000,2024-03-12T09:41:01.000,2054,15.19,,,34.0,23.0,55.15,0.0,0.0,0.0,55.15,Cash,Demo Taxi Co,41.8320158301619,-87.63263499443335,41.89522583894065,-87.70786453594982
demo_trip_001315,demo_taxi_0035,2024-03-21T05:06:47.000,2024-03-21T05:14:01.000,434,251.37719262054267,,,23.0,34.0,4.7650516268975665,0.97,0.0,0.0,6.21,No Charge,Demo Flash Cab,41.89067379233954,-87.72879060763552,41.843937185689796,-87.63438235865017
demo_trip_001316,demo_taxi_0085,2024-03-17T18:59:09.000,2024-03-17T19:13:16.000,847,4.56,,,69.0,1.0,13.14,0.0,0.0,0.0,13.14,Mobile,Demo Taxi Co,41.76032118163505,-87.6054539963184,42.00585521639419,-87.65881123505626
demo_trip_001317,demo_taxi_0070,2024-03-12T06:34:07.000,2024-03-12T07:11:59.000,2272,6.22,,,34.0,11.0,26.53,0.0,0.0,0.0,26.53,Credit Card,Demo Flash Cab,41.83135129648482,-87.63231966654017,41.97112414592377,-87.78443011444405
demo_trip_001318,demo_taxi_0053,2024-03-09T06:27:46.000,2024-03-09T06:44:07.000,981,160.58838865463704,,,48.0,51.0,3.449431996194951,6.06,0.0,0.0,38.25,Cash,Demo Flash Cab,41.735533027246944,-87.58291731929296,41.71504240458045,-87.556331651801
demo_trip_001319,demo_taxi_0047,2024-03-04T10:09:44.000,2024-03-04T10:37:11.000,1647,14.63,,,51.0,75.0,59.77,7.59,0.0,0.0,67.36,Cash,Demo Sun Taxi,41.674267546275765,-87.57103681754836,41.67737363637078,-87.67134539375934
demo_trip_001320,demo_taxi_0013,2024-03-05T01:17:44.000,2024-03-05T01:41:30.000,1426,4.43,,,51.0,34.0,12.21,0.0,0.0,0.0,12.21,Cash,Demo Taxi Co,41.671848474347144,-87.57497251820723,41.83726540238436,-87.63014992441832
demo_trip_001321,demo_taxi_0032,2024-03-07T12:41:25.000,2024-03-07T13:16:36.000,2111,6.78,,,67.0,51.0,21.09,4.47,0.0,1.39,26.95,Credit Card,Demo Taxi Co,41.768617787775604,-87.67507119112834,41.69424446038527,-87.56305936502847
demo_trip_001322,demo_taxi_0065,2024-03-20T17:49:31.000,2024-03-20T18:11:23.000,1312,7.59,,,59.0,1.0,26.16,0.0,0.0,0.0,26.16,Credit Card,Demo City Service,41.82599461168054,-87.68405733929887,42.01495160310416,-87.67865326228615
demo_trip_001323,demo_taxi_0106,2024-03-17T19:54:00.000,2024-03-17T20:12:42.000,1122,4.86,,,6.0,23.0,13.67,0.0,0.0,0.0,13.67,Dispute,Demo Flash Cab,41.93986627487681,-87.63385986040328,41.89241432396559,-87.71200831850427
demo_trip_001324,demo_taxi_0103,2024-03-13T16:24:17.000,2024-03-13T16:24:17.000,0,0.93,,,67.0,35.0,4.3,0.0,0.0,0.0,4.3,Credit Card,Demo Taxi Co,41.77086946633366,-87.65761147313516,41.77086946633366,-87.65761147313516
demo_trip_001325,demo_taxi_0022,2024-03-20T19:27:31.000,2024-03-20T19:48:04.000,1233,8.65,,,11.0,13.0,25.83,3.87,0.0,0.0,29.7,Cash,Demo Sun Taxi,41.979667082052224,-87.78590393107223,41.987879174382336,-87.72423453004576
demo_trip_001326,demo_taxi_0081,2024-03-07T12:09:07.000,2024-03-07T12:33:45.000,1478,7.83,,,10.0,13.0,22.11,0.0,0.0,0.0,22.11,Cash,Demo City Service,41.98967727562174,-87.78844458057021,41.985640411179965,-87.70981476897602
demo_trip_001327,demo_taxi_0010,2024-03-08T19:04:07.000,2024-03-08T19:32:36.000,1709,14.62,,,10.0,35.0,63.07,0.0,0.0,0.0,63.07,Credit Card,Demo Sun Taxi,41.98053573641648,-87.80616040486326,41.84411287999986,-87.62739919182434
demo_trip_001328,demo_taxi_0081,2024-03-12T14:26:02.000,2024-03-12T14:57:53.000,1911,10.39,,,35.0,29.0,29.27,0.0,0.0,0.9,30.17,Credit Card,Demo Globe Taxi,41.84552723752685,-87.62791915420574,41.85917351004255,-87.73491096932703
demo_trip_001329,demo_taxi_0041,2024-03-23T08:34:12.000,2024-03-23T09:05:55.000,1903,13.01,,,48.0,11.0,45.87,0.0,0.0,0.0,45.87,Credit Card,Demo Flash Cab,41.726318924322086,-87.58666632007044,41.98283102704765,-87.76590335605663
demo_trip_001330,demo_taxi_0053,2024-03-16T21:06:59.000,2024-03-16T21:26:58.000,1199,6.24,,,59.0,19.0,23.64,0.0,0.0,0.0,23.64,Credit Card,Demo Taxi Co,41.83032292781125,-87.66351811133397,41.920466331577,-87.74484563670467
demo_trip_001331,demo_taxi_0086,2024-03-21T09:24:41.000,2024-03-21T09:30:35.000,354,1.47,,,59.0,29.0,3.97,0.9,0.0,0.0,4.87,Mobile,Demo Flash Cab,41.823805918563984,-87.65750932272836,41.8503060561816,-87.7338158926037
demo_trip_001332,demo_taxi_0050,2024-03-09T02:38:56.000,2024-03-09T02:51:20.000,744,4.28,,,34.0,34.0,16.65,3.2,0.0,0.0,19.85,Credit Card,Demo Taxi Co,41.8256778390808,-87.63052612310268,41.85165523725515,-87.63095273851147
demo_trip_001333,demo_taxi_0096,2024-03-21T08:48:15.000,2024-03-21T09:06:19.000,1084,8.27,,,10.0,34.0,30.6,0.0,0.0,0.0,30.6,Credit Card,Demo Taxi Co,41.975825742429336,-87.80223596092664,41.82386643565252,-87.6327710995339
demo_trip_001334,demo_taxi_0064,2024-03-05T11:56:35.000,2024-03-05T12:35:48.000,2353,22.04,,,23.0,29.0,91.93,0.0,0.0,0.0,91.93,Cash,Demo Flash Cab,41.899555924426764,-87.72761589742822,41.85565757597157,-87.69494815943006
demo_trip_001335,demo_taxi_0119,2024-03-08T11:20:53.000,2024-03-08T11:52:22.000,1889,4.8,,,29.0,54.0,14.63,0.0,0.0,0.0,14.63,Mobile,Demo City Service,41.86116409096264,-87.70584370568712,41.666039611469955,-87.61287128808887
demo_trip_001336,demo_taxi_0076,2024-03-14T15:23:21.000,2024-03-14T15:59:26.000,2165,13.45,,,36.0,51.0,45.62,0.0,0.0,0.0,45.62,Credit Card,Demo Sun Taxi,41.82425761225175,-87.60556758577725,41.676188618526695,-87.54659179245998
demo_trip_001337,demo_taxi_0035,2024-03-05T20:52:39.000,2024-03-05T21:32:21.000,2382,16.65,,,1.0,19.0,69.08,0.0,0.0,0.0,69.08,Credit Card,Demo Sun Taxi,42.01364741228306,-87.67879332166525,41.93784234137856,-87.75542268718928
demo_trip_001338,demo_taxi_0093,2024-03-22T09:41:41.000,2024-03-22T09:49:36.000,475,1.36,,,6.0,19.0,3.52,0.0,0.0,0.0,3.52,Cash,Demo Sun Taxi,41.936837927006486,-87.64043940469527,41.92358580061273,-87.77294183997668
demo_trip_001339,demo_taxi_0048,2024-03-22T14:16:49.000,2024-03-22T14:20:14.000,205,1.73,,,10.0,69.0,4.83,0.0,0.0,0.71,5.54,Cash,Demo Sun Taxi,41.98671688228308,-87.80689750015128,41.77700273631694,-87.6182668960821
demo_trip_001340,demo_taxi_0064,2024-03-15T10:41:58.000,2024-03-15T11:06:12.000,1454,6.24,,,5.0,69.0,20.02,0.0,0.0,0.0,20.02,Cash,Demo Taxi Co,41.94915907771574,-87.67987890324532,41.76651023750368,-87.61890159409113
demo_trip_001341,demo_taxi_0016,2024-03-10T19:09:36.000,2024-03-10T19:22:23.000,767,6.74,,,54.0,23.0,18.64,0.0,0.0,0.0,18.64,Credit Card,Demo Flash Cab,41.646801919812454,-87.58161327516817,41.892039137259964,-87.69360821245654
demo_trip_001342,demo_taxi_0014,2024-03-06T07:26:34.000,2024-03-06T08:01:42.000,2108,13.42,,,46.0,48.0,34.88,0.0,0.0,2.6,37.48,Mobile,Demo Sun Taxi,41.73519239261643,-87.54866571834947,41.73552041166351,-87.58414883907939
demo_trip_001343,demo_taxi_0068,2024-03-16T06:18:52.000,2024-03-16T06:39:03.000,1211,4.07,,,67.0,1.0,20.22,0.0,0.0,0.0,20.22,Cash,Demo Sun Taxi,41.78333321380932,-87.66579105889713,42.00726768169122,-87.6720160534655
demo_trip_001344,,2024-03-15T14:59:41.000,2024-03-15T15:03:01.000,200,1.55,,,19.0,34.0,5.64,0.0,0.0,0.0,5.64,Mobile,Demo Globe Taxi,41.91740135585627,-87.76583102956552,41.845148906805754,-87.63262669688493
demo_trip_001345,demo_taxi_0119,2024-03-19T17:02:21.000,2024-03-19T17:13:35.000,674,2.29,,,69.0,35.0,8.78,0.0,0.0,1.87,10.65,Dispute,Demo Sun Taxi,41.768835447616986,-87.5957847923863,41.832452235324475,-87.62058553948076
demo_trip_001346,demo_taxi_0102,2024-03-16T19:51:37.000,2024-03-16T20:07:15.000,938,7.15,,,29.0,19.0,22.43,0.0,0.0,0.0,22.43,Cash,Demo City Service,41.858517014190056,-87.7197654426114,41.91705502552341,-87.77058125124373
demo_trip_001347,demo_taxi_0084,2024-03-06T16:16:32.000,2024-03-06T16:20:31.000,239,1.98,,,51.0,51.0,4.99,0.0,0.0,0.58,5.57,Credit Card,Demo Taxi Co,41.71057064130252,-87.56009029350308,41.693954651620025,-87.58822232136937
demo_trip_001348,demo_taxi_0088,2024-03-06T18:02:13.000,2024-03-06T18:16:57.000,884,5.78,,,19.0,67.0,25.3,0.0,0.0,0.0,25.3,Cash,Demo City Service,41.924795958783164,-87.77469376489324,41.77294424280177,-87.6595468418582
demo_trip_001349,demo_taxi_0071,2024-03-20T12:39:30.000,2024-03-20T12:39:30.000,0,5.86,,,13.0,29.0,25.25,0.0,0.0,0.0,25.25,Cash,Demo Sun Taxi,41.97587031538027,-87.71707191515382,41.97587031538027,-87.71707191515382
demo_trip_001350,demo_taxi_0007,2024-03-07T03:40:37.000,2024-03-07T04:16:40.000,2163,11.9,,,,,58.68,0.0,0.0,0.0,58.68,Credit Card,Demo Taxi Co,41.961377139105764,-87.68377705258195,41.82629683695082,-87.60836342526224
demo_trip_001351,demo_taxi_0047,2024-03-23T07:08:54.000,2024-03-23T07:35:55.000,1621,10.02,,,11.0,69.0,25.58,0.0,0.0,0.0,25.58,Credit Card,Demo Globe Taxi,41.97929737593867,-87.78354819186556,41.76526128118694,-87.63452889059323
demo_trip_001352,demo_taxi_0059,2024-03-06T03:02:34.000,2024-03-06T03:09:01.000,387,2.79,,,67.0,48.0,7.93,0.0,0.0,0.0,7.93,Credit Card,Demo Sun Taxi,41.789668287689814,-87.6564543724167,41.73476797354406,-87.56573478042208
demo_trip_001353,demo_taxi_0109,2024-03-19T10:06:09.000,2024-03-19T10:24:32.000,1103,7.7,,,51.0,48.0,32.96,0.0,0.0,0.0,32.96,No Charge,Demo City Service,41.70308618118934,-87.58260261832223,41.7276903832491,-87.56157754539475
demo_trip_001354,demo_taxi_0026,2024-03-24T14:24:59.000,2024-03-24T14:56:25.000,1886,9.86,,,23.0,75.0,32.79,0.0,0.0,0.0,32.79,Cash,Demo Taxi Co,41.89180528116679,-87.7100870074276,41.67730287192898,-87.68345820301829
demo_trip_001355,demo_taxi_0059,2024-03-13T11:07:34.000,2024-03-13T11:24:15.000,1001,0.0,,,6.0,23.0,21.06,0.0,0.0,2.9,23.96,Cash,Demo Sun Taxi,41.95034618483209,-87.67079717041888,41.891394819794584,-87.72757553188679
demo_trip_001356,demo_taxi_0041,2024-03-05T15:42:17.000,2024-03-05T16:06:07.000,1430,11.45,,,19.0,46.0,37.24,0.0,0.0,2.52,39.76,Cash,Demo Sun Taxi,41.9198468963672,-87.76603869063023,41.74554418689726,-87.56306132246209
demo_trip_001357,demo_taxi_0016,2024-03-22T14:04:45.000,2024-03-22T14:44:13.000,2368,17.63,,,5.0,35.0,47.94,0.0,0.0,0.0,47.94,Cash,Demo City Service,41.94371558142964,-87.6899802015781,41.8306953962273,-87.61109976708332
demo_trip_001358,demo_taxi_0012,2024-03-07T17:47:23.000,2024-03-07T17:55:28.000,485,2.07,,,11.0,69.0,9.51,0.0,0.0,0.0,9.51,Mobile,Demo Globe Taxi,41.979231912895614,-87.77048082567178,41.75775088654114,-87.61559049734971
demo_trip_001359,demo_taxi_0043,2024-03-15T17:52:22.000,2024-03-15T18:13:02.000,1240,7.12,,,29.0,23.0,33.41,0.0,0.0,0.0,33.41,Credit Card,Demo City Service,41.861055604374734,-87.69495417336014,41.90113593570232,-87.71634198641894
demo_trip_001360,demo_taxi_0009,2024-03-24T10:43:50.000,2024-03-24T10:43:50.000,0,8.38,,,75.0,54.0,34.29,7.05,0.0,0.0,41.34,Credit Card,Demo Globe Taxi,41.68599999046038,-87.68806163031954,41.68599999046038,-87.68806163031954
demo_trip_001361,demo_taxi_0008,2024-03-19T11:56:52.000,2024-03-19T12:29:23.000,1951,16.29,,,13.0,23.0,56.43,10.04,0.0,0.0,66.47,Cash,Demo Flash Cab,41.98717313812179,-87.72983188885885,41.89713074306675,-87.73234761898642
demo_trip_001362,demo_taxi_0042,2024-03-04T16:56:31.000,2024-03-04T17:30:28.000,2037,16.87,,,11.0,13.0,74.6,0.0,0.0,2.39,76.99,Mobile,Demo Sun Taxi,41.98683456441324,-87.76647002641513,41.976317065945096,-87.70554212389145
demo_trip_001363,demo_taxi_0024,2024-03-21T16:02:22.000,2024-03-21T16:15:59.000,817,7.12,,,6.0,13.0,29.04,0.0,0.0,0.0,29.04,Mobile,Demo Taxi Co,41.93537017914546,-87.64358087600213,41.979970796734484,-87.72698429294896
demo_trip_001364,demo_taxi_0066,2024-03-07T10:20:51.000,2024-03-07T10:41:07.000,1216,4.81,,,29.0,75.0,21.55,0.0,0.0,0.0,21.55,Dispute,Demo Taxi Co,41.8564934952098,-87.71633164969367,41.68771501249442,-87.66181063970858
demo_trip_001365,demo_taxi_0002,2024-03-19T10:45:10.000,2024-03-19T11:18:53.000,2023,15.85,,,75.0,29.0,59.87,0.0,0.0,0.0,59.87,Cash,Demo Sun Taxi,41.683225276788065,-87.66196464680213,41.86711136371589,-87.69801923602276
demo_trip_001366,demo_taxi_0036,2024-03-17T17:20:44.000,2024-03-17T17:54:46.000,2042,17.87,,,5.0,69.0,87.49,0.0,0.0,0.0,87.49,Credit Card,Demo City Service,41.953301459931595,-87.68788425949248,41.755333549709356,-87.60557249382768
demo_trip_001367,demo_taxi_0054,2024-03-10T17:44:35.000,2024-03-10T18:18:03.000,2008,6.97,,,10.0,6.0,22.48,2.75,0.0,2.45,27.68,Credit Card,Demo Flash Cab,41.98015935712672,-87.83241917711135,41.942324399860254,-87.6717161433319
demo_trip_001368,demo_taxi_0115,2024-03-12T07:46:51.000,2024-03-12T08:14:33.000,1662,4.19,,,69.0,34.0,16.8,0.0,0.0,2.96,19.76,Credit Card,Demo Sun Taxi,41.773970317362206,-87.621194224794,41.83395259109373,-87.63653530714208
demo_trip_001369,demo_taxi_0076,2024-03-06T13:59:25.000,2024-03-06T14:12:19.000,774,2.33,,,46.0,5.0,10.53,1.8,0.0,0.0,12.33,Cash,Demo City Service,41.744292134459606,-87.56731498794808,41.953393938418095,-87.67941341192336
demo_trip_001370,demo_taxi_0105,2024-03-24T20:19:49.000,2024-03-24T20:36:26.000,997,6.75,,,67.0,13.0,31.96,7.39,0.0,0.0,39.35,Cash,Demo Flash Cab,41.789470361857354,-87.67753155200126,41.99076084756362,-87.7135133333087
demo_trip_001371,demo_taxi_0041,2024-03-09T03:20:00.000,2024-03-09T03:47:15.000,1635,8.8,,,54.0,10.0,42.83,0.0,0.0,0.0,42.83,Credit Card,Demo City Service,41.65192908056656,-87.59867600538026,41.99310717356025,-87.77969093489331
demo_trip_001372,demo_taxi_0053,2024-03-10T20:01:45.000,2024-03-10T20:14:09.000,744,2.74,,,5.0,59.0,9.56,0.0,0.0,0.0,9.56,Cash,Demo Taxi Co,41.95568785033669,-87.6891656158618,41.83506142861231,-87.66439332750438
demo_trip_001373,demo_taxi_0050,2024-03-14T07:17:04.000,2024-03-14T07:45:18.000,1694,10.48,,,35.0,29.0,44.52,8.13,0.0,0.0,52.65,Mobile,Demo Flash Cab,41.83513845181661,-87.60624207071655,41.86879662954198,-87.69163178547517
demo_trip_001374,demo_taxi_0106,2024-03-18T14:16:38.000,2024-03-18T14:38:41.000,1323,288.506779712842,,,10.0,67.0,1.1546229242859827,0.0,0.0,0.53,35.14,Credit Card,Demo Globe Taxi,41.994309589319045,-87.8083806503951,41.75876218193191,-87.66991018520136
demo_trip_001375,demo_taxi_0115,2024-03-14T12:27:11.000,2024-03-14T12:46:33.000,1162,10.04,,,6.0,13.0,41.4,0.0,0.0,0.0,41.4,Cash,Demo Sun Taxi,41.951145958119824,-87.65723365741614,41.99347656197966,-87.71133530140494
demo_trip_001376,demo_taxi_0115,2024-03-14T00:25:57.000,2024-03-14T00:42:06.000,969,7.62,,,54.0,13.0,22.56,0.0,0.0,0.0,22.56,Credit Card,Demo City Service,41.650901727400566,-87.58435930021534,41.979542143330804,-87.73037698780095
demo_trip_001377,demo_taxi_0090,2024-03-16T21:51:46.000,2024-03-16T22:23:23.000,1897,16.81,,,75.0,54.0,59.74,14.09,0.0,0.0,73.83,Cash,Demo Taxi Co,41.67730373574514,-87.67504871122692,41.650404055073906,-87.59362217975577
demo_trip_001378,demo_taxi_0060,2024-03-22T13:46:06.000,2024-03-22T14:06:19.000,1213,260.3789265115015,,,29.0,51.0,4.064001559120252,8.3,0.0,0.0,47.62,Cash,Demo Flash Cab,41.865196441087,-87.71871229519957,41.69511296007819,-87.5802933451272
demo_trip_001379,demo_taxi_0064,2024-03-12T22:43:53.000,2024-03-12T22:58:14.000,861,7.32,,,29.0,54.0,33.14,0.0,0.0,0.0,33.14,Credit Card,Demo City Service,41.859348102460174,-87.72973262776084,41.64876624019193,-87.5812217410403
demo_trip_001380,demo_taxi_0117,2024-03-21T09:00:15.000,2024-03-21T09:17:27.000,1032,5.52,,,75.0,5.0,20.65,0.0,0.0,0.0,20.65,Cash,Demo Flash Cab,41.68838055681503,-87.65182944513835,41.94371762439085,-87.69158747648675
demo_trip_001381,demo_taxi_0034,2024-03-20T20:28:32.000,2024-03-20T20:49:27.000,1255,10.81,,,29.0,5.0,30.99,0.0,0.0,0.0,30.99,Cash,Demo Globe Taxi,41.86374903294441,-87.69601438466167,41.94419028553966,-87.6898948963444
demo_trip_001382,demo_taxi_0041,2024-03-24T21:43:05.000,2024-03-24T21:43:05.000,0,13.86,,,34.0,36.0,48.46,9.77,0.0,0.0,58.23,Credit Card,Demo Globe Taxi,41.84818734490484,-87.64140950674154,41.84818734490484,-87.64140950674154
demo_trip_001383,demo_taxi_0107,2024-03-23T15:14:06.000,2024-03-23T15:53:44.000,2378,17.53,,,36.0,51.0,49.9,0.0,0.0,0.0,49.9,Mobile,Demo Globe Taxi,41.83127906975575,-87.60307861199374,41.679001818229,-87.5526936521833
demo_trip_001384,demo_taxi_0046,2024-03-20T08:25:14.000,2024-03-20T08:40:49.000,935,5.1,,,1.0,69.0,13.62,0.0,0.0,0.0,13.62,Cash,Demo City Service,42.01332107605625,-87.67633073163142,41.753979471769185,-87.6251187203434
demo_trip_001385,demo_taxi_0028,2024-03-09T17:43:32.000,2024-03-09T17:53:08.000,576,2.5,,,6.0,51.0,11.92,2.17,0.0,0.0,14.09,Cash,Demo City Service,41.94859810980086,-87.66140771045781,41.68215892109175,-87.60114787482883
demo_trip_001386,demo_taxi_0067,2024-03-20T15:47:32.000,2024-03-20T16:26:43.000,2351,10.96,,,6.0,23.0,40.87,10.14,0.0,0.0,51.01,Credit Card,Demo Sun Taxi,41.94349339553172,-87.65949533029261,41.88862984619966,-87.73834122086214
demo_trip_001387,demo_taxi_0039,2024-03-19T21:51:51.000,2024-03-19T22:00:19.000,508,1.63,,,10.0,46.0,4.44,0.0,0.0,0.0,4.44,Credit Card,Demo City Service,41.99634901121087,-87.81874217538521,41.74760482473252,-87.57593781025065
demo_trip_001388,demo_taxi_0106,2024-03-10T13:25:09.000,2024-03-10T14:01:35.000,2186,5.63,,,54.0,54.0,24.16,0.0,0.0,0.0,24.16,Credit Card,Demo Globe Taxi,41.660819646460695,-87.59416177070293,41.654192522822285,-87.61172375506781
demo_trip_001389,demo_taxi_0109,2024-03-18T09:23:44.000,2024-03-18T09:23:44.000,0,2.64,,,29.0,46.0,7.09,1.2,0.0,0.0,8.29,Credit Card,Demo Flash Cab,41.850008081161334,-87.73933260422035,41.850008081161334,-87.73933260422035
demo_trip_001390,demo_taxi_0036,2024-03-09T07:22:00.000,2024-03-09T07:38:27.000,987,2.51,,,5.0,48.0,8.76,1.82,0.0,0.0,10.58,Cash,Demo City Service,41.936223289527746,-87.6814861470343,41.72603944891794,-87.57641555881726
demo_trip_001391,demo_taxi_0063,2024-03-14T17:40:17.000,2024-03-14T18:20:12.000,2395,21.14,,,48.0,75.0,65.02,0.0,0.0,0.0,65.02,No Charge,Demo Sun Taxi,41.72472005890695,-87.58297834230441,41.69443106684336,-87.65979517955621
demo_trip_001392,demo_taxi_0118,2024-03-20T22:25:10.000,2024-03-20T22:34:17.000,547,3.88,,,59.0,67.0,11.3,0.0,0.0,0.88,12.18,Credit Card,Demo Flash Cab,41.82708293479375,-87.6828718941196,41.790445216010994,-87.6760132004265
demo_trip_001393,demo_taxi_0089,2024-03-07T02:24:07.000,2024-03-07T02:33:02.000,535,4.57,,,,,17.52,4.14,0.0,0.0,21.66,Cash,Demo Globe Taxi,41.78533422915074,-87.66585280864787,41.786683060204915,-87.66775825788497
demo_trip_001394,demo_taxi_0025,2024-03-11T18:10:35.000,2024-03-11T18:36:07.000,1532,8.51,,,29.0,13.0,36.59,4.57,0.0,0.0,41.16,Cash,Demo Globe Taxi,41.86466682394138,-87.69562074326156,41.9810471014992,-87.7459764983335
demo_trip_001395,demo_taxi_0070,2024-03-20T21:28:54.000,2024-03-20T21:38:56.000,602,2.35,,,11.0,10.0,8.74,1.85,0.0,0.0,10.59,Cash,Demo City Service,41.986480757577745,-87.76962395426176,41.98000337063382,-87.83195442275868
demo_trip_001396,demo_taxi_0074,2024-03-13T06:14:40.000,2024-03-13T06:18:34.000,234,1.03,,,29.0,46.0,4.69,0.0,0.0,0.0,4.69,Mobile,Demo Globe Taxi,41.8539031654806,-87.71856959114528,41.74704453318673,-87.53781774273985
demo_trip_001397,demo_taxi_0078,2024-03-24T06:31:51.000,2024-03-24T07:00:33.000,1722,14.87,,,59.0,11.0,71.28,0.0,0.0,0.0,71.28,Credit Card,Demo City Service,41.825344914553206,-87.67705586400626,41.988289668722246,-87.76535824260384
demo_trip_001398,demo_taxi_0003,2024-03-04T17:53:35.000,2024-03-04T18:32:04.000,2309,7.24,,,75.0,46.0,32.71,0.0,0.0,0.0,32.71,Cash,Demo Sun Taxi,41.69643263491404,-87.65964250590532,41.74356147959854,-87.54580449271106
demo_trip_001399,demo_taxi_0035,2024-03-19T17:46:03.000,2024-03-19T18:17:09.000,1866,13.92,,,75.0,75.0,68.09,0.0,0.0,0.0,68.09,Credit Card,Demo City Service,41.67762534192427,-87.66917267475112,41.686951995799554,-87.67070824656008
demo_trip_001400,demo_taxi_0102,2024-03-21T05:28:20.000,2024-03-21T06:07:00.000,2320,9.08,,,35.0,23.0,43.79,0.0,0.0,0.0,43.79,Credit Card,Demo Taxi Co,41.83124784189734,-87.61828619451661,41.90829182873355,-87.73250308423825
demo_trip_001401,demo_taxi_0028,2024-03-23T19:58:49.000,2024-03-23T20:21:19.000,1350,6.58,,,46.0,1.0,30.14,0.0,0.0,0.0,30.14,Cash,Demo Globe Taxi,41.73950405902531,-87.54151311988075,42.01199216025395,-87.6634583691907
demo_trip_001402,demo_taxi_0035,2024-03-07T15:58:02.000,2024-03-07T16:23:45.000,1543,3.46,,,48.0,5.0,11.18,1.41,0.0,0.0,12.59,Credit Card,Demo City Service,41.73314490868139,-87.56011048669673,41.94064235332509,-87.67509437264894
demo_trip_001403,demo_taxi_0038,2024-03-24T21:26:05.000,2024-03-24T22:05:26.000,2361,13.73,,,19.0,69.0,40.31,5.48,0.0,0.0,45.79,Credit Card,Demo Sun Taxi,41.91946124830465,-87.78748881994875,41.75666729720568,-87.62737452749573
demo_trip_001404,demo_taxi_0021,2024-03-12T20:45:50.000,2024-03-12T21:07:28.000,1298,4.13,,,29.0,23.0,17.83,0.0,0.0,0.0,17.83,Credit Card,Demo City Service,41.8585337910919,-87.73930743674062,41.893182841872566,-87.71427543896894
demo_trip_001405,demo_taxi_0018,2024-03-11T19:20:03.000,2024-03-11T19:24:29.000,266,2.31,,,23.0,75.0,10.66,1.48,0.0,0.0,12.14,Credit Card,Demo Taxi Co,41.91199020618611,-87.71648000476002,41.688501357122185,-87.66952200229433
demo_trip_001406,demo_taxi_0041,2024-03-11T14:52:57.000,2024-03-11T15:04:47.000,710,2.1,,,36.0,35.0,9.57,0.0,0.0,0.0,9.57,Credit Card,Demo Taxi Co,41.82039337649797,-87.59864284649476,41.83995977964863,-87.62157851956053
demo_trip_001407,demo_taxi_0104,2024-03-17T09:22:45.000,2024-03-17T09:48:43.000,1558,6.39,,,11.0,19.0,26.26,0.0,0.0,0.0,26.26,Credit Card,Demo Taxi Co,41.974241835943296,-87.76416914486109,41.9329126873688,-87.75655743431822
demo_trip_001408,demo_taxi_0000,2024-03-17T14:15:39.000,2024-03-17T14:50:22.000,2083,4.86,,,67.0,5.0,22.23,5.25,0.0,1.82,29.3,Credit Card,Demo Sun Taxi,41.78769057951073,-87.66646443041061,41.945710545144806,-87.68261766514242
demo_trip_001409,demo_taxi_0033,2024-03-13T06:08:32.000,2024-03-13T06:33:58.000,1526,14.75,,,29.0,51.0,62.95,0.0,0.0,0.0,62.95,Cash,Demo Taxi Co,41.85984418053714,-87.6952314489148,41.70554083942162,-87.57511314776276
demo_trip_001410,demo_taxi_0007,2024-03-05T17:50:05.000,2024-03-05T18:08:05.000,1080,7.6,,,6.0,34.0,31.64,0.0,0.0,0.0,31.64,Cash,Demo Sun Taxi,41.95277921681312,-87.6512074100574,41.84683344768577,-87.64153137689728
demo_trip_001411,demo_taxi_0067,2024-03-24T07:17:24.000,2024-03-24T07:32:17.000,893,6.29,,,29.0,69.0,16.46,0.0,0.0,0.0,16.46,No Charge,Demo Taxi Co,41.85619525790809,-87.71250261163293,41.763153492497786,-87.63302918760887
demo_trip_001412,demo_taxi_0030,2024-03-08T14:48:48.000,2024-03-08T15:17:04.000,1696,10.37,,,51.0,1.0,37.86,3.88,0.0,1.42,43.16,No Charge,Demo Flash Cab,41.659435268039424,-87.55986953020422,42.005248811199245,-87.67749656472185
demo_trip_001413,demo_taxi_0095,2024-03-05T05:05:54.000,2024-03-05T05:42:10.000,2176,19.0,,,1.0,1.0,49.11,0.0,0.0,0.0,49.11,Mobile,Demo Taxi Co,42.017102786394794,-87.67526146455519,42.015974675238105,-87.67494815652512
demo_trip_001414,demo_taxi_0070,2024-03-16T09:30:26.000,2024-03-16T09:43:43.000,797,2.63,,,51.0,13.0,7.18,0.0,0.0,0.0,7.18,Cash,Demo Sun Taxi,41.68950589109314,-87.57698461403429,41.97857859842386,-87.74044377029517
demo_trip_001415,demo_taxi_0094,2024-03-12T08:25:50.000,2024-03-12T08:49:17.000,1407,11.49,,,,,44.27,0.0,0.0,0.0,44.27,Credit Card,Demo Sun Taxi,41.75727510076925,-87.61796877961936,41.85400662542052,-87.73471728657368
demo_trip_001416,demo_taxi_0076,2024-03-16T16:26:46.000,2024-03-16T16:45:34.000,1128,9.33,,,75.0,75.0,24.43,0.0,0.0,0.0,24.43,Credit Card,Demo Globe Taxi,41.679987444713575,-87.66864455680862,41.68689575718452,-87.65412339203839
demo_trip_001417,demo_taxi_0052,2024-03-22T18:10:03.000,2024-03-22T18:22:09.000,726,1.81,,,19.0,54.0,8.66,0.0,0.0,0.0,8.66,No Charge,Demo Globe Taxi,41.91747772399575,-87.78846889678654,41.65920124275438,-87.59996708334667
demo_trip_001418,demo_taxi_0103,2024-03-06T05:04:37.000,2024-03-06T05:22:36.000,1079,3.47,,,51.0,67.0,12.58,2.01,0.0,0.0,14.59,Dispute,Demo Flash Cab,41.67056388763181,-87.54998891873922,41.770050399526006,-87.65632901416211
demo_trip_001419,demo_taxi_0057,2024-03-09T19:20:36.000,2024-03-09T19:26:52.000,376,2.38,,,1.0,13.0,10.11,0.0,0.0,1.83,11.94,Cash,Demo Globe Taxi,42.00142263436746,-87.67627496245593,41.980537232398156,-87.73641184720807
demo_trip_001420,demo_taxi_0113,2024-03-14T20:28:32.000,2024-03-14T20:51:08.000,1356,3.93,,,1.0,5.0,11.28,1.6,0.0,0.0,12.88,Cash,Demo Taxi Co,42.009130857204326,-87.66251525073777,41.937959446427556,-87.67776855659658
demo_trip_001421,demo_taxi_0119,2024-03-20T10:47:46.000,2024-03-20T10:54:43.000,417,1.81,,,1.0,51.0,8.36,0.0,0.0,0.0,8.36,Credit Card,Demo Globe Taxi,42.01442714126563,-87.66865976998226,41.691558214585285,-87.58965348127239
demo_trip_001422,demo_taxi_0070,2024-03-16T17:27:53.000,2024-03-16T17:48:25.000,1232,6.47,,,19.0,54.0,23.91,5.95,0.0,0.0,29.86,Credit Card,Demo Globe Taxi,41.9376576223454,-87.7887708097107,41.6559119138982,-87.59477860847068
demo_trip_001423,demo_taxi_0080,2024-03-12T12:14:33.000,2024-03-12T12:50:45.000,2172,7.39,,,6.0,34.0,28.8,3.5,0.0,0.0,32.3,Cash,Demo Taxi Co,41.938257222097356,-87.64661249568226,41.83070594543875,-87.63497078281499
demo_trip_001424,demo_taxi_0030,2024-03-16T07:15:19.000,2024-03-16T07:23:42.000,503,3.77,,,6.0,59.0,15.54,0.0,0.0,0.0,15.54,Credit Card,Demo Flash Cab,41.953328242930375,-87.64377241319946,41.83411065343788,-87.68611731846134
demo_trip_001425,demo_taxi_0097,2024-03-24T15:36:58.000,2024-03-24T15:49:13.000,735,4.36,,,67.0,51.0,16.78,0.0,0.0,0.0,16.78,Cash,Demo Sun Taxi,41.780617794186625,-87.67397927204145,41.65958858073355,-87.5810073851824
demo_trip_001426,demo_taxi_0080,2024-03-14T06:26:57.000,2024-03-14T06:56:37.000,1780,12.5,,,36.0,48.0,48.85,0.0,0.0,0.0,48.85,Cash,Demo Taxi Co,41.822292765419434,-87.59893952031985,41.7289443013709,-87.55474716928961
demo_trip_001427,demo_taxi_0108,2024-03-22T20:54:41.000,2024-03-22T21:31:14.000,2193,12.67,,,19.0,46.0,55.26,0.0,0.0,1.33,56.59,Mobile,Demo Flash Cab,41.93474779012542,-87.77496703451219,41.74401148588296,-87.56398184248442
demo_trip_001428,demo_taxi_0032,2024-03-20T21:26:38.000,2024-03-20T22:04:59.000,2301,12.23,,,5.0,46.0,55.23,0.0,0.0,0.0,55.23,Mobile,Demo Sun Taxi,41.94250879406933,-87.6814508757277,41.740810130840096,-87.56081088234517
demo_trip_001429,demo_taxi_0094,2024-03-10T19:34:06.000,2024-03-10T19:41:32.000,446,2.64,,,19.0,48.0,8.62,0.0,0.0,0.0,8.62,Credit Card,Demo Sun Taxi,41.92635699112331,-87.74557882734369,41.72744869759639,-87.58154782277789
demo_trip_001430,demo_taxi_0056,2024-03-09T15:03:24.000,2024-03-09T15:15:14.000,710,6.37,,,54.0,34.0,30.61,0.0,0.0,0.0,30.61,Credit Card,Demo Taxi Co,41.66470026852385,-87.6124202842627,41.847321845907196,-87.63939272103181
demo_trip_001431,demo_taxi_0022,2024-03-20T15:11:11.000,2024-03-20T15:50:35.000,2364,12.28,,,10.0,5.0,41.56,0.0,0.0,0.0,41.56,Cash,Demo Flash Cab,41.98100325795065,-87.79694910089623,41.94649653046568,-87.67785793725295
demo_trip_001432,demo_taxi_0020,2024-03-08T23:51:30.000,2024-03-09T00:13:12.000,1302,9.17,,,19.0,5.0,29.17,0.0,0.0,0.0,29.17,Cash,Demo Sun Taxi,41.92722256512604,-87.74905775271345,41.95404748506253,-87.6882366663668
demo_trip_001433,demo_taxi_0067,2024-03-11T08:20:49.000,2024-03-11T08:54:39.000,2030,17.21,,,59.0,69.0,56.42,7.09,0.0,0.0,63.51,Unknown,Demo Globe Taxi,41.83678895404097,-87.67279208718551,41.77019050217673,-87.63074822165007
demo_trip_001434,demo_taxi_0038,2024-03-08T06:25:13.000,2024-03-08T06:28:44.000,211,1.45,,,51.0,46.0,4.92,0.7,0.0,0.0,5.62,Credit Card,Demo Flash Cab,41.685985607186026,-87.57427646337561,41.73152961225462,-87.54076260868543
demo_trip_001435,demo_taxi_0012,2024-03-16T15:35:59.000,2024-03-16T15:43:17.000,438,1.72,,,10.0,10.0,5.66,0.84,0.0,0.0,6.5,Credit Card,Demo Flash Cab,41.974534650017496,-87.8132771856482,41.993771657434124,-87.79806645705197
demo_trip_001436,demo_taxi_0051,2024-03-10T10:03:07.000,2024-03-10T10:13:40.000,633,1.99,,,69.0,34.0,9.17,0.0,0.0,0.0,9.17,Credit Card,Demo Sun Taxi,41.75538028988273,-87.6118012336057,41.85012454068655,-87.63787348419942
demo_trip_001437,demo_taxi_0078,2024-03-17T10:30:05.000,2024-03-17T10:36:16.000,371,2.47,,,19.0,34.0,9.64,0.0,0.0,0.0,9.64,Cash,Demo Flash Cab,41.927921074494144,-87.77971136483188,41.838972942468324,-87.6354432942883
demo_trip_001438,demo_taxi_0038,2024-03-23T00:20:58.000,2024-03-23T00:56:55.000,2157,16.56,,,54.0,29.0,81.46,16.21,0.0,0.0,97.67,Credit Card,Demo Taxi Co,41.67121304454875,-87.60903541045235,41.85169633431462,-87.73893016135573
demo_trip_001439,demo_taxi_0114,2024-03-21T16:08:06.000,2024-03-21T16:40:49.000,1963,15.68,,,51.0,51.0,42.49,9.47,0.0,0.0,51.96,Credit Card,Demo Globe Taxi,41.67866384677815,-87.56067533477062,41.69835115146094,-87.56592069196067
demo_trip_001440,demo_taxi_0093,2024-03-23T09:25:44.000,2024-03-23T09:43:10.000,1046,7.77,,,10.0,51.0,31.35,5.54,0.0,0.0,36.89,Credit Card,Demo Flash Cab,41.98524672120395,-87.8314876813096,41.683578818235176,-87.59322635675004
demo_trip_001441,demo_taxi_0061,2024-03-04T08:26:45.000,2024-03-04T08:32:38.000,353,0.79,,,54.0,1.0,2.16,0.0,0.0,0.0,2.16,Credit Card,Demo City Service,41.666032985478004,-87.61642030362103,42.0035920687036,-87.66446094234352
demo_trip_001442,demo_taxi_0112,2024-03-13T03:11:19.000,2024-03-13T03:18:14.000,415,3.33,,,5.0,75.0,12.14,1.34,0.0,0.0,13.48,Cash,Demo City Service,41.950402342048676,-87.67978933406049,41.68603359799059,-87.64406342361997
demo_trip_001443,demo_taxi_0051,2024-03-08T11:32:03.000,2024-03-08T11:44:45.000,762,5.15,,,54.0,6.0,17.8,0.0,0.0,0.0,17.8,Credit Card,Demo City Service,41.65107266414565,-87.61390525428799,41.94817694479591,-87.67305824195141
demo_trip_001444,demo_taxi_0016,2024-03-23T20:44:18.000,2024-03-23T21:14:11.000,1793,17.27,,,54.0,48.0,72.57,0.0,0.0,0.0,72.57,Mobile,Demo Globe Taxi,41.67037391841083,-87.60095155943895,41.72925058902968,-87.56176076888602
demo_trip_001445,demo_taxi_0004,2024-03-18T10:16:04.000,2024-03-18T10:48:42.000,1958,15.58,,,51.0,36.0,67.99,0.0,0.0,0.0,67.99,Cash,Demo Flash Cab,41.686889213222535,-87.58908973063498,41.825663606724845,-87.60623085949675
demo_trip_001446,demo_taxi_0112,2024-03-10T17:57:40.000,2024-03-10T18:20:37.000,1377,7.5,,,36.0,75.0,23.21,0.0,0.0,0.0,23.21,Credit Card,Demo City Service,41.82454665265804,-87.61156165784871,41.68239530075702,-87.6635721660835
demo_trip_001447,demo_taxi_0115,2024-03-15T18:36:53.000,2024-03-15T19:13:27.000,2194,16.0,,,11.0,54.0,47.75,0.0,0.0,0.0,47.75,Credit Card,Demo Taxi Co,41.97395672482524,-87.75528924554354,41.65426506367245,-87.61618810236973
demo_trip_001448,demo_taxi_0088,2024-03-16T10:46:59.000,2024-03-16T10:46:59.000,0,15.33,,,67.0,34.0,54.4,0.0,0.0,0.0,54.4,Credit Card,Demo Sun Taxi,41.766212293216114,-87.66571200952659,41.766212293216114,-87.66571200952659
demo_trip_001449,demo_taxi_0012,2024-03-14T19:04:48.000,2024-03-14T19:36:12.000,1884,8.95,,,51.0,6.0,27.79,0.0,0.0,0.0,27.79,Credit Card,Demo Flash Cab,41.67153518361316,-87.54819074979147,41.94573555080494,-87.65315753291675
demo_trip_001450,demo_taxi_0035,2024-03-13T17:46:46.000,2024-03-13T17:52:40.000,354,2.2,,,5.0,23.0,9.22,0.0,0.0,0.0,9.22,Cash,Demo Sun Taxi,41.93968418596062,-87.67852490452167,41.89889911359368,-87.7042867627186
demo_trip_001451,demo_taxi_0004,2024-03-05T15:20:52.000,2024-03-05T15:56:47.000,2155,8.09,,,54.0,54.0,30.7,0.0,0.0,0.0,30.7,No Charge,Demo City Service,41.6580306426841,-87.5877915982452,41.64679432500245,-87.6160440526093
demo_trip_001452,demo_taxi_0006,2024-03-13T00:42:46.000,2024-03-13T01:19:22.000,2196,6.33,,,67.0,35.0,28.91,0.0,0.0,0.0,28.91,Credit Card,Demo City Service,41.77157613547051,-87.66513709352913,41.839603721734505,-87.62428842769648
demo_trip_001453,demo_taxi_0029,2024-03-11T03:48:39.000,2024-03-11T04:12:21.000,1422,10.98,,,5.0,11.0,54.39,11.54,0.0,0.0,65.93,Credit Card,Demo Taxi Co,41.94938583636586,-87.69245108318208,41.98113579082908,-87.77479318533965
demo_trip_001454,demo_taxi_0068,2024-03-21T23:15:59.000,2024-03-21T23:41:09.000,1510,7.71,,,48.0,54.0,26.56,0.0,0.0,0.0,26.56,Mobile,Demo Globe Taxi,41.73016684011764,-87.57765035474272,41.64526430188353,-87.57902234530681
demo_trip_001455,demo_taxi_0007,2024-03-22T18:15:19.000,2024-03-22T18:47:09.000,1910,15.07,,,48.0,48.0,72.03,0.0,0.0,2.52,74.55,Cash,Demo Taxi Co,41.72338538712612,-87.55741018548557,41.732618119360076,-87.58211480193856
demo_trip_001456,demo_taxi_0118,2024-03-19T21:03:24.000,2024-03-19T21:28:19.000,1495,8.8,,,11.0,35.0,39.1,0.0,0.0,0.0,39.1,Credit Card,Demo Sun Taxi,41.97881337181976,-87.78547088736931,41.83215772118546,-87.61119872681572
demo_trip_001457,demo_taxi_0054,2024-03-04T20:36:54.000,2024-03-04T20:52:38.000,944,7.83,,,34.0,19.0,22.49,0.0,0.0,0.0,22.49,Cash,Demo Globe Taxi,41.85066720086547,-87.63387187251452,41.91633784622051,-87.75777517138528
demo_trip_001458,demo_taxi_0031,2024-03-21T01:46:18.000,2024-03-21T02:15:05.000,1727,13.42,,,36.0,54.0,61.6,0.0,0.0,0.0,61.6,Credit Card,Demo City Service,41.82258210142731,-87.59930713526511,41.66579773144551,-87.5985330785342
demo_trip_001459,demo_taxi_0061,2024-03-12T19:24:17.000,2024-03-12T19:56:20.000,1923,15.29,,,75.0,1.0,56.63,0.0,0.0,0.0,56.63,Credit Card,Demo Sun Taxi,41.69316189357257,-87.64565061280872,42.01250702282498,-87.66554714921747
demo_trip_001460,demo_taxi_0094,2024-03-12T13:09:09.000,2024-03-12T13:17:23.000,494,2.69,,,13.0,34.0,11.49,0.0,0.0,0.0,11.49,Dispute,Demo Sun Taxi,41.97712374876337,-87.72492474438528,41.843743510754166,-87.63580448657169
demo_trip_001461,demo_taxi_0037,2024-03-23T18:18:16.000,2024-03-23T18:46:25.000,1689,15.93,,,10.0,13.0,67.81,0.0,0.0,0.0,67.81,Cash,Demo Taxi Co,41.98879401655328,-87.79846190226029,41.98743972725232,-87.71028941513956
demo_trip_001462,demo_taxi_0005,2024-03-22T00:24:35.000,2024-03-22T00:33:59.000,564,2.97,,,69.0,6.0,14.0,2.47,0.0,0.0,16.47,Credit Card,Demo Globe Taxi,41.75650586260211,-87.60942099362785,41.95911294802034,-87.66544748129834
demo_trip_001463,demo_taxi_0006,2024-03-05T09:54:53.000,2024-03-05T10:19:09.000,1456,11.9,,,,,52.39,9.33,0.0,0.0,61.72,No Charge,Demo City Service,41.76037499643252,-87.62578940942974,41.66985281239121,-87.58903465953303
demo_trip_001464,demo_taxi_0102,2024-03-11T18:07:08.000,2024-03-11T18:14:07.000,419,2.47,,,34.0,11.0,11.27,0.0,0.0,0.0,11.27,Credit Card,Demo City Service,41.85399656407574,-87.63419120520528,41.96940642942771,-87.75874471740136
demo_trip_001465,demo_taxi_0013,2024-03-19T19:20:40.000,2024-03-19T20:00:22.000,2382,9.49,,,6.0,67.0,31.34,6.14,0.0,0.0,37.48,Credit Card,Demo City Service,41.96088003762969,-87.66904826320658,41.76013405596392,-87.66705608756192
demo_trip_001466,demo_taxi_0076,2024-03-15T16:38:45.000,2024-03-15T17:06:27.000,1662,11.53,,,46.0,19.0,56.88,0.0,0.0,0.0,56.88,Dispute,Demo Taxi Co,41.73911942575605,-87.54191224212273,41.92249426010966,-87.76957738251953
demo_trip_001467,demo_taxi_0046,2024-03-09T09:14:53.000,2024-03-09T09:35:15.000,1222,7.01,,,34.0,46.0,29.12,6.43,0.0,0.0,35.55,Cash,Demo Sun Taxi,41.83775284652886,-87.63578962749433,41.75008769700822,-87.54680465243406
demo_trip_001468,demo_taxi_0093,2024-03-15T10:53:45.000,2024-03-15T11:15:23.000,1298,5.46,,,29.0,36.0,24.21,0.0,0.0,0.0,24.21,Cash,Demo Sun Taxi,41.86189711854612,-87.6961467751364,41.82128062865382,-87.59730929370208
demo_trip_001469,demo_taxi_0007,2024-03-22T22:54:09.000,2024-03-22T23:20:03.000,1554,7.91,,,36.0,10.0,36.76,0.0,0.0,0.0,36.76,Credit Card,Demo Taxi Co,41.8201027329571,-87.60378273501985,41.986312660422485,-87.78787896895471
demo_trip_001470,demo_taxi_0107,2024-03-08T13:22:29.000,2024-03-08T13:30:05.000,456,1.56,,,19.0,69.0,4.38,0.0,0.0,0.0,4.38,Credit Card,Demo Globe Taxi,41.91797134904738,-87.76702012124598,41.76324435831834,-87.62691459589375
demo_trip_001471,demo_taxi_0083,2024-03-19T13:44:57.000,2024-03-19T14:06:48.000,1311,12.62,,,23.0,54.0,42.16,0.0,0.0,0.0,42.16,No Charge,Demo Taxi Co,41.90363225825958,-87.70816632388826,41.66399182632014,-87.60768328784414
demo_trip_001472,,2024-03-19T15:45:54.000,2024-03-19T16:15:23.000,1769,12.46,,,11.0,75.0,57.19,0.0,0.0,0.0,57.19,Credit Card,Demo Taxi Co,41.980999271937904,-87.75935058558777,41.687444244135605,-87.65390850334143
demo_trip_001473,demo_taxi_0024,2024-03-22T12:40:36.000,2024-03-22T12:53:14.000,758,2.67,,,5.0,59.0,12.83,0.0,0.0,0.0,12.83,Mobile,Demo City Service,41.9567323551108,-87.69031220886355,41.82436362184556,-87.6790569650403
demo_trip_001474,demo_taxi_0117,2024-03-10T15:11:57.000,2024-03-10T15:32:41.000,1244,9.9,,,35.0,5.0,43.46,5.95,0.0,0.58,49.99,Cash,Demo City Service,41.839260730032805,-87.61112803508658,41.94445624446584,-87.67674373931878
demo_trip_001475,demo_taxi_0036,2024-03-08T12:02:40.000,2024-03-08T12:17:53.000,913,6.15,,,75.0,51.0,22.79,4.88,0.0,0.0,27.67,Credit Card,Demo Taxi Co,41.69670537998356,-87.66752445118287,41.70859505434626,-87.5755311431208
demo_trip_001476,demo_taxi_0058,2024-03-15T19:20:03.000,2024-03-15T19:29:00.000,537,4.1,,,46.0,48.0,12.82,1.45,0.0,0.0,14.27,Mobile,Demo Sun Taxi,41.73422462723075,-87.53620464525842,41.726082971813014,-87.56393741675966
demo_trip_001477,demo_taxi_0047,2024-03-15T21:07:54.000,2024-03-15T21:47:06.000,2352,15.54,,,34.0,36.0,59.25,0.0,0.0,0.0,59.25,No Charge,Demo Globe Taxi,41.85021535862463,-87.63128958188553,41.81847585333838,-87.59789292866253
demo_trip_001478,demo_taxi_0027,2024-03-12T21:17:10.000,2024-03-12T21:42:05.000,1495,4.0,,,54.0,5.0,13.97,0.0,0.0,0.0,13.97,Mobile,Demo Globe Taxi,41.64942811041453,-87.60823613988053,41.943037731586145,-87.68188880775598
demo_trip_001479,demo_taxi_0049,2024-03-20T15:38:22.000,2024-03-20T15:55:52.000,1050,3.93,,,67.0,51.0,18.53,2.43,0.0,0.0,20.96,Credit Card,Demo Flash Cab,41.76541405893965,-87.67330780156462,41.70331605139212,-87.57504466989488
demo_trip_001480,demo_taxi_0018,2024-03-20T13:35:14.000,2024-03-20T13:50:44.000,930,7.43,,,48.0,69.0,29.11,0.0,0.0,0.0,29.11,Cash,Demo Globe Taxi,41.72573830547571,-87.55893620795513,41.762060886071886,-87.60183441566316
demo_trip_001481,demo_taxi_0000,2024-03-09T17:12:43.000,2024-03-09T17:40:51.000,1688,13.3,,,75.0,69.0,46.29,8.21,0.0,0.0,54.5,Credit Card,Demo City Service,41.69227742334087,-87.66382677572771,41.75782300721089,-87.59815803618993
demo_trip_001482,demo_taxi_0034,2024-03-20T19:01:01.000,2024-03-20T19:08:01.000,420,3.31,,,,,12.4,1.85,0.0,0.0,14.25,Credit Card,Demo Globe Taxi,41.984549772353816,-87.7648911360296,41.82878140262967,-87.63551274655008
demo_trip_001483,demo_taxi_0013,2024-03-08T15:13:38.000,2024-03-08T15:37:36.000,1438,3.36,,,54.0,29.0,16.24,3.44,0.0,0.0,19.68,Mobile,Demo City Service,41.6627964811974,-87.61275778313087,41.86832195401586,-87.72493529347462
demo_trip_001484,demo_taxi_0049,2024-03-12T17:27:51.000,2024-03-12T17:39:22.000,691,5.71,,,67.0,75.0,23.03,0.0,0.0,0.0,23.03,Unknown,Demo Flash Cab,41.765503355156845,-87.65700477957144,41.69243881657434,-87.67826032850239
demo_trip_001485,demo_taxi_0103,2024-03-04T18:46:47.000,2024-03-04T19:22:42.000,2155,11.89,,,36.0,10.0,36.53,6.08,0.0,2.19,44.8,Credit Card,Demo Globe Taxi,41.82876539983001,-87.6026435795232,41.98752733114607,-87.78314324623176
demo_trip_001486,demo_taxi_0019,2024-03-11T17:21:18.000,2024-03-11T17:53:19.000,1921,14.26,,,34.0,13.0,53.48,0.0,0.0,0.0,53.48,Cash,Demo Taxi Co,41.85501388304477,-87.63430077038376,41.974848357409954,-87.71674166155174
demo_trip_001487,,2024-03-24T18:17:53.000,2024-03-24T18:48:55.000,1862,7.94,,,5.0,35.0,29.09,0.0,0.0,2.29,31.38,No Charge,Demo Sun Taxi,41.94367831733863,-87.68615271040423,41.838333674463584,-87.61181761465531
demo_trip_001488,demo_taxi_0013,2024-03-13T08:33:21.000,2024-03-13T08:33:21.000,0,4.02,,,,,13.17,0.0,0.0,0.0,13.17,Cash,Demo Globe Taxi,41.893514441049845,-87.72987664605428,41.893514441049845,-87.72987664605428
demo_trip_001489,demo_taxi_0060,2024-03-18T14:04:40.000,2024-03-18T14:10:39.000,359,3.44,,,36.0,34.0,14.93,1.95,0.0,0.0,16.88,Credit Card,Demo City Service,41.81798319480549,-87.59755504751749,41.84098679811287,-87.635353566888
demo_trip_001490,demo_taxi_0032,2024-03-06T16:13:30.000,2024-03-06T16:33:27.000,1197,4.94,,,54.0,13.0,15.66,0.0,0.0,0.0,15.66,Credit Card,Demo City Service,41.6814633314475,-87.61013715583496,41.99123767021375,-87.7306623398888
demo_trip_001491,demo_taxi_0058,2024-03-17T00:02:04.000,2024-03-17T00:02:04.000,0,7.85,,,36.0,75.0,29.29,0.0,0.0,0.0,29.29,Cash,Demo Flash Cab,41.81749173564885,-87.60081387617768,41.81749173564885,-87.60081387617768
demo_trip_001492,demo_taxi_0003,2024-03-11T20:31:00.000,2024-03-11T21:00:47.000,1787,12.08,,,54.0,5.0,43.52,0.0,0.0,0.0,43.52,No Charge,Demo Flash Cab,41.67381754716778,-87.60949757618316,41.941401368720975,-87.68148019812827
demo_trip_001493,demo_taxi_0039,2024-03-19T16:26:10.000,2024-03-19T16:55:30.000,1760,7.52,,,19.0,69.0,27.58,6.67,0.0,0.0,34.25,Credit Card,Demo City Service,41.93257869030369,-87.76559188318333,41.753620804692076,-87.6208917017473
demo_trip_001494,demo_taxi_0049,2024-03-23T07:34:56.000,2024-03-23T07:52:37.000,1061,4.7,,,36.0,6.0,18.41,3.24,0.0,0.0,21.65,Credit Card,Demo Globe Taxi,41.821578027359124,-87.60212514559295,41.936111673153775,-87.63374585625715
demo_trip_001495,demo_taxi_0051,2024-03-15T19:37:57.000,2024-03-15T19:37:57.000,0,4.15,,,69.0,19.0,17.46,0.0,0.0,0.0,17.46,Cash,Demo Taxi Co,41.757290953464256,-87.63494492455102,41.757290953464256,-87.63494492455102
demo_trip_001496,demo_taxi_0066,2024-03-06T17:23:24.000,2024-03-06T17:38:23.000,899,3.91,,,34.0,5.0,11.17,2.51,0.0,0.0,13.68,Mobile,Demo Taxi Co,41.83180353362509,-87.62984821352809,41.94081242491507,-87.69370780664168
demo_trip_001497,demo_taxi_0093,2024-03-13T18:52:58.000,2024-03-13T19:14:35.000,1297,3.35,,,29.0,48.0,10.79,0.0,0.0,0.0,10.79,No Charge,Demo Flash Cab,41.85978014991119,-87.73060156620095,41.72304579741432,-87.56387775350944
demo_trip_001498,demo_taxi_0056,2024-03-06T12:55:02.000,2024-03-06T13:07:24.000,742,6.51,,,11.0,75.0,28.85,5.77,0.0,0.0,34.62,Mobile,Demo Sun Taxi,41.98164859872357,-87.77473084386114,41.6974895585168,-87.64398061000334
demo_trip_001499,demo_taxi_0100,2024-03-13T20:06:58.000,2024-03-13T20:21:43.000,885,5.88,,,13.0,10.0,28.04,0.0,0.0,0.0,28.04,Cash,Demo Taxi Co,41.98567828899659,-87.73540654617182,41.99632667752858,-87.81862491090624
demo_trip_001500,demo_taxi_0063,2024-03-05T12:55:13.000,2024-03-05T13:07:07.000,714,5.65,,,1.0,51.0,14.76,0.0,0.0,0.0,14.76,No Charge,Demo Sun Taxi,42.01181402579144,-87.67493841413318,41.67460354752272,-87.5621503154714
demo_trip_001501,demo_taxi_0031,2024-03-17T15:11:02.000,2024-03-17T15:16:25.000,323,2.18,,,5.0,6.0,5.85,0.0,0.0,0.0,5.85,Cash,Demo Flash Cab,41.948215535373464,-87.69491234196946,41.953076157001284,-87.64265435447398
demo_trip_001502,demo_taxi_0027,2024-03-10T00:14:45.000,2024-03-10T00:39:59.000,1514,9.23,,,51.0,34.0,44.62,0.0,0.0,0.0,44.62,Cash,Demo Flash Cab,41.7082204305131,-87.57616062398857,41.84208528834803,-87.63279967542097
demo_trip_001503,demo_taxi_0038,2024-03-08T17:31:22.000,2024-03-08T18:11:15.000,2393,19.14,,,48.0,48.0,54.93,0.0,0.0,0.0,54.93,Credit Card,Demo Globe Taxi,41.72550535079342,-87.55323169675319,41.73442585143117,-87.58911877434181
demo_trip_001504,demo_taxi_0071,2024-03-04T17:01:17.000,2024-03-04T17:39:30.000,2293,5.65,,,5.0,1.0,27.96,3.58,0.0,0.0,31.54,Cash,Demo Sun Taxi,41.943670751702754,-87.69494655590165,42.01564107280027,-87.67490858305628
demo_trip_001505,demo_taxi_0029,2024-03-22T15:21:45.000,2024-03-22T15:59:08.000,2243,295.64974750456764,,,34.0,35.0,1.7295951807807826,0.0,0.0,0.0,46.76,Credit Card,Demo Taxi Co,41.83648705055641,-87.63594614029076,41.831086604671945,-87.6115605396594
demo_trip_001506,demo_taxi_0109,2024-03-21T14:11:19.000,2024-03-21T14:38:41.000,1642,279.79706263599616,,,75.0,75.0,4.69309951138389,0.0,0.0,1.44,33.32,Mobile,Demo Taxi Co,41.68793638763899,-87.662122354133,41.69241898936569,-87.6872238966138
demo_trip_001507,demo_taxi_0057,2024-03-21T19:28:45.000,2024-03-21T19:59:24.000,1839,0.0,,,35.0,10.0,47.16,0.0,0.0,0.0,47.16,Credit Card,Demo Flash Cab,41.832706423291405,-87.60443196625663,41.997344498374595,-87.78669747474494
demo_trip_001508,demo_taxi_0103,2024-03-05T17:48:11.000,2024-03-05T17:53:33.000,322,1.67,,,29.0,35.0,8.26,0.0,0.0,0.0,8.26,Credit Card,Demo Taxi Co,41.85325716420321,-87.73569067660756,41.828694631758644,-87.61288615223718
demo_trip_001509,demo_taxi_0081,2024-03-11T09:55:05.000,2024-03-11T09:55:05.000,0,5.97,,,51.0,51.0,18.73,0.0,0.0,0.0,18.73,Unknown,Demo Flash Cab,41.675734015124526,-87.56573219423801,41.675734015124526,-87.56573219423801
demo_trip_001510,demo_taxi_0040,2024-03-24T22:12:19.000,2024-03-24T22:41:26.000,1747,13.78,,,10.0,5.0,53.01,0.0,0.0,0.0,53.01,Cash,Demo City Service,41.98004800091142,-87.82080811847146,41.95368848593262,-87.68720390628502
demo_trip_001511,demo_taxi_0027,2024-03-16T17:32:36.000,2024-03-16T18:12:10.000,2374,13.91,,,36.0,35.0,42.99,8.6,0.0,0.0,51.59,Cash,Demo Taxi Co,41.81965860563701,-87.60545156040517,41.82382077589846,-87.62152935600409
demo_trip_001512,demo_taxi_0089,2024-03-06T23:28:13.000,2024-03-07T00:04:49.000,2196,11.95,,,54.0,75.0,47.82,9.4,0.0,0.0,57.22,Cash,Demo Sun Taxi,41.65923090404588,-87.60267516883593,41.690192172285265,-87.66347029534674
demo_trip_001513,demo_taxi_0039,2024-03-06T22:24:08.000,2024-03-06T22:50:28.000,1580,5.05,,,34.0,11.0,23.23,2.64,0.0,0.0,25.87,Credit Card,Demo Flash Cab,41.85483364437536,-87.63375815877825,41.97559185374314,-87.76580886311041
demo_trip_001514,demo_taxi_0029,2024-03-09T21:37:44.000,2024-03-09T21:44:45.000,421,2.88,,,48.0,69.0,11.93,0.0,0.0,0.0,11.93,Credit Card,Demo Flash Cab,41.72623229616878,-87.56410163999132,41.76654992268965,-87.6011296588538
demo_trip_001515,demo_taxi_0111,2024-03-24T18:59:29.000,2024-03-24T19:38:13.000,2324,6.08,,,6.0,5.0,15.91,2.64,0.0,0.0,18.55,Cash,Demo Sun Taxi,41.94411445874572,-87.64752211725524,41.95013174793338,-87.67893893373723
demo_trip_001516,demo_taxi_0057,2024-03-07T16:24:25.000,2024-03-07T16:39:10.000,885,4.81,,,48.0,48.0,19.18,4.5,0.0,0.0,23.68,Mobile,Demo Taxi Co,41.73689568278154,-87.57436910268349,41.73251756118578,-87.57468098612671
demo_trip_001517,demo_taxi_0005,2024-03-22T07:03:14.000,2024-03-22T07:07:48.000,274,1.1,,,51.0,67.0,4.57,0.0,0.0,0.0,4.57,Credit Card,Demo Globe Taxi,41.68951477946862,-87.58529185834985,41.77629392703452,-87.66487136569098
demo_trip_001518,demo_taxi_0059,2024-03-18T15:54:01.000,2024-03-18T16:25:26.000,1885,17.71,,,6.0,29.0,53.17,5.78,0.0,0.0,58.95,Credit Card,Demo Globe Taxi,41.93757264019881,-87.6670139660197,41.86518411142544,-87.72829352519567
demo_trip_001519,demo_taxi_0055,2024-03-23T18:55:03.000,2024-03-23T19:04:28.000,565,2.79,,,46.0,75.0,12.29,2.79,0.0,0.0,15.08,Credit Card,Demo Flash Cab,41.74711081178736,-87.54872626934961,41.682986833938706,-87.67330910740498
demo_trip_001520,demo_taxi_0103,2024-03-21T15:19:40.000,2024-03-21T15:33:49.000,849,5.0,,,23.0,10.0,20.34,3.9,0.0,0.0,24.24,Cash,Demo City Service,41.89641724200575,-87.70968909557514,41.979038010049045,-87.81739128871934
demo_trip_001521,demo_taxi_0085,2024-03-10T20:30:04.000,2024-03-10T20:58:07.000,1683,8.48,,,5.0,54.0,21.4,2.19,0.0,0.0,23.59,Credit Card,Demo Flash Cab,41.946005902104005,-87.6954618672837,41.65428046702099,-87.60227864113118
demo_trip_001522,demo_taxi_0022,2024-03-21T06:51:14.000,2024-03-21T07:29:57.000,2323,7.55,,,48.0,59.0,36.82,5.79,0.0,2.69,45.3,Credit Card,Demo City Service,41.7338472925354,-87.57030011050654,41.82410199601398,-87.68548515771897
demo_trip_001523,demo_taxi_0018,2024-03-07T11:30:54.000,2024-03-07T12:07:27.000,2193,10.67,,,75.0,35.0,38.56,8.99,0.0,0.0,47.55,Credit Card,Demo Taxi Co,41.69659361525964,-87.66149178036491,41.830660633780234,-87.62499976848005
demo_trip_001524,demo_taxi_0072,2024-03-10T14:28:20.000,2024-03-10T14:37:23.000,543,4.38,,,75.0,59.0,13.49,2.07,0.0,0.0,15.56,Cash,Demo City Service,41.69365807613966,-87.6619255616514,41.828837446117554,-87.68281347258781
demo_trip_001525,demo_taxi_0005,2024-03-08T12:55:44.000,2024-03-08T13:05:14.000,570,3.92,,,35.0,48.0,10.64,0.0,0.0,0.0,10.64,Cash,Demo Globe Taxi,41.83299214637456,-87.60387981466293,41.732300616921,-87.5869829398428
demo_trip_001526,demo_taxi_0038,2024-03-06T06:49:20.000,2024-03-06T07:22:16.000,1976,10.87,,,23.0,13.0,37.35,0.0,0.0,0.0,37.35,Credit Card,Demo City Service,41.898071409863775,-87.70909987317351,41.99010095285554,-87.71342136546119
demo_trip_001527,demo_taxi_0016,2024-03-05T07:30:55.000,2024-03-05T07:45:38.000,883,7.4,,,13.0,48.0,24.19,0.0,0.0,0.0,24.19,Credit Card,Demo Sun Taxi,41.9951196492067,-87.71563155951544,41.73261097419161,-87.566327535774
demo_trip_001528,demo_taxi_0002,2024-03-07T19:09:49.000,2024-03-07T19:15:42.000,353,0.8,,,13.0,29.0,2.6,0.0,0.0,0.0,2.6,Credit Card,Demo City Service,41.975853753411656,-87.70760972637031,41.868145680530844,-87.71867954674862
demo_trip_001529,demo_taxi_0110,2024-03-06T14:26:28.000,2024-03-06T14:51:13.000,1485,214.53425914433114,,,67.0,19.0,1.6658239270480042,0.0,0.0,0.0,56.08,Cash,Demo City Service,41.78521852687318,-87.6744182130789,41.922034165698555,-87.76344178010703
demo_trip_001530,demo_taxi_0010,2024-03-11T04:40:41.000,2024-03-11T05:07:59.000,1638,4.37,,,10.0,48.0,17.98,0.0,0.0,0.0,17.98,Credit Card,Demo Flash Cab,41.99966416057193,-87.79951839239794,41.73444953451782,-87.56924887339807
demo_trip_001531,demo_taxi_0001,2024-03-05T01:16:24.000,2024-03-05T01:56:23.000,2399,20.99,,,19.0,5.0,59.46,0.0,0.0,0.0,59.46,Mobile,Demo Sun Taxi,41.93509233668918,-87.77525685245998,41.95611729703334,-87.69246686365616
demo_trip_001532,demo_taxi_0111,2024-03-05T13:32:56.000,2024-03-05T13:53:55.000,1259,11.75,,,5.0,10.0,50.17,6.46,0.0,0.0,56.63,Credit Card,Demo City Service,41.93795494140872,-87.68078719447449,41.979768710256415,-87.81328870607885
demo_trip_001533,demo_taxi_0022,2024-03-24T07:39:21.000,2024-03-24T08:11:56.000,1955,16.36,,,10.0,59.0,70.49,11.49,0.0,0.0,81.98,Cash,Demo Globe Taxi,41.98481020539065,-87.80386517043864,41.82655753852935,-87.67387230830822
demo_trip_001534,demo_taxi_0097,2024-03-05T17:05:50.000,2024-03-05T17:28:36.000,1366,3.24,,,54.0,11.0,12.27,2.58,0.0,0.0,14.85,Credit Card,Demo Sun Taxi,41.655978428086996,-87.59850603727281,41.96859088091879,-87.76284342731141
demo_trip_001535,demo_taxi_0003,2024-03-05T19:34:36.000,2024-03-05T20:11:46.000,2230,13.76,,,29.0,54.0,68.65,0.0,0.0,0.0,68.65,Cash,Demo Taxi Co,41.86429789471345,-87.72532616251625,41.64759532249392,-87.61280288028996
demo_trip_001536,demo_taxi_0018,2024-03-04T08:44:38.000,2024-03-04T09:05:39.000,1261,10.64,,,29.0,48.0,34.14,0.0,0.0,0.0,34.14,Cash,Demo Taxi Co,41.864090427423974,-87.72256747486048,41.726883230952964,-87.56037109670099
demo_trip_001537,demo_taxi_0013,2024-03-06T16:12:21.000,2024-03-06T16:40:19.000,1678,10.59,,,10.0,23.0,28.02,3.81,0.0,0.0,31.83,Credit Card,Demo City Service,41.98350741091979,-87.78060006973426,41.89804629655744,-87.71109593091055
demo_trip_001538,demo_taxi_0084,2024-03-15T07:32:49.000,2024-03-15T08:11:27.000,2318,11.41,,,48.0,35.0,29.35,5.5,0.0,0.0,34.85,Credit Card,Demo Globe Taxi,41.73232647722614,-87.59051320092419,41.843372948856405,-87.62087307232972
demo_trip_001539,demo_taxi_0074,2024-03-21T10:42:44.000,2024-03-21T11:18:11.000,2127,12.24,,,54.0,13.0,40.41,0.0,0.0,0.0,40.41,Credit Card,Demo Globe Taxi,41.664971290313964,-87.59827086113481,41.97666782359436,-87.74197854192343
demo_trip_001540,demo_taxi_0057,2024-03-19T20:02:48.000,2024-03-19T20:20:38.000,1070,3.03,,,5.0,51.0,11.35,0.0,0.0,0.0,11.35,Cash,Demo Taxi Co,41.94735779005855,-87.68347531260187,41.70981704058453,-87.56203023340383
demo_trip_001541,demo_taxi_0028,2024-03-16T15:38:48.000,2024-03-16T16:00:33.000,1305,7.76,,,67.0,36.0,20.92,4.09,0.0,0.0,25.01,Mobile,Demo Globe Taxi,41.76791806829196,-87.6713375109778,41.82017757134015,-87.59558764868187
demo_trip_001542,demo_taxi_0010,2024-03-05T20:15:09.000,2024-03-05T20:40:04.000,1495,3.63,,,36.0,46.0,14.21,0.0,0.0,0.0,14.21,Cash,Demo Taxi Co,41.829836916684606,-87.60412253800996,41.742535382504904,-87.53167612224613
demo_trip_001543,demo_taxi_0068,2024-03-20T08:23:52.000,2024-03-20T08:31:27.000,455,3.21,,,75.0,36.0,15.25,0.0,0.0,2.41,17.66,Cash,Demo Taxi Co,41.68607724504701,-87.68557779433075,41.817810934482765,-87.59577181119448
demo_trip_001544,demo_taxi_0027,2024-03-04T10:38:50.000,2024-03-04T10:50:28.000,698,3.6,,,6.0,34.0,16.17,0.0,0.0,0.0,16.17,Credit Card,Demo Taxi Co,41.95462787977034,-87.66816239918555,41.82699815212795,-87.63530080023368
demo_trip_001545,demo_taxi_0070,2024-03-17T13:00:14.000,2024-03-17T13:29:29.000,1755,6.42,,,29.0,36.0,26.84,0.0,0.0,2.6,29.44,Cash,Demo City Service,41.86247984860152,-87.73459965409924,41.826498246115285,-87.60159716591076
demo_trip_001546,demo_taxi_0082,2024-03-12T14:01:58.000,2024-03-12T14:07:37.000,339,0.8,,,35.0,13.0,3.32,0.0,0.0,0.0,3.32,Cash,Demo Sun Taxi,41.83409080978595,-87.62266721733668,41.98462406573572,-87.73226945966343
demo_trip_001547,demo_taxi_0101,2024-03-22T23:26:31.000,2024-03-22T23:51:46.000,1515,13.84,,,23.0,23.0,59.87,9.5,0.0,0.0,69.37,Credit Card,Demo Sun Taxi,41.90688147734771,-87.7314431512419,41.91054259482564,-87.72682897810526
demo_trip_001548,demo_taxi_0059,2024-03-10T06:56:19.000,2024-03-10T07:17:15.000,1256,8.03,,,36.0,67.0,30.0,0.0,0.0,0.0,30.0,Credit Card,Demo Taxi Co,41.82702364170508,-87.60120434115879,41.777776233643024,-87.66424768017129
demo_trip_001549,demo_taxi_0000,2024-03-17T19:00:13.000,2024-03-17T19:21:10.000,1257,0.0,,,69.0,13.0,31.16,0.0,0.0,0.0,31.16,Credit Card,Demo Globe Taxi,41.76516185124535,-87.63037472127564,41.97584730793439,-87.7205507252987
demo_trip_001550,demo_taxi_0033,2024-03-13T20:47:21.000,2024-03-13T21:21:38.000,2057,16.59,,,69.0,6.0,54.19,0.0,0.0,1.84,56.03,Credit Card,Demo Sun Taxi,41.77968784767449,-87.61998518701606,41.947291969086514,-87.67322672302294
demo_trip_001551,demo_taxi_0102,2024-03-14T15:04:02.000,2024-03-14T15:17:12.000,790,5.47,,,54.0,51.0,15.04,0.0,0.0,0.0,15.04,Dispute,Demo Flash Cab,41.68303301333155,-87.60882536470062,41.67419858456859,-87.54793716623993
demo_trip_001552,demo_taxi_0063,2024-03-23T11:29:41.000,2024-03-23T12:01:56.000,1935,10.3,,,,,40.23,0.0,0.0,0.0,40.23,Credit Card,Demo City Service,41.97457486125035,-87.81852521116583,41.66224323581364,-87.57191051398135
demo_trip_001553,demo_taxi_0074,2024-03-18T14:25:42.000,2024-03-18T14:57:42.000,1920,13.3,,,54.0,46.0,48.96,5.91,0.0,0.0,54.87,Credit Card,Demo Taxi Co,41.668429955057434,-87.61053749407613,41.738073627072154,-87.54478684358293
demo_trip_001554,demo_taxi_0054,2024-03-12T09:28:40.000,2024-03-12T10:08:23.000,2383,9.81,,,36.0,51.0,27.44,3.82,0.0,0.0,31.26,Credit Card,Demo Sun Taxi,41.821127770469445,-87.5973802077043,41.71137063269599,-87.5728259341731
demo_trip_001555,demo_taxi_0019,2024-03-13T19:04:32.000,2024-03-13T19:37:53.000,2001,12.87,,,,,40.81,0.0,0.0,0.0,40.81,Credit Card,Demo City Service,41.76940075330021,-87.62550319541566,41.95204366583131,-87.6618507538949
demo_trip_001556,demo_taxi_0107,2024-03-18T14:45:21.000,2024-03-18T15:07:06.000,1305,4.91,,,46.0,13.0,21.94,3.9,0.0,0.0,25.84,Credit Card,Demo Sun Taxi,41.748915438366694,-87.55429439334715,41.98252192707409,-87.73200579650549
demo_trip_001557,demo_taxi_0092,2024-03-11T21:16:43.000,2024-03-11T21:33:11.000,988,8.99,,,54.0,46.0,28.22,0.0,0.0,0.0,28.22,Credit Card,Demo Sun Taxi,41.67907577497314,-87.60428992786416,41.74532000551661,-87.55163795586631
demo_trip_001558,demo_taxi_0119,2024-03-07T16:46:52.000,2024-03-07T17:18:45.000,1913,11.56,,,69.0,69.0,41.2,0.0,0.0,0.0,41.2,Credit Card,Demo Globe Taxi,41.75576677474204,-87.62860920802427,41.75811598740024,-87.61376621910406
demo_trip_001559,demo_taxi_0102,2024-03-13T14:39:05.000,2024-03-13T14:39:05.000,0,8.9,,,59.0,59.0,25.84,5.86,0.0,1.28,32.98,Credit Card,Demo Sun Taxi,41.827044683511254,-87.67663433950752,41.827044683511254,-87.67663433950752
demo_trip_001560,demo_taxi_0034,2024-03-05T17:33:22.000,2024-03-05T17:46:45.000,803,5.64,,,48.0,36.0,16.49,1.84,0.0,0.0,18.33,Cash,Demo Taxi Co,41.72596407577829,-87.56240683794552,41.82462684568214,-87.61179024047145
demo_trip_001561,demo_taxi_0030,2024-03-07T14:18:59.000,2024-03-07T14:35:39.000,1000,2.9,,,54.0,34.0,12.73,0.0,0.0,0.0,12.73,Cash,Demo Taxi Co,41.65534090761416,-87.6139227473434,41.854076655784624,-87.63501752678238
demo_trip_001562,demo_taxi_0029,2024-03-12T20:39:51.000,2024-03-12T21:01:14.000,1283,7.03,,,36.0,46.0,18.75,2.92,0.0,0.0,21.67,Cash,Demo Sun Taxi,41.82748226813023,-87.60194377717617,41.730092025822515,-87.54255481415531
demo_trip_001563,demo_taxi_0110,2024-03-20T08:59:59.000,2024-03-20T09:06:57.000,418,3.64,,,54.0,48.0,11.69,1.71,0.0,0.0,13.4,Credit Card,Demo Sun Taxi,41.654276708672036,-87.60361399367784,41.73226635469953,-87.57097582143304
demo_trip_001564,demo_taxi_0066,2024-03-20T22:55:10.000,2024-03-20T23:09:47.000,877,7.0,,,75.0,51.0,34.66,0.0,0.0,0.0,34.66,Credit Card,Demo Flash Cab,41.67821533830119,-87.68005197488057,41.66630997137255,-87.54831554513908
demo_trip_001565,demo_taxi_0054,2024-03-09T19:54:27.000,2024-03-09T20:03:36.000,549,4.12,,,19.0,69.0,15.2,3.49,0.0,1.11,19.8,Unknown,Demo City Service,41.938219195278975,-87.78952595368827,41.77317380455371,-87.62933598743425
demo_trip_001566,demo_taxi_0116,2024-03-12T20:13:07.000,2024-03-12T20:44:41.000,1894,10.89,,,48.0,35.0,43.73,0.0,0.0,0.0,43.73,Credit Card,Demo City Service,41.73207049212237,-87.57368749195349,41.82502805851948,-87.62119432518656
demo_trip_001567,demo_taxi_0072,2024-03-07T14:35:51.000,2024-03-07T14:57:08.000,1277,7.12,,,36.0,46.0,29.21,0.0,0.0,0.0,29.21,Credit Card,Demo Taxi Co,41.81825995654124,-87.59348379266262,41.73403350778429,-87.56062709702825
demo_trip_001568,demo_taxi_0109,2024-03-19T19:23:31.000,2024-03-19T19:48:51.000,1520,3.51,,,75.0,48.0,10.5,0.0,0.0,0.0,10.5,Credit Card,Demo Globe Taxi,41.69633413513386,-87.6828137174458,41.73495606828883,-87.5786091397972
demo_trip_001569,demo_taxi_0118,2024-03-09T10:58:14.000,2024-03-09T11:04:11.000,357,2.4,,,13.0,54.0,8.22,0.0,0.0,0.0,8.22,Credit Card,Demo Taxi Co,41.997219091671525,-87.71373835042417,41.64549695602434,-87.58173577420975
demo_trip_001570,demo_taxi_0009,2024-03-20T18:57:05.000,2024-03-20T19:21:18.000,1453,9.52,,,36.0,6.0,33.34,7.98,0.0,1.57,42.89,Cash,Demo Flash Cab,41.830564207469244,-87.60619810893611,41.95118411681465,-87.66969729488302
demo_trip_001571,demo_taxi_0043,2024-03-21T07:52:44.000,2024-03-21T08:22:18.000,1774,4.01,,,69.0,23.0,12.34,0.0,0.0,0.0,12.34,Cash,Demo Sun Taxi,41.77394898995046,-87.62347121997637,41.89557148550209,-87.71725077287614
demo_trip_001572,demo_taxi_0088,2024-03-18T10:09:48.000,2024-03-18T10:38:18.000,1710,5.56,,,36.0,29.0,17.15,0.0,0.0,0.0,17.15,Credit Card,Demo Globe Taxi,41.819299072965265,-87.59455325875692,41.851295987535366,-87.72646169526426
demo_trip_001573,demo_taxi_0097,2024-03-10T13:19:52.000,2024-03-10T13:52:17.000,1945,4.5,,,29.0,13.0,18.09,0.0,0.0,0.0,18.09,Cash,Demo City Service,41.860339892261294,-87.72928472634987,41.979510915472986,-87.71558485200748
demo_trip_001574,demo_taxi_0017,2024-03-24T10:42:58.000,2024-03-24T10:50:11.000,433,1.78,,,19.0,35.0,4.93,0.89,0.0,0.0,5.82,Credit Card,Demo Sun Taxi,41.91587080410795,-87.74905577369498,41.8353002341884,-87.61832943060371
demo_trip_001575,demo_taxi_0038,2024-03-18T12:44:48.000,2024-03-18T13:08:07.000,1399,3.15,,,59.0,10.0,8.89,1.14,0.0,0.0,10.03,Cash,Demo Sun Taxi,41.82848308240982,-87.66078558058938,41.998456706941454,-87.79651428591309
demo_trip_001576,demo_taxi_0065,2024-03-17T19:21:47.000,2024-03-17T19:42:37.000,1250,6.69,,,59.0,13.0,26.31,4.33,0.0,2.65,33.29,Mobile,Demo Flash Cab,41.828430574812145,-87.67472063712346,41.982881527479634,-87.72723450447356
demo_trip_001577,demo_taxi_0095,2024-03-21T09:08:48.000,2024-03-21T09:44:51.000,2163,12.53,,,34.0,69.0,45.4,10.8,0.0,0.0,56.2,Cash,Demo Taxi Co,41.82808198800782,-87.63025763197533,41.76841486735298,-87.62856428996248
demo_trip_001578,demo_taxi_0013,2024-03-22T18:08:59.000,2024-03-22T18:37:32.000,1713,9.42,,,46.0,23.0,37.96,5.23,0.0,0.0,43.19,Credit Card,Demo Globe Taxi,41.72761086335556,-87.550513713707,41.89878286416327,-87.71184701250219
demo_trip_001579,demo_taxi_0072,2024-03-05T06:41:27.000,2024-03-05T07:19:45.000,2298,8.54,,,10.0,46.0,21.93,0.0,0.0,0.0,21.93,Credit Card,Demo Flash Cab,41.97859832529721,-87.8228763445088,41.74036517075248,-87.55987884072833
demo_trip_001580,demo_taxi_0035,2024-03-22T18:27:45.000,2024-03-22T18:31:41.000,236,1.45,,,67.0,54.0,6.18,0.81,0.0,0.0,6.99,Cash,Demo Sun Taxi,41.772446132203946,-87.66985127477324,41.64514247162873,-87.58619506499527
demo_trip_001581,demo_taxi_0025,2024-03-20T19:29:49.000,2024-03-20T19:49:22.000,1173,9.77,,,54.0,59.0,45.18,8.65,0.0,0.0,53.83,Credit Card,Demo Globe Taxi,41.67453408818134,-87.60236849323508,41.83225476242511,-87.66109159669938
demo_trip_001582,demo_taxi_0061,2024-03-08T12:48:06.000,2024-03-08T13:17:07.000,1741,7.67,,,34.0,5.0,29.23,0.0,0.0,0.0,29.23,Mobile,Demo Globe Taxi,41.828220257289274,-87.6349101403894,41.954405722508355,-87.67907788119801
demo_trip_001583,demo_taxi_0049,2024-03-10T18:01:41.000,2024-03-10T18:07:58.000,377,1.72,,,67.0,69.0,7.92,0.0,0.0,0.0,7.92,Mobile,Demo Globe Taxi,41.76748322712822,-87.66551085451175,41.75374001095597,-87.59672562504305
demo_trip_001584,demo_taxi_0076,2024-03-19T21:45:20.000,2024-03-19T22:12:25.000,1625,10.23,,,36.0,6.0,35.8,7.72,0.0,0.0,43.52,Credit Card,Demo Flash Cab,41.81722506286112,-87.5983881628346,41.93517189845463,-87.64265305496231
demo_trip_001585,,2024-03-08T19:16:07.000,2024-03-08T19:27:40.000,693,2.75,,,59.0,1.0,7.42,1.72,0.0,0.0,9.14,Mobile,Demo Taxi Co,41.8237975540399,-87.67275264219519,42.01801974584139,-87.66617449143371
demo_trip_001586,demo_taxi_0098,2024-03-13T12:55:10.000,2024-03-13T13:00:55.000,345,1.64,,,13.0,10.0,5.65,0.0,0.0,0.0,5.65,Credit Card,Demo Taxi Co,41.99141969333208,-87.72751539778035,41.990208260175045,-87.8204627199098
demo_trip_001587,demo_taxi_0009,2024-03-18T14:57:06.000,2024-03-18T15:24:25.000,1639,9.2,,,75.0,51.0,33.27,0.0,0.0,1.95,35.22,Credit Card,Demo Sun Taxi,41.693372416161864,-87.69052847146644,41.69307028250061,-87.55171734423604
demo_trip_001588,demo_taxi_0103,2024-03-17T18:30:53.000,2024-03-17T18:49:39.000,1126,5.76,,,11.0,6.0,26.86,0.0,0.0,0.0,26.86,Dispute,Demo Sun Taxi,41.98264156264696,-87.76734311812496,41.94844396834465,-87.66551921981767
demo_trip_001589,demo_taxi_0003,2024-03-23T09:18:46.000,2024-03-23T09:36:46.000,1080,9.03,,,19.0,19.0,30.13,0.0,0.0,0.0,30.13,Cash,Demo Flash Cab,41.922292740217834,-87.76113448814232,41.92396617422291,-87.76170195430812
demo_trip_001590,demo_taxi_0088,2024-03-06T19:13:06.000,2024-03-06T19:28:08.000,902,7.75,,,1.0,1.0,25.48,0.0,0.0,0.0,25.48,Cash,Demo Flash Cab,42.01751276675183,-87.66327386701268,42.00882698995766,-87.66419854098672
demo_trip_001591,demo_taxi_0041,2024-03-10T10:10:37.000,2024-03-10T10:38:57.000,1700,0.0,,,75.0,59.0,42.06,0.0,0.0,2.71,44.77,Mobile,Demo Taxi Co,41.69092190698814,-87.68550863509122,41.831430400774515,-87.66223059279473
demo_trip_001592,demo_taxi_0046,2024-03-24T19:59:39.000,2024-03-24T20:25:32.000,1553,8.67,,,69.0,36.0,27.11,5.96,0.0,0.0,33.07,Credit Card,Demo Flash Cab,41.75229833795249,-87.59810427610367,41.82735590192328,-87.60860475102969
demo_trip_001593,demo_taxi_0002,2024-03-15T06:11:31.000,2024-03-15T06:39:11.000,1660,15.6,,,34.0,46.0,64.06,0.0,0.0,0.0,64.06,Cash,Demo Sun Taxi,41.845369254749755,-87.63557825713963,41.73637878071468,-87.54368165551148
demo_trip_001594,demo_taxi_0084,2024-03-09T04:26:36.000,2024-03-09T04:58:44.000,1928,11.56,,,23.0,6.0,38.34,0.0,0.0,0.66,39.0,Dispute,Demo Taxi Co,41.89165308658007,-87.73627546702062,41.935939607588665,-87.65581926821619
demo_trip_001595,demo_taxi_0019,2024-03-10T23:28:54.000,2024-03-10T23:54:17.000,1523,14.73,,,1.0,6.0,71.86,0.0,0.0,0.0,71.86,Mobile,Demo Sun Taxi,42.00336690182239,-87.66551837807314,41.94535635791728,-87.66083019759526
demo_trip_001596,demo_taxi_0079,2024-03-11T20:40:31.000,2024-03-11T20:46:17.000,346,2.75,,,11.0,5.0,8.18,1.46,0.0,0.0,9.64,Credit Card,Demo City Service,41.98736509055931,-87.76264564999201,41.95853658040362,-87.67656020997265
demo_trip_001597,demo_taxi_0087,2024-03-15T20:50:39.000,2024-03-15T20:59:29.000,530,2.23,,,75.0,54.0,9.61,0.0,0.0,0.0,9.61,Credit Card,Demo Flash Cab,41.6847434437252,-87.68480001755272,41.648757939406984,-87.5803238896593
demo_trip_001598,demo_taxi_0101,2024-03-09T22:33:34.000,2024-03-09T23:13:15.000,2381,9.38,,,23.0,36.0,36.35,0.0,0.0,0.0,36.35,Mobile,Demo Taxi Co,41.90165660724753,-87.72678620634505,41.82355029984959,-87.60656041244599
demo_trip_001599,demo_taxi_0084,2024-03-17T13:45:23.000,2024-03-17T13:58:57.000,814,2.78,,,1.0,48.0,13.75,1.82,0.0,0.0,15.57,Credit Card,Demo Taxi Co,42.00491715960668,-87.67886642381704,41.73285606314523,-87.56347170712732
demo_trip_001600,demo_taxi_0036,2024-03-13T09:34:53.000,2024-03-13T09:53:42.000,1129,9.33,,,29.0,23.0,46.51,10.85,0.0,0.0,57.36,No Charge,Demo Taxi Co,41.861904759660554,-87.73660055082021,41.91289336748805,-87.71367014991908
demo_trip_001601,demo_taxi_0088,2024-03-16T07:26:24.000,2024-03-16T07:43:22.000,1018,4.61,,,51.0,1.0,20.67,4.18,0.0,0.0,24.85,Credit Card,Demo City Service,41.713435249841304,-87.56268281881783,42.01811702415079,-87.6774289168564
demo_trip_001602,demo_taxi_0099,2024-03-07T14:09:47.000,2024-03-07T14:49:25.000,2378,17.34,,,67.0,19.0,47.83,0.0,0.0,0.0,47.83,Credit Card,Demo Taxi Co,41.76347987424797,-87.65723723795577,41.917398894330816,-87.75558136028086
demo_trip_001603,demo_taxi_0038,2024-03-17T08:12:36.000,2024-03-17T08:46:06.000,2010,12.61,,,13.0,10.0,46.31,4.66,0.0,0.0,50.97,Credit Card,Demo City Service,41.975282597901554,-87.71540103885336,41.99793849113696,-87.78214172313811
demo_trip_001604,demo_taxi_0014,2024-03-23T21:25:41.000,2024-03-23T21:46:34.000,1253,10.55,,,,,48.91,0.0,0.0,0.0,48.91,Cash,Demo Sun Taxi,41.73012045538972,-87.57678481774826,41.936056181470924,-87.64002688055798
demo_trip_001605,demo_taxi_0106,2024-03-06T00:02:45.000,2024-03-06T00:30:59.000,1694,13.3,,,29.0,54.0,54.48,0.0,0.0,0.0,54.48,Credit Card,Demo Taxi Co,41.84957213967979,-87.73740859166132,41.67302517968477,-87.6144587125752
demo_trip_001606,demo_taxi_0017,2024-03-10T07:18:44.000,2024-03-10T07:42:08.000,1404,3.79,,,10.0,13.0,17.8,0.0,0.0,0.0,17.8,Credit Card,Demo Sun Taxi,41.98254273466061,-87.80330369381588,41.971981982309195,-87.73055874658871
demo_trip_001607,demo_taxi_0071,2024-03-18T08:27:33.000,2024-03-18T08:54:24.000,1611,7.67,,,54.0,29.0,34.5,0.0,0.0,1.79,36.29,Mobile,Demo Taxi Co,41.666870931212365,-87.61278826022402,41.85930545337707,-87.70245059022794
demo_trip_001608,demo_taxi_0028,2024-03-16T08:28:36.000,2024-03-16T09:06:53.000,2297,14.06,,,5.0,11.0,46.15,0.0,0.0,0.0,46.15,Credit Card,Demo Taxi Co,41.95557779229959,-87.68681719919373,41.969702987183936,-87.78610074930896
demo_trip_001609,,2024-03-18T08:48:30.000,2024-03-18T09:16:22.000,1672,13.79,,,6.0,46.0,41.2,0.0,0.0,1.94,43.14,Cash,Demo Globe Taxi,41.950437096422384,-87.67214699379741,41.738986449535595,-87.55594816043539
demo_trip_001610,demo_taxi_0093,2024-03-15T17:58:20.000,2024-03-15T18:05:30.000,430,249.37452847915807,,,,,2.950631929190703,0.0,0.0,0.0,10.78,Credit Card,Demo Sun Taxi,41.72618649491194,-87.5881072858549,41.832971987998405,-87.67682762164135
demo_trip_001611,demo_taxi_0017,2024-03-18T10:43:43.000,2024-03-18T11:05:20.000,1297,8.23,,,34.0,13.0,34.89,7.38,0.0,0.0,42.27,Cash,Demo Flash Cab,41.843001542664226,-87.63215776399026,41.986824514548935,-87.7311301460258
demo_trip_001612,demo_taxi_0080,2024-03-16T16:04:52.000,2024-03-16T16:38:11.000,1999,16.56,,,34.0,69.0,61.32,11.44,0.0,0.0,72.76,Cash,Demo Globe Taxi,41.853674655528145,-87.63547479725553,41.773944886916915,-87.62317981702874
demo_trip_001613,demo_taxi_0083,2024-03-05T20:24:42.000,2024-03-05T20:29:09.000,267,1.46,,,69.0,34.0,3.81,0.0,0.0,0.0,3.81,Mobile,Demo City Service,41.755919517740196,-87.6283752183026,41.82908131284193,-87.63526568763628
demo_trip_001614,demo_taxi_0007,2024-03-19T16:43:46.000,2024-03-19T16:59:58.000,972,2.57,,,36.0,13.0,11.2,2.34,0.0,0.0,13.54,Credit Card,Demo Globe Taxi,41.826728290666615,-87.6071942114411,41.991851508879606,-87.71791163241441
demo_trip_001615,demo_taxi_0020,2024-03-13T17:35:49.000,2024-03-13T17:46:15.000,626,5.48,,,,,14.31,0.0,0.0,0.0,14.31,Cash,Demo City Service,41.892309860587545,-87.73381601254674,41.779920852898,-87.67797620137144
demo_trip_001616,demo_taxi_0095,2024-03-05T11:27:22.000,2024-03-05T11:57:02.000,1780,10.99,,,13.0,48.0,38.72,6.51,0.0,0.0,45.23,Credit Card,Demo Flash Cab,41.97485531017912,-87.70839316712352,41.72426416331214,-87.5560864155811
demo_trip_001617,demo_taxi_0060,2024-03-12T07:26:03.000,2024-03-12T07:34:14.000,491,4.07,,,51.0,35.0,14.88,0.0,0.0,1.65,16.53,Cash,Demo Flash Cab,41.68483662208116,-87.58027687494175,41.8328256339573,-87.60538537883177
demo_trip_001618,demo_taxi_0014,2024-03-13T10:24:20.000,2024-03-13T10:50:25.000,1565,8.08,,,6.0,23.0,30.36,4.09,0.0,0.56,35.01,Credit Card,Demo Sun Taxi,41.93761340257316,-87.63914045076463,41.91128771805738,-87.7046362503384
demo_trip_001619,demo_taxi_0119,2024-03-05T22:34:45.000,2024-03-05T22:40:07.000,322,2.14,,,34.0,5.0,6.09,0.98,0.0,0.0,7.07,Cash,Demo Taxi Co,41.83432525278105,-87.63419469710345,41.93960268765636,-87.68030526098192
demo_trip_001620,demo_taxi_0031,2024-03-24T16:10:48.000,2024-03-24T16:47:59.000,2231,10.5,,,,,45.88,0.0,0.0,0.0,45.88,Credit Card,Demo Globe Taxi,41.85322156361065,-87.63919474786368,41.852680558202536,-87.63962618081747
demo_trip_001621,,2024-03-08T09:31:30.000,2024-03-08T09:46:19.000,889,4.71,,,1.0,11.0,21.78,0.0,0.0,0.0,21.78,Cash,Demo Sun Taxi,42.003892637202824,-87.67495121144658,41.99211877743902,-87.77392293031326
demo_trip_001622,demo_taxi_0110,2024-03-10T13:12:46.000,2024-03-10T13:30:50.000,1084,3.61,,,19.0,6.0,15.32,0.0,0.0,0.0,15.32,Credit Card,Demo City Service,41.925218187594574,-87.74663471317756,41.938735798064286,-87.6717730139414
demo_trip_001623,demo_taxi_0001,2024-03-13T19:40:04.000,2024-03-13T20:12:12.000,1928,15.01,,,48.0,75.0,73.21,0.0,0.0,1.79,75.0,Cash,Demo Globe Taxi,41.72432909104167,-87.5815545890473,41.68844350225944,-87.68677171210639
demo_trip_001624,demo_taxi_0066,2024-03-21T17:51:38.000,2024-03-21T18:08:40.000,1022,4.42,,,36.0,13.0,13.9,0.0,0.0,0.0,13.9,Credit Card,Demo Flash Cab,41.82540252938444,-87.59983315642299,41.98062062759648,-87.74469878554555
demo_trip_001625,demo_taxi_0119,2024-03-19T15:30:40.000,2024-03-19T15:37:55.000,435,1.95,,,67.0,59.0,5.66,1.34,0.0,0.0,7.0,Cash,Demo Globe Taxi,41.77899798715445,-87.67271664249667,41.82513222857507,-87.66361516785352
demo_trip_001626,demo_taxi_0069,2024-03-20T20:23:30.000,2024-03-20T20:59:58.000,2188,10.67,,,11.0,19.0,28.47,6.98,0.0,0.0,35.45,Dispute,Demo City Service,41.97803177320472,-87.7600481613563,41.9309076585101,-87.77274766766114
demo_trip_001627,demo_taxi_0070,2024-03-08T17:56:42.000,2024-03-08T18:03:49.000,427,2.33,,,11.0,48.0,10.03,0.0,0.0,0.0,10.03,Credit Card,Demo Taxi Co,41.97611617674303,-87.77005516175856,41.72379211890003,-87.54922394016782
demo_trip_001628,demo_taxi_0046,2024-03-21T17:39:29.000,2024-03-21T18:00:52.000,1283,8.4,,,59.0,10.0,24.4,4.63,0.0,0.0,29.03,Credit Card,Demo Sun Taxi,41.83645980394565,-87.6716625660026,41.97504847642906,-87.8255057670414
demo_trip_001629,demo_taxi_0015,2024-03-21T08:25:31.000,2024-03-21T08:33:06.000,455,0.0,,,,,16.18,0.0,0.0,0.0,16.18,Cash,Demo Flash Cab,41.771310451039945,-87.62634414967546,41.69025915172186,-87.6458480445523
demo_trip_001630,demo_taxi_0068,2024-03-13T06:01:36.000,2024-03-13T06:30:25.000,1729,12.6,,,54.0,69.0,50.35,0.0,0.0,1.98,52.33,Credit Card,Demo Taxi Co,41.6531001464732,-87.61279674513769,41.76261485367694,-87.60401122844071
demo_trip_001631,demo_taxi_0107,2024-03-15T22:00:47.000,2024-03-15T22:13:46.000,779,4.21,,,1.0,67.0,18.99,3.31,0.0,0.0,22.3,Cash,Demo Sun Taxi,42.00041619914426,-87.65609192864225,41.77889677671984,-87.65719350081581
demo_trip_001632,demo_taxi_0010,2024-03-04T16:13:14.000,2024-03-04T16:50:43.000,2249,13.13,,,34.0,5.0,47.09,0.0,0.0,0.0,47.09,Credit Card,Demo Flash Cab,41.82568251220297,-87.6344305485612,41.954269253432905,-87.68276074318258
demo_trip_001633,demo_taxi_0105,2024-03-19T12:14:18.000,2024-03-19T12:24:46.000,628,2.06,,,19.0,75.0,8.93,0.0,0.0,0.0,8.93,Credit Card,Demo Globe Taxi,41.92882224731718,-87.78696324402036,41.69210892391072,-87.65432208930649
demo_trip_001634,demo_taxi_0049,2024-03-24T16:43:25.000,2024-03-24T17:11:11.000,1666,10.22,,,75.0,67.0,36.89,7.42,0.0,0.0,44.31,Mobile,Demo Flash Cab,41.68953176041633,-87.66627262601183,41.789303989280775,-87.67661100432657
demo_trip_001635,demo_taxi_0064,2024-03-13T05:30:12.000,2024-03-13T05:33:42.000,210,0.0,,,1.0,13.0,7.12,0.0,0.0,0.0,7.12,Credit Card,Demo Taxi Co,42.016577147007325,-87.67039749542576,41.97490717643777,-87.73121197814105
demo_trip_001636,demo_taxi_0019,2024-03-15T19:59:20.000,2024-03-15T20:06:31.000,431,2.45,,,11.0,54.0,10.86,0.0,0.0,0.84,11.7,Cash,Demo City Service,41.97722782009088,-87.77656984731824,41.66845992123179,-87.6070599447492
demo_trip_001637,demo_taxi_0074,2024-03-14T08:32:21.000,2024-03-14T08:45:34.000,793,7.34,,,11.0,23.0,22.72,0.0,0.0,0.0,22.72,Credit Card,Demo Globe Taxi,41.97797227069518,-87.76100666995218,41.9094511600955,-87.72190074108683
demo_trip_001638,demo_taxi_0021,2024-03-05T19:54:18.000,2024-03-05T20:30:00.000,2142,7.26,,,5.0,13.0,34.2,3.57,0.0,0.0,37.77,Credit Card,Demo Globe Taxi,41.94529175624764,-87.68095268459665,41.97729219092764,-87.71809128823105
demo_trip_001639,demo_taxi_0032,2024-03-17T15:33:24.000,2024-03-17T16:13:15.000,2391,18.53,,,23.0,29.0,79.51,0.0,0.0,0.0,79.51,Cash,Demo Sun Taxi,41.909459869001964,-87.71111729047702,41.865583544541714,-87.71195096980304
demo_trip_001640,demo_taxi_0086,2024-03-19T09:21:30.000,2024-03-19T09:47:12.000,1542,11.61,,,54.0,59.0,50.69,10.21,0.0,0.0,60.9,Cash,Demo Globe Taxi,41.664365207349746,-87.59875712375096,41.82931793399472,-87.65952095623503
demo_trip_001641,demo_taxi_0006,2024-03-23T02:42:41.000,2024-03-23T02:58:07.000,926,6.79,,,13.0,19.0,21.02,3.11,0.0,0.0,24.13,Mobile,Demo Taxi Co,41.98501109928251,-87.73645379776588,41.91479659557956,-87.74506943940636
demo_trip_001642,demo_taxi_0053,2024-03-23T19:26:18.000,2024-03-23T19:40:51.000,873,6.28,,,23.0,19.0,17.11,0.0,0.0,0.88,17.99,Credit Card,Demo City Service,41.909839739600876,-87.7283318812985,41.93344188576254,-87.75731781095276
demo_trip_001643,demo_taxi_0071,2024-03-14T07:16:50.000,2024-03-14T07:27:38.000,648,1.55,,,35.0,75.0,4.16,0.0,0.0,0.0,4.16,Credit Card,Demo City Service,41.82652763920831,-87.61936445714917,41.69894093490892,-87.66988936120173
demo_trip_001644,demo_taxi_0015,2024-03-24T04:28:28.000,2024-03-24T04:44:03.000,935,7.28,,,67.0,35.0,29.98,0.0,0.0,0.0,29.98,Credit Card,Demo Taxi Co,41.777166233345774,-87.67349485890227,41.83574424776695,-87.60927915609368
demo_trip_001645,demo_taxi_0035,2024-03-15T18:39:43.000,2024-03-15T18:39:43.000,0,7.64,,,29.0,67.0,21.97,0.0,0.0,0.0,21.97,Cash,Demo Flash Cab,41.85591295759103,-87.72622869110826,41.85591295759103,-87.72622869110826
demo_trip_001646,demo_taxi_0041,2024-03-17T11:22:06.000,2024-03-17T11:50:27.000,1701,10.47,,,29.0,51.0,52.33,8.18,0.0,0.0,60.51,Cash,Demo Taxi Co,41.861172350475925,-87.73219631068872,41.668541336425875,-87.57526216095867
demo_trip_001647,demo_taxi_0079,2024-03-16T12:42:10.000,2024-03-16T12:53:39.000,689,1.79,,,5.0,48.0,8.78,0.0,0.0,0.0,8.78,Cash,Demo Flash Cab,41.95472889819344,-87.67824591178757,41.72541677184381,-87.5652167623973
demo_trip_001648,demo_taxi_0117,2024-03-24T08:58:27.000,2024-03-24T09:02:46.000,259,0.94,,,34.0,75.0,2.42,0.28,0.0,0.0,2.7,Mobile,Demo Sun Taxi,41.84861693745415,-87.63662914386293,41.69649587614138,-87.68788725354328
demo_trip_001649,demo_taxi_0100,2024-03-19T20:24:21.000,2024-03-19T20:48:03.000,1422,12.88,,,,,55.55,0.0,0.0,0.0,55.55,Credit Card,Demo City Service,41.68073307739135,-87.6645403991412,41.90623973359263,-87.73532947797078
demo_trip_001650,demo_taxi_0022,2024-03-06T09:17:29.000,2024-03-06T09:29:27.000,718,3.29,,,54.0,19.0,10.37,1.34,0.0,0.0,11.71,Unknown,Demo Flash Cab,41.6599660791944,-87.61796554902301,41.928370645519244,-87.770155305237
demo_trip_001651,demo_taxi_0002,2024-03-05T08:24:09.000,2024-03-05T08:41:58.000,1069,5.53,,,75.0,46.0,18.54,3.98,0.0,0.0,22.52,Dispute,Demo Globe Taxi,41.68531658997957,-87.69258664094463,41.73819785520528,-87.53564539921
demo_trip_001652,demo_taxi_0006,2024-03-12T10:50:28.000,2024-03-12T11:19:48.000,1760,6.41,,,59.0,35.0,19.88,0.0,0.0,1.97,21.85,Credit Card,Demo Sun Taxi,41.83101029908372,-87.66645838537954,41.83125290117801,-87.62802135246666
demo_trip_001653,demo_taxi_0071,2024-03-14T08:10:41.000,2024-03-14T08:46:51.000,2170,15.11,,,5.0,34.0,69.15,13.58,0.0,0.0,82.73,Credit Card,Demo Flash Cab,41.95582809003557,-87.69335197037522,41.82824253852905,-87.63636518417437
demo_trip_001654,demo_taxi_0018,2024-03-18T10:58:43.000,2024-03-18T11:21:29.000,1366,10.62,,,19.0,51.0,50.28,0.0,0.0,1.89,52.17,Cash,Demo Flash Cab,41.929096603185045,-87.75371824694385,41.693386387825335,-87.56929126392052
demo_trip_001655,demo_taxi_0027,2024-03-14T06:24:14.000,2024-03-14T07:01:33.000,2239,20.45,,,6.0,11.0,53.19,0.0,0.0,0.0,53.19,Cash,Demo Globe Taxi,41.952633998662066,-87.65679748754653,41.99409056615365,-87.77340861853594
demo_trip_001656,demo_taxi_0101,2024-03-14T07:50:20.000,2024-03-14T08:03:17.000,777,5.0,,,59.0,51.0,15.88,0.0,0.0,0.0,15.88,Credit Card,Demo Flash Cab,41.82350626819139,-87.65888956961892,41.688751909881574,-87.57357392636861
demo_trip_001657,demo_taxi_0104,2024-03-23T12:47:31.000,2024-03-23T13:16:53.000,1762,7.56,,,19.0,10.0,27.38,0.0,0.0,0.0,27.38,Credit Card,Demo Taxi Co,41.91935029791818,-87.75974064575249,41.989688940184045,-87.79806725929251
demo_trip_001658,demo_taxi_0100,2024-03-11T20:47:31.000,2024-03-11T21:26:45.000,2354,6.48,,,36.0,75.0,24.65,0.0,0.0,0.0,24.65,Cash,Demo Globe Taxi,41.82298374590034,-87.60291799272893,41.694207397546705,-87.66588469317544
demo_trip_001659,demo_taxi_0030,2024-03-14T05:54:47.000,2024-03-14T06:05:45.000,658,2.78,,,59.0,1.0,7.56,0.0,0.0,0.0,7.56,Mobile,Demo City Service,41.82602213564949,-87.67522980158223,42.014791965412144,-87.68185170592142
demo_trip_001660,demo_taxi_0074,2024-03-15T08:11:23.000,2024-03-15T08:41:42.000,1819,12.48,,,34.0,1.0,57.1,7.9,0.0,0.86,65.86,Mobile,Demo Sun Taxi,41.83657993512078,-87.63189832051083,42.01402684345248,-87.6669731719188
demo_trip_001661,demo_taxi_0073,2024-03-13T21:35:40.000,2024-03-13T21:56:12.000,1232,11.74,,,29.0,23.0,56.76,0.0,0.0,0.0,56.76,No Charge,Demo Globe Taxi,41.859413572304405,-87.696300293327,41.900706028080585,-87.73197795480299
demo_trip_001662,demo_taxi_0022,2024-03-24T20:05:53.000,2024-03-24T20:41:28.000,2135,6.01,,,75.0,51.0,21.08,0.0,0.0,0.0,21.08,Cash,Demo Flash Cab,41.69263385588954,-87.67518373866685,41.6785992828863,-87.56501131172496
demo_trip_001663,demo_taxi_0066,2024-03-24T17:17:17.000,2024-03-24T17:31:35.000,858,4.41,,,19.0,13.0,20.48,0.0,0.0,0.0,20.48,Cash,Demo Flash Cab,41.92596157973736,-87.75188190777237,41.97752775355153,-87.74022823122742
demo_trip_001664,demo_taxi_0063,2024-03-14T08:02:49.000,2024-03-14T08:41:21.000,2312,16.71,,,11.0,54.0,70.03,0.0,0.0,2.28,72.31,Credit Card,Demo City Service,41.98481276710122,-87.77296130021088,41.65282600852611,-87.61640240002133
demo_trip_001665,demo_taxi_0047,2024-03-13T12:40:19.000,2024-03-13T13:12:51.000,1952,12.75,,,48.0,36.0,50.74,7.3,0.0,1.71,59.75,Cash,Demo Sun Taxi,41.72880485634383,-87.5662820831,41.828030194436685,-87.60055128684088
demo_trip_001666,demo_taxi_0090,2024-03-16T08:36:20.000,2024-03-16T09:05:25.000,1745,12.41,,,34.0,51.0,56.44,0.0,0.0,0.0,56.44,Mobile,Demo Taxi Co,41.83727011502006,-87.63257653214276,41.67881040903154,-87.56838089202363
demo_trip_001667,demo_taxi_0081,2024-03-07T07:44:39.000,2024-03-07T07:48:43.000,244,1.39,,,23.0,13.0,5.12,1.0,0.0,0.0,6.12,Mobile,Demo Taxi Co,41.90362153541944,-87.71883294250664,41.98327740914732,-87.71643168858287
demo_trip_001668,demo_taxi_0063,2024-03-12T11:10:37.000,2024-03-12T11:16:40.000,363,1.53,,,48.0,67.0,5.92,0.0,0.0,1.76,7.68,Cash,Demo Flash Cab,41.72517331143767,-87.58382621001277,41.78836693621288,-87.67229477225492
demo_trip_001669,demo_taxi_0087,2024-03-08T16:19:32.000,2024-03-08T16:47:02.000,1650,9.64,,,51.0,19.0,30.72,0.0,0.0,0.0,30.72,Credit Card,Demo City Service,41.68823058747038,-87.56073921349672,41.92098186986475,-87.76226970832221
demo_trip_001670,demo_taxi_0091,2024-03-07T11:40:13.000,2024-03-07T12:00:56.000,1243,6.32,,,35.0,51.0,27.05,0.0,0.0,0.0,27.05,Credit Card,Demo City Service,41.828180616243316,-87.61937148192554,41.69616405462839,-87.58230305529432
demo_trip_001671,demo_taxi_0068,2024-03-05T16:49:05.000,2024-03-05T17:04:02.000,897,6.77,,,1.0,67.0,19.62,2.33,0.0,1.08,23.03,Cash,Demo Sun Taxi,42.0007814776167,-87.66636323092156,41.76349667400168,-87.66878538395136
demo_trip_001672,demo_taxi_0032,2024-03-16T09:53:54.000,2024-03-16T10:28:03.000,2049,7.19,,,48.0,48.0,22.35,0.0,0.0,0.0,22.35,Credit Card,Demo Taxi Co,41.729497405128384,-87.57710116538594,41.73265609639273,-87.56502509528589
demo_trip_001673,demo_taxi_0091,2024-03-04T11:04:52.000,2024-03-04T11:25:39.000,1247,7.41,,,36.0,48.0,27.42,6.7,0.0,0.0,34.12,Credit Card,Demo City Service,41.82730231229164,-87.61041603486015,41.72744020493312,-87.56667954097215
demo_trip_001674,demo_taxi_0086,2024-03-17T18:24:53.000,2024-03-17T18:44:51.000,1198,11.28,,,46.0,48.0,39.07,4.57,0.0,0.0,43.64,Mobile,Demo Sun Taxi,41.74257682207001,-87.54745844620531,41.72722976759284,-87.57852247634227
demo_trip_001675,demo_taxi_0118,2024-03-13T20:00:30.000,2024-03-13T20:15:27.000,897,5.57,,,19.0,59.0,17.26,3.2,0.0,0.0,20.46,Credit Card,Demo Flash Cab,41.915725088942075,-87.74242703824844,41.836035491463285,-87.67349523324293
demo_trip_001676,demo_taxi_0017,2024-03-11T10:49:53.000,2024-03-11T11:29:12.000,2359,9.44,,,67.0,67.0,28.13,0.0,0.0,0.0,28.13,Credit Card,Demo Globe Taxi,41.78799152292931,-87.67582214294887,41.793942171583225,-87.66759865947202
demo_trip_001677,demo_taxi_0050,2024-03-20T15:07:28.000,2024-03-20T15:23:57.000,989,9.14,,,23.0,59.0,42.52,0.0,0.0,0.0,42.52,Credit Card,Demo Sun Taxi,41.897826928855295,-87.7341781524919,41.83422032001401,-87.67566293888665
demo_trip_001678,demo_taxi_0110,2024-03-15T09:49:04.000,2024-03-15T10:01:40.000,756,3.06,,,6.0,67.0,12.17,0.0,0.0,0.0,12.17,Credit Card,Demo Globe Taxi,41.93947369848686,-87.66171651664342,41.78548745694798,-87.66554093287064
demo_trip_001679,demo_taxi_0061,2024-03-19T05:09:11.000,2024-03-19T05:37:08.000,1677,13.17,,,6.0,67.0,45.35,8.39,0.0,0.0,53.74,Credit Card,Demo Sun Taxi,41.94892930967487,-87.67285638921986,41.77632945318422,-87.65680446055202
demo_trip_001680,demo_taxi_0113,2024-03-18T18:00:16.000,2024-03-18T18:04:31.000,255,276.84441375818136,,,59.0,35.0,3.0903114897104667,0.0,0.0,0.0,3.6,Credit Card,Demo Sun Taxi,41.8318414086484,-87.67487692806931,41.84446351238273,-87.61648529115081
demo_trip_001681,demo_taxi_0001,2024-03-04T07:52:22.000,2024-03-04T08:17:23.000,1501,12.93,,,59.0,6.0,59.0,0.0,0.0,0.0,59.0,Cash,Demo Taxi Co,41.83628420444843,-87.66296725880366,41.932447279284034,-87.66716165997042
demo_trip_001682,demo_taxi_0004,2024-03-08T12:26:56.000,2024-03-08T12:50:49.000,1433,5.13,,,69.0,51.0,14.25,1.59,0.0,1.69,17.53,Credit Card,Demo Taxi Co,41.7554417833319,-87.60830241963163,41.70662859474166,-87.57580677142687
demo_trip_001683,demo_taxi_0095,2024-03-15T14:25:19.000,2024-03-15T14:37:20.000,721,3.73,,,23.0,48.0,14.61,0.0,0.0,0.0,14.61,Cash,Demo City Service,41.89417048278619,-87.71387248880282,41.72569425134515,-87.56646605754968
demo_trip_001684,demo_taxi_0043,2024-03-24T08:38:36.000,2024-03-24T09:10:03.000,1887,17.86,,,36.0,59.0,58.3,0.0,0.0,1.66,59.96,Mobile,Demo Sun Taxi,41.82818942820903,-87.60255856734946,41.826653327875434,-87.66453808563725
demo_trip_001685,demo_taxi_0062,2024-03-07T06:16:16.000,2024-03-07T06:20:52.000,276,1.81,,,59.0,36.0,6.97,0.0,0.0,0.0,6.97,Cash,Demo Globe Taxi,41.829843202209595,-87.67372634849312,41.824732558862046,-87.60036908045704
demo_trip_001686,demo_taxi_0051,2024-03-06T11:41:38.000,2024-03-06T12:20:57.000,2359,9.91,,,11.0,29.0,42.56,0.0,0.0,0.0,42.56,Cash,Demo Sun Taxi,41.97149653689386,-87.77539960715721,41.85673823594731,-87.72456090994542
demo_trip_001687,demo_taxi_0048,2024-03-23T22:25:34.000,2024-03-23T23:00:14.000,2080,4.63,,,67.0,75.0,11.67,0.0,0.0,0.0,11.67,Cash,Demo Globe Taxi,41.78789049823434,-87.65747190235442,41.68894731663724,-87.65043326133684
demo_trip_001688,demo_taxi_0112,2024-03-24T16:16:09.000,2024-03-24T16:25:38.000,569,1.29,,,48.0,13.0,4.88,0.0,0.0,2.8,7.68,Cash,Demo Globe Taxi,41.732674235005206,-87.57791307321473,41.98426033335635,-87.72754015696702
demo_trip_001689,demo_taxi_0011,2024-03-07T11:23:27.000,2024-03-07T11:44:39.000,1272,5.45,,,19.0,11.0,17.6,2.08,0.0,0.0,19.68,Credit Card,Demo Taxi Co,41.93291671299216,-87.76642787056834,41.97571717795516,-87.78691720854623
demo_trip_001690,demo_taxi_0092,2024-03-12T03:00:06.000,2024-03-12T03:10:23.000,617,3.81,,,34.0,5.0,14.61,0.0,0.0,0.0,14.61,Mobile,Demo City Service,41.83664980079864,-87.63221316649673,41.94438558357819,-87.69567070988414
demo_trip_001691,demo_taxi_0106,2024-03-17T16:18:53.000,2024-03-17T16:44:46.000,1553,9.1,,,36.0,48.0,25.25,0.0,0.0,2.76,28.01,Credit Card,Demo Flash Cab,41.82726118404485,-87.60419827061568,41.732144275350166,-87.5644853367387
demo_trip_001692,demo_taxi_0078,2024-03-08T06:35:42.000,2024-03-08T06:51:44.000,962,8.79,,,19.0,11.0,39.94,4.55,0.0,0.0,44.49,Cash,Demo Taxi Co,41.93252216217347,-87.77280076269943,41.97114003622817,-87.78573062190176
demo_trip_001693,demo_taxi_0047,2024-03-10T15:08:56.000,2024-03-10T15:30:00.000,1264,10.05,,,46.0,69.0,38.78,0.0,0.0,2.81,41.59,Cash,Demo Flash Cab,41.73385401948565,-87.53314798739741,41.75737286909695,-87.60006172302424
demo_trip_001694,demo_taxi_0019,2024-03-12T18:07:52.000,2024-03-12T18:46:16.000,2304,21.1,,,36.0,35.0,63.88,0.0,0.0,0.0,63.88,Mobile,Demo Flash Cab,41.81866019845559,-87.59623943704199,41.831662229346456,-87.62668460416414
demo_trip_001695,demo_taxi_0081,2024-03-17T12:39:13.000,2024-03-17T13:05:07.000,1554,9.42,,,51.0,48.0,41.68,4.43,0.0,0.0,46.11,Cash,Demo Taxi Co,41.66547739652005,-87.57712309470739,41.72968849308859,-87.5637040003747
demo_trip_001696,demo_taxi_0056,2024-03-10T09:25:42.000,2024-03-10T10:00:47.000,2105,11.73,,,75.0,29.0,30.43,0.0,0.0,0.0,30.43,Cash,Demo Sun Taxi,41.695752235265815,-87.6902848102924,41.84740253036592,-87.73485320514185
demo_trip_001697,demo_taxi_0017,2024-03-12T04:08:06.000,2024-03-12T04:34:17.000,1571,10.16,,,46.0,46.0,40.46,0.0,0.0,0.0,40.46,Cash,Demo Taxi Co,41.74315509964669,-87.55273343999394,41.73242547299299,-87.54418518477065
demo_trip_001698,demo_taxi_0043,2024-03-10T02:44:57.000,2024-03-10T03:05:30.000,1233,6.18,,,54.0,5.0,23.2,5.24,0.0,0.0,28.44,Cash,Demo Flash Cab,41.66708809743079,-87.61257926729823,41.94086875165732,-87.68112324859612
demo_trip_001699,demo_taxi_0115,2024-03-19T12:46:47.000,2024-03-19T12:50:20.000,213,180.58126128662843,,,23.0,59.0,3.2551191137844167,0.28,0.0,0.0,2.39,Credit Card,Demo Sun Taxi,41.91213295603251,-87.72220694672697,41.8263356029635,-87.67758604512994
demo_trip_001700,demo_taxi_0031,2024-03-07T20:02:40.000,2024-03-07T20:08:57.000,377,3.2,,,67.0,48.0,10.0,0.0,0.0,0.0,10.0,No Charge,Demo Taxi Co,41.76488457886044,-87.65563178619672,41.72282402348572,-87.54648574894199
demo_trip_001701,demo_taxi_0021,2024-03-08T08:12:59.000,2024-03-08T08:35:42.000,1363,9.99,,,23.0,69.0,26.9,0.0,0.0,0.0,26.9,Mobile,Demo Flash Cab,41.90447909442893,-87.71050294447548,41.75982879954763,-87.63329572121074
demo_trip_001702,demo_taxi_0081,2024-03-09T16:22:50.000,2024-03-09T16:44:28.000,1298,6.05,,,10.0,13.0,26.2,0.0,0.0,0.0,26.2,Credit Card,Demo Globe Taxi,41.97258208256444,-87.80354525306288,41.98539893448895,-87.71520706872205
demo_trip_001703,demo_taxi_0023,2024-03-23T17:43:51.000,2024-03-23T18:05:25.000,1294,7.21,,,54.0,10.0,30.75,0.0,0.0,0.0,30.75,Credit Card,Demo City Service,41.6660045117998,-87.6058378523017,41.99727690202855,-87.78569966901361
demo_trip_001704,demo_taxi_0110,2024-03-23T05:04:06.000,2024-03-23T05:38:22.000,2056,8.05,,,75.0,1.0,21.92,4.85,0.0,1.11,27.88,Mobile,Demo Sun Taxi,41.698000862041454,-87.68966243414134,42.01546361101369,-87.68309665533869
demo_trip_001705,demo_taxi_0103,2024-03-14T07:48:01.000,2024-03-14T07:54:33.000,392,2.53,,,59.0,75.0,7.02,0.0,0.0,2.57,9.59,Credit Card,Demo Flash Cab,41.82631244365884,-87.68401859201511,41.69829417013183,-87.65806970521282
demo_trip_001706,demo_taxi_0118,2024-03-07T10:19:57.000,2024-03-07T10:47:19.000,1642,8.06,,,29.0,35.0,37.89,8.54,0.0,2.05,48.48,Credit Card,Demo Taxi Co,41.866554690626096,-87.7244552182495,41.84101632376077,-87.62278258436741
demo_trip_001707,demo_taxi_0109,2024-03-19T17:07:15.000,2024-03-19T17:37:50.000,1835,16.13,,,51.0,29.0,48.42,0.0,0.0,0.0,48.42,Credit Card,Demo City Service,41.65961661123843,-87.5600692003633,41.86789843517298,-87.70413535014478
demo_trip_001708,demo_taxi_0029,2024-03-14T13:51:25.000,2024-03-14T14:18:18.000,1613,9.98,,,67.0,5.0,32.53,0.0,0.0,0.0,32.53,Credit Card,Demo Taxi Co,41.785043911953274,-87.67494680613319,41.95720283638359,-87.68056308199735
demo_trip_001709,demo_taxi_0025,2024-03-21T18:05:02.000,2024-03-21T18:16:45.000,703,3.73,,,11.0,48.0,15.71,2.99,0.0,0.0,18.7,Cash,Demo City Service,41.972104484163246,-87.7539068257553,41.72489191097535,-87.57748714119833
demo_trip_001710,demo_taxi_0041,2024-03-11T20:07:37.000,2024-03-11T20:25:39.000,1082,8.49,,,5.0,34.0,22.51,0.0,0.0,0.0,22.51,Cash,Demo City Service,41.93950355995411,-87.68486189565475,41.85146023087954,-87.63852104624823
demo_trip_001711,demo_taxi_0056,2024-03-24T18:56:49.000,2024-03-24T19:01:50.000,301,151.44450506369824,,,,,3.1331781912765395,0.0,0.0,0.0,13.2,Cash,Demo City Service,41.7860150533811,-87.66068865750512,41.85069418571049,-87.63388027236084
demo_trip_001712,demo_taxi_0105,2024-03-20T23:31:50.000,2024-03-20T23:41:23.000,573,4.79,,,34.0,67.0,12.25,0.0,0.0,0.0,12.25,Credit Card,Demo City Service,41.84610978619676,-87.63801045669763,41.775859885954354,-87.67667364456113
demo_trip_001713,demo_taxi_0088,2024-03-08T18:27:34.000,2024-03-08T19:00:17.000,1963,11.65,,,46.0,1.0,53.86,0.0,0.0,0.69,54.55,Cash,Demo Globe Taxi,41.73709931579692,-87.5602664577488,42.01758875486991,-87.6686440230463
demo_trip_001714,demo_taxi_0077,2024-03-19T19:41:39.000,2024-03-19T20:07:29.000,1550,7.59,,,1.0,48.0,25.82,3.47,0.0,0.0,29.29,Credit Card,Demo Taxi Co,41.99882136284008,-87.65796054682906,41.72414484710973,-87.58131087152552
demo_trip_001715,demo_taxi_0105,2024-03-10T19:37:30.000,2024-03-10T20:12:30.000,2100,15.1,,,67.0,46.0,43.41,0.0,0.0,0.0,43.41,Cash,Demo Taxi Co,41.76322968949776,-87.65836804511471,41.7387526367935,-87.5429356103036
demo_trip_001716,demo_taxi_0077,2024-03-11T18:36:26.000,2024-03-11T19:05:01.000,1715,14.32,,,75.0,59.0,49.31,0.0,0.0,0.0,49.31,Credit Card,Demo Sun Taxi,41.690858792291294,-87.68057881137219,41.83071212975694,-87.66105468149598
demo_trip_001717,demo_taxi_0045,2024-03-09T19:01:33.000,2024-03-09T19:13:27.000,714,6.83,,,46.0,10.0,33.69,0.0,0.0,0.0,33.69,Unknown,Demo Taxi Co,41.738025099717504,-87.53364508774364,41.98588436040236,-87.786859347879
demo_trip_001718,demo_taxi_0049,2024-03-18T21:33:56.000,2024-03-18T22:07:01.000,1985,11.22,,,46.0,5.0,42.89,8.51,0.0,2.89,54.29,Mobile,Demo Sun Taxi,41.73425454307669,-87.55504067628847,41.953344183827376,-87.67846140789833
demo_trip_001719,demo_taxi_0062,2024-03-09T13:16:15.000,2024-03-09T13:44:41.000,1706,12.34,,,11.0,59.0,32.68,0.0,0.0,0.0,32.68,Cash,Demo City Service,41.996189174521426,-87.77971332089788,41.82793983716488,-87.67911262444068
demo_trip_001720,demo_taxi_0010,2024-03-17T17:48:28.000,2024-03-17T17:58:33.000,605,2.67,,,67.0,34.0,12.96,0.0,0.0,0.0,12.96,Cash,Demo Taxi Co,41.79157277210898,-87.66774400164951,41.83150584477713,-87.63044282770035
demo_trip_001721,demo_taxi_0089,2024-03-16T14:30:36.000,2024-03-16T14:33:46.000,190,0.55,,,46.0,19.0,1.57,0.37,0.0,0.0,1.94,Cash,Demo Globe Taxi,41.73154921323053,-87.54918256930279,41.91752461737813,-87.7562891267636
demo_trip_001722,demo_taxi_0078,2024-03-19T19:07:34.000,2024-03-19T19:38:49.000,1875,7.73,,,10.0,6.0,20.38,4.79,0.0,2.23,27.4,Credit Card,Demo Flash Cab,41.98561789503341,-87.81457917415253,41.938883324511174,-87.6410872345066
demo_trip_001723,demo_taxi_0087,2024-03-24T12:53:01.000,2024-03-24T13:22:41.000,1780,4.15,,,35.0,5.0,10.85,1.96,0.0,0.0,12.81,Cash,Demo Taxi Co,41.82940157107704,-87.61541774401154,41.94875919715098,-87.68289639225661
demo_trip_001724,demo_taxi_0064,2024-03-04T19:17:17.000,2024-03-04T19:23:36.000,379,2.29,,,54.0,13.0,10.46,0.0,0.0,0.0,10.46,Mobile,Demo City Service,41.66208106307566,-87.60300516439081,41.98921247673538,-87.70937764583972
demo_trip_001725,demo_taxi_0093,2024-03-24T19:16:38.000,2024-03-24T19:16:38.000,0,6.08,,,36.0,11.0,17.53,2.46,0.0,0.0,19.99,Unknown,Demo Globe Taxi,41.829793853583155,-87.60460449737894,41.829793853583155,-87.60460449737894
demo_trip_001726,demo_taxi_0113,2024-03-06T22:56:41.000,2024-03-06T23:33:29.000,2208,16.14,,,36.0,6.0,47.57,0.0,0.0,0.0,47.57,Cash,Demo Taxi Co,41.829965523348555,-87.60164209324842,41.9501631292713,-87.66799950636187
demo_trip_001727,demo_taxi_0068,2024-03-15T08:46:44.000,2024-03-15T09:19:03.000,1939,13.26,,,67.0,29.0,64.45,10.42,0.0,0.0,74.87,Cash,Demo Flash Cab,41.770461905975786,-87.66096477913753,41.85907304659619,-87.70107750418069
demo_trip_001728,demo_taxi_0053,2024-03-11T17:51:59.000,2024-03-11T18:25:12.000,1993,6.94,,,29.0,36.0,27.96,2.83,0.0,0.0,30.79,Credit Card,Demo Globe Taxi,41.855489012338126,-87.71430692656104,41.82597486332712,-87.6064550803868
demo_trip_001729,demo_taxi_0012,2024-03-17T18:39:40.000,2024-03-17T18:57:12.000,1052,7.65,,,69.0,59.0,24.58,5.25,0.0,2.83,32.66,Credit Card,Demo Flash Cab,41.756802584228126,-87.60029297372195,41.835630913382886,-87.6752621467266
demo_trip_001730,demo_taxi_0093,2024-03-19T21:54:34.000,2024-03-19T22:02:02.000,448,1.63,,,67.0,59.0,6.46,1.07,0.0,0.0,7.53,Cash,Demo Flash Cab,41.77884149945118,-87.6555676636156,41.82683862860053,-87.66365987448067
demo_trip_001731,demo_taxi_0108,2024-03-22T21:06:19.000,2024-03-22T21:22:18.000,959,2.17,,,54.0,29.0,6.74,0.0,0.0,0.0,6.74,No Charge,Demo Sun Taxi,41.66609816545203,-87.5946596818763,41.85827419392879,-87.68906507830742
demo_trip_001732,demo_taxi_0083,2024-03-12T16:35:22.000,2024-03-12T17:03:46.000,1704,16.19,,,48.0,67.0,60.48,0.0,0.0,0.0,60.48,Mobile,Demo Globe Taxi,41.73234296922637,-87.56780532176798,41.79086774333167,-87.66621127715881
demo_trip_001733,demo_taxi_0103,2024-03-23T16:17:49.000,2024-03-23T16:51:55.000,2046,4.96,,,69.0,5.0,16.55,0.0,0.0,0.0,16.55,Mobile,Demo Flash Cab,41.757665576950494,-87.60858839738917,41.95264508565949,-87.67527083597705
demo_trip_001734,demo_taxi_0103,2024-03-10T07:23:28.000,2024-03-10T07:50:17.000,1609,7.7,,,13.0,35.0,31.24,0.0,0.0,0.0,31.24,Credit Card,Demo Globe Taxi,41.98089513082353,-87.72250317813433,41.82432644921842,-87.62363153769815
demo_trip_001735,demo_taxi_0095,2024-03-08T22:14:42.000,2024-03-08T22:19:07.000,265,1.86,,,5.0,1.0,8.18,0.0,0.0,0.0,8.18,Cash,Demo City Service,41.948278469936135,-87.68188623672934,42.01307292127794,-87.6742290837114
demo_trip_001736,demo_taxi_0060,2024-03-11T09:12:07.000,2024-03-11T09:36:57.000,1490,7.45,,,29.0,10.0,25.12,2.73,0.0,0.0,27.85,Cash,Demo Flash Cab,41.86424331946605,-87.73063509361545,41.98837430624203,-87.8186680632361
demo_trip_001737,demo_taxi_0011,2024-03-15T18:26:07.000,2024-03-15T18:36:02.000,595,3.02,,,19.0,75.0,8.64,0.0,0.0,0.0,8.64,Cash,Demo Flash Cab,41.92767987952746,-87.76817730385608,41.694037522745866,-87.65748373315343
demo_trip_001738,demo_taxi_0000,2024-03-18T19:55:12.000,2024-03-18T20:20:45.000,1533,11.72,,,13.0,13.0,39.72,6.21,0.0,0.0,45.93,Credit Card,Demo City Service,41.98850662966644,-87.71851420531245,41.99445851368743,-87.72310807984618
demo_trip_001739,demo_taxi_0024,2024-03-21T13:38:11.000,2024-03-21T13:56:25.000,1094,7.37,,,75.0,13.0,32.39,0.0,0.0,0.0,32.39,Cash,Demo Globe Taxi,41.69180857915824,-87.68998161988027,41.97789764790521,-87.71822940653539
demo_trip_001740,demo_taxi_0051,2024-03-08T08:20:36.000,2024-03-08T08:43:19.000,1363,8.33,,,69.0,6.0,37.22,0.0,0.0,0.0,37.22,Credit Card,Demo Flash Cab,41.754429925296726,-87.62861962601005,41.95059610617479,-87.65619904429525
demo_trip_001741,demo_taxi_0089,2024-03-10T08:26:38.000,2024-03-10T08:51:41.000,1503,13.33,,,13.0,5.0,59.5,0.0,0.0,0.0,59.5,Cash,Demo Taxi Co,41.979827684240554,-87.74245640679848,41.95684355288806,-87.68011721066678
demo_trip_001742,demo_taxi_0054,2024-03-23T20:31:33.000,2024-03-23T20:58:09.000,1596,4.84,,,54.0,23.0,23.89,0.0,0.0,0.0,23.89,No Charge,Demo Globe Taxi,41.68291365458473,-87.60779597750444,41.89087832543179,-87.71155257241965
demo_trip_001743,demo_taxi_0002,2024-03-13T14:14:17.000,2024-03-13T14:17:28.000,191,1.1,,,75.0,5.0,5.02,1.13,0.0,1.48,7.63,Cash,Demo Flash Cab,41.68181971341184,-87.6740549807629,41.94774961922477,-87.69635970821511
demo_trip_001744,demo_taxi_0025,2024-03-09T06:31:34.000,2024-03-09T07:10:18.000,2324,9.33,,,67.0,23.0,45.92,7.91,0.0,0.0,53.83,Credit Card,Demo Sun Taxi,41.75821748625577,-87.6615499855066,41.89066448113843,-87.70574763629271
demo_trip_001745,demo_taxi_0117,2024-03-24T17:41:07.000,2024-03-24T18:05:23.000,1456,3.64,,,51.0,48.0,14.8,0.0,0.0,0.0,14.8,Cash,Demo Globe Taxi,41.704258911024674,-87.57415790525836,41.726331617928906,-87.57402408787071
demo_trip_001746,demo_taxi_0118,2024-03-13T09:14:28.000,2024-03-13T09:36:13.000,1305,12.48,,,11.0,10.0,38.36,6.81,0.0,0.0,45.17,Cash,Demo Sun Taxi,41.972522926544976,-87.77523380528126,41.98181456995635,-87.80327720830626
demo_trip_001747,demo_taxi_0045,2024-03-24T20:35:09.000,2024-03-24T20:52:09.000,1020,7.88,,,54.0,36.0,31.68,4.65,0.0,0.0,36.33,Cash,Demo Taxi Co,41.65869247884896,-87.61086057108005,41.824325207976884,-87.60604219275942
demo_trip_001748,demo_taxi_0096,2024-03-23T10:42:04.000,2024-03-23T10:48:56.000,412,1.58,,,11.0,29.0,4.73,0.79,0.0,0.0,5.52,Credit Card,Demo City Service,41.98281968364023,-87.78099520531042,41.85997278636916,-87.71333460464471
demo_trip_001749,demo_taxi_0086,2024-03-23T08:31:09.000,2024-03-23T08:57:27.000,1578,8.27,,,46.0,69.0,22.44,0.0,0.0,0.0,22.44,Cash,Demo Flash Cab,41.73683908436895,-87.54692429963757,41.76138481159422,-87.60886600923142
demo_trip_001750,demo_taxi_0111,2024-03-16T06:17:06.000,2024-03-16T06:33:32.000,986,3.86,,,51.0,23.0,12.56,0.0,0.0,0.0,12.56,Mobile,Demo Sun Taxi,41.70975869074066,-87.57642099524145,41.911869898770355,-87.73645244543303
demo_trip_001751,demo_taxi_0106,2024-03-20T14:33:28.000,2024-03-20T15:10:01.000,2193,16.14,,,69.0,11.0,54.99,7.28,0.0,0.0,62.27,Credit Card,Demo Sun Taxi,41.77094795723942,-87.62551101076268,41.96846045357698,-87.76747122112819
demo_trip_001752,demo_taxi_0075,2024-03-24T13:47:32.000,2024-03-24T14:14:52.000,1640,7.95,,,35.0,5.0,33.96,4.05,0.0,1.36,39.37,Cash,Demo Flash Cab,41.844579308032756,-87.6130661863369,41.93888593796905,-87.67949477510119
demo_trip_001753,demo_taxi_0047,2024-03-09T18:13:36.000,2024-03-09T18:32:54.000,1158,10.56,,,5.0,19.0,35.99,0.0,0.0,0.0,35.99,Mobile,Demo Flash Cab,41.96084861394603,-87.68440745744671,41.924029431450165,-87.78963727633494
demo_trip_001754,demo_taxi_0075,2024-03-04T13:34:26.000,2024-03-04T13:38:36.000,250,0.94,,,6.0,5.0,2.36,0.24,0.0,0.0,2.6,Cash,Demo Flash Cab,41.948871974598944,-87.66047321797663,41.94919324843323,-87.68412808192565
demo_trip_001755,demo_taxi_0038,2024-03-10T11:40:10.000,2024-03-10T12:03:41.000,1411,6.84,,,67.0,34.0,32.78,7.74,0.0,0.0,40.52,No Charge,Demo City Service,41.75776665943769,-87.67166549065823,41.83350670041385,-87.63264468478116
demo_trip_001756,demo_taxi_0041,2024-03-17T09:19:01.000,2024-03-17T09:53:17.000,2056,18.94,,,59.0,5.0,75.26,0.0,0.0,0.0,75.26,Cash,Demo Sun Taxi,41.831393958857234,-87.66340398952988,41.95725761103955,-87.69127453755986
demo_trip_001757,demo_taxi_0073,2024-03-15T09:23:42.000,2024-03-15T09:43:49.000,1207,10.69,,,13.0,23.0,32.36,0.0,0.0,0.0,32.36,Cash,Demo Globe Taxi,41.97680271965903,-87.71929692183129,41.90026903710728,-87.70705731174094
demo_trip_001758,demo_taxi_0068,2024-03-05T21:53:58.000,2024-03-05T22:21:01.000,1623,7.18,,,23.0,69.0,22.48,3.24,0.0,0.0,25.72,Cash,Demo Flash Cab,41.894525184131226,-87.74086081336141,41.75514429310681,-87.62673529711225
demo_trip_001759,demo_taxi_0069,2024-03-15T07:21:16.000,2024-03-15T07:28:39.000,443,2.59,,,11.0,35.0,7.28,0.0,0.0,0.0,7.28,Credit Card,Demo Taxi Co,41.974395141340715,-87.77262336207207,41.84247168679628,-87.62894510857285
demo_trip_001760,demo_taxi_0046,2024-03-07T23:35:12.000,2024-03-07T23:53:14.000,1082,9.58,,,23.0,11.0,45.66,0.0,0.0,0.0,45.66,Credit Card,Demo Taxi Co,41.904995033767875,-87.71579078942578,41.968961498931804,-87.76701792548009
demo_trip_001761,demo_taxi_0049,2024-03-14T10:08:18.000,2024-03-14T10:40:38.000,1940,14.07,,,36.0,48.0,43.27,0.0,0.0,0.0,43.27,Cash,Demo City Service,41.8198081485545,-87.59992840189682,41.72667326404383,-87.5874703022399
demo_trip_001762,demo_taxi_0001,2024-03-16T06:55:12.000,2024-03-16T07:13:52.000,1120,7.84,,,6.0,29.0,38.04,4.18,0.0,0.0,42.22,Credit Card,Demo Sun Taxi,41.93746473465025,-87.63288651605372,41.85951319570725,-87.72629707717827
demo_trip_001763,demo_taxi_0072,2024-03-17T08:35:13.000,2024-03-17T09:10:58.000,2145,15.39,,,13.0,5.0,48.64,6.0,0.0,0.0,54.64,Credit Card,Demo City Service,41.97994939877127,-87.74156356304019,41.95807476742822,-87.68747217585698
demo_trip_001764,demo_taxi_0069,2024-03-12T05:45:29.000,2024-03-12T06:03:38.000,1089,9.94,,,29.0,11.0,44.71,0.0,0.0,0.0,44.71,Mobile,Demo Sun Taxi,41.862891336460876,-87.71014316467927,41.97251954302462,-87.78059516479075
demo_trip_001765,demo_taxi_0112,2024-03-12T18:36:47.000,2024-03-12T18:36:47.000,0,12.09,,,54.0,67.0,30.54,5.66,0.0,0.0,36.2,Credit Card,Demo Taxi Co,41.65692651369534,-87.61297619840826,41.65692651369534,-87.61297619840826
demo_trip_001766,demo_taxi_0060,2024-03-18T14:21:42.000,2024-03-18T14:48:31.000,1609,5.77,,,36.0,59.0,21.4,3.04,0.0,0.0,24.44,Credit Card,Demo City Service,41.821651683090955,-87.60603069537967,41.8330799609994,-87.66291081815841
demo_trip_001767,demo_taxi_0056,2024-03-19T10:20:57.000,2024-03-19T10:59:00.000,2283,13.17,,,10.0,59.0,45.08,9.11,0.0,0.0,54.19,Cash,Demo Flash Cab,41.96968977558664,-87.79191113469125,41.825430938977604,-87.67379971092758
demo_trip_001768,demo_taxi_0008,2024-03-20T17:42:21.000,2024-03-20T18:05:04.000,1363,10.48,,,59.0,36.0,34.97,7.53,0.0,0.0,42.5,Credit Card,Demo Flash Cab,41.82331515870128,-87.68129271931636,41.81913007797265,-87.60227407379548
demo_trip_001769,demo_taxi_0023,2024-03-11T16:51:29.000,2024-03-11T17:11:48.000,1219,7.21,,,35.0,36.0,35.91,0.0,0.0,0.0,35.91,Cash,Demo City Service,41.8366909719904,-87.61198538859053,41.8213245249629,-87.60023948936926
demo_trip_001770,demo_taxi_0040,2024-03-12T21:07:22.000,2024-03-12T21:23:26.000,964,4.41,,,59.0,13.0,18.97,3.15,0.0,0.0,22.12,Credit Card,Demo City Service,41.82706277030045,-87.65899344224884,41.983100775814194,-87.73732357655963
demo_trip_001771,demo_taxi_0045,2024-03-10T22:50:02.000,2024-03-10T23:17:10.000,1628,11.75,,,23.0,54.0,36.89,0.0,0.0,0.0,36.89,Cash,Demo City Service,41.90113301333358,-87.73809816038907,41.65988133772936,-87.59596169485432
demo_trip_001772,demo_taxi_0043,2024-03-15T17:49:23.000,2024-03-15T18:28:38.000,2355,13.19,,,6.0,34.0,57.79,14.21,0.0,0.0,72.0,Cash,Demo Sun Taxi,41.94555577394573,-87.6626376869719,41.82381478486306,-87.62947183349876
demo_trip_001773,demo_taxi_0047,2024-03-06T19:06:15.000,2024-03-06T19:15:28.000,553,5.22,,,51.0,48.0,14.74,0.0,0.0,0.0,14.74,Cash,Demo City Service,41.67979922806988,-87.57467195334672,41.73200438835569,-87.55918258707445
demo_trip_001774,demo_taxi_0092,2024-03-13T19:06:28.000,2024-03-13T19:44:06.000,2258,10.98,,,59.0,54.0,52.87,0.0,0.0,1.17,54.04,Credit Card,Demo Sun Taxi,41.82907963609516,-87.67221043994664,41.65103108663606,-87.58742716970048
demo_trip_001775,demo_taxi_0015,2024-03-07T14:41:09.000,2024-03-07T15:20:17.000,2348,17.85,,,48.0,46.0,63.65,12.18,0.0,0.0,75.83,Cash,Demo City Service,41.73525078692603,-87.58973170133342,41.74674356293545,-87.53317085747682
demo_trip_001776,demo_taxi_0039,2024-03-15T17:50:44.000,2024-03-15T18:22:11.000,1887,12.05,,,34.0,48.0,35.87,0.0,0.0,0.0,35.87,Credit Card,Demo Sun Taxi,41.82502464004234,-87.6334266385655,41.730201614044624,-87.56299320744509
demo_trip_001777,demo_taxi_0019,2024-03-21T06:23:50.000,2024-03-21T06:48:18.000,1468,4.12,,,19.0,59.0,13.11,0.0,0.0,0.0,13.11,Cash,Demo Flash Cab,41.93508855265718,-87.78300253743299,41.83690078835301,-87.67506547157883
demo_trip_001778,demo_taxi_0036,2024-03-24T18:38:57.000,2024-03-24T19:13:52.000,2095,0.0,,,51.0,29.0,34.77,5.98,0.0,1.58,42.33,Credit Card,Demo Taxi Co,41.70985234605945,-87.55244515851254,41.85663235153186,-87.70630134634014
demo_trip_001779,demo_taxi_0082,2024-03-13T22:59:05.000,2024-03-13T23:11:45.000,760,1.86,,,19.0,13.0,8.98,0.0,0.0,0.0,8.98,Credit Card,Demo Taxi Co,41.93198000520505,-87.76038194625106,41.973225511799,-87.71355472286585
demo_trip_001780,demo_taxi_0005,2024-03-05T06:19:07.000,2024-03-05T06:45:34.000,1587,12.93,,,48.0,36.0,42.21,0.0,0.0,0.0,42.21,Credit Card,Demo City Service,41.723824296520704,-87.58476617401998,41.81972239770721,-87.59801364737518
demo_trip_001781,demo_taxi_0040,2024-03-08T19:13:57.000,2024-03-08T19:46:44.000,1967,15.21,,,19.0,69.0,43.46,0.0,0.0,2.9,46.36,Credit Card,Demo City Service,41.93814092941317,-87.77592886798195,41.75207190910619,-87.628915658977
demo_trip_001782,demo_taxi_0002,2024-03-06T21:59:50.000,2024-03-06T22:32:37.000,1967,5.12,,,29.0,29.0,23.21,2.52,0.0,0.0,25.73,Credit Card,Demo City Service,41.85170766522023,-87.72027008054724,41.86028244437533,-87.69926841825107
demo_trip_001783,demo_taxi_0114,2024-03-19T08:16:35.000,2024-03-19T08:41:17.000,1482,8.85,,,67.0,35.0,26.84,3.14,0.0,0.0,29.98,Credit Card,Demo City Service,41.76864271229412,-87.66928666749712,41.828790443469124,-87.61333295805039
demo_trip_001784,demo_taxi_0087,2024-03-24T15:28:19.000,2024-03-24T15:45:34.000,1035,0.0,,,23.0,51.0,26.7,6.2,0.0,0.0,32.9,Mobile,Demo Globe Taxi,41.904382291123596,-87.7078242094828,41.699798023885485,-87.54945390632561
demo_trip_001785,demo_taxi_0029,2024-03-15T21:26:31.000,2024-03-15T22:04:39.000,2288,9.97,,,36.0,11.0,41.58,6.04,0.0,0.0,47.62,Cash,Demo Taxi Co,41.82425478867681,-87.61206452388213,41.98202709535392,-87.77259611982186
demo_trip_001786,demo_taxi_0023,2024-03-07T22:31:32.000,2024-03-07T22:59:27.000,1675,15.08,,,34.0,13.0,37.98,7.77,0.0,0.0,45.75,Cash,Demo City Service,41.84898639896007,-87.64089757927529,41.99176033956615,-87.72004092127862
demo_trip_001787,demo_taxi_0011,2024-03-04T07:16:50.000,2024-03-04T07:48:19.000,1889,6.34,,,46.0,11.0,29.04,0.0,0.0,1.65,30.69,Credit Card,Demo Globe Taxi,41.73677548180174,-87.5453283313657,41.98957603640387,-87.77323666769976
demo_trip_001788,demo_taxi_0056,2024-03-24T11:40:31.000,2024-03-24T12:06:34.000,1563,3.55,,,46.0,35.0,13.87,1.74,0.0,0.0,15.61,Credit Card,Demo Globe Taxi,41.75021861076471,-87.57047227934467,41.843386717106824,-87.62887411794404
demo_trip_001789,demo_taxi_0090,2024-03-10T17:41:01.000,2024-03-10T18:16:28.000,2127,13.19,,,1.0,54.0,41.11,8.72,0.0,0.0,49.83,Dispute,Demo Taxi Co,42.02290460460276,-87.66973449807172,41.66362951504282,-87.59264291860754
demo_trip_001790,demo_taxi_0070,2024-03-06T08:12:41.000,2024-03-06T08:33:21.000,1240,4.98,,,11.0,34.0,18.35,4.53,0.0,0.0,22.88,Credit Card,Demo Globe Taxi,41.970753461408975,-87.76065058415016,41.84763510800391,-87.63778859876156
demo_trip_001791,demo_taxi_0105,2024-03-07T10:28:46.000,2024-03-07T10:51:59.000,1393,12.28,,,11.0,13.0,38.76,0.0,0.0,2.35,41.11,Mobile,Demo Flash Cab,41.979260752922244,-87.78312457593319,41.97411619137329,-87.72969484607233
demo_trip_001792,demo_taxi_0041,2024-03-09T02:03:17.000,2024-03-09T02:36:01.000,1964,14.29,,,10.0,29.0,54.76,0.0,0.0,0.0,54.76,Cash,Demo Taxi Co,41.975619491495415,-87.80075917322965,41.85638360259431,-87.69565804254114
demo_trip_001793,demo_taxi_0033,2024-03-17T07:13:06.000,2024-03-17T07:35:14.000,1328,9.79,,,35.0,75.0,38.47,0.0,0.0,0.0,38.47,Credit Card,Demo Flash Cab,41.8339596730859,-87.62382376911562,41.69798209980053,-87.66068551955743
demo_trip_001794,demo_taxi_0057,2024-03-22T15:59:08.000,2024-03-22T16:11:11.000,723,5.26,,,75.0,1.0,23.3,0.0,0.0,0.0,23.3,Cash,Demo Sun Taxi,41.69198371145607,-87.67651334810074,42.01147199944489,-87.66155605311572
demo_trip_001795,demo_taxi_0024,2024-03-09T17:30:50.000,2024-03-09T18:01:51.000,1861,13.61,,,5.0,36.0,49.88,11.99,0.0,2.68,64.55,Cash,Demo Sun Taxi,41.94654773934899,-87.69509843119243,41.82917655085243,-87.60146688544987
demo_trip_001796,demo_taxi_0117,2024-03-18T17:37:26.000,2024-03-18T17:54:19.000,1013,7.93,,,6.0,34.0,35.42,5.77,0.0,1.31,42.5,Mobile,Demo Flash Cab,41.95011486183883,-87.66638711306139,41.82971711170539,-87.63158199668406
demo_trip_001797,demo_taxi_0022,2024-03-05T18:53:31.000,2024-03-05T19:00:24.000,413,2.99,,,19.0,23.0,7.99,0.0,0.0,0.0,7.99,Cash,Demo Sun Taxi,41.91883705232116,-87.78502432998094,41.910417719879796,-87.7101854485174
demo_trip_001798,demo_taxi_0057,2024-03-04T12:42:57.000,2024-03-04T12:59:44.000,1007,8.54,,,69.0,6.0,41.02,9.39,0.0,0.0,50.41,Credit Card,Demo Flash Cab,41.758348835549285,-87.60147296759122,41.93599591144885,-87.63899019800074
demo_trip_001799,demo_taxi_0062,2024-03-05T09:47:03.000,2024-03-05T09:52:02.000,299,1.92,,,35.0,67.0,5.69,0.95,0.0,0.0,6.64,Cash,Demo Globe Taxi,41.830276288922555,-87.62355818074707,41.77656880642841,-87.66845669104532
demo_trip_001800,demo_taxi_0006,2024-03-23T01:42:12.000,2024-03-23T02:17:41.000,2129,10.33,,,51.0,54.0,47.43,0.0,0.0,0.0,47.43,Credit Card,Demo Taxi Co,41.68486944497509,-87.54929587751886,41.67287118940876,-87.60950404096378
demo_trip_001801,,2024-03-16T08:29:49.000,2024-03-16T09:09:12.000,2363,13.52,,,54.0,54.0,50.52,12.43,0.0,0.0,62.95,Credit Card,Demo Sun Taxi,41.666924013088995,-87.6100932476599,41.656969136281745,-87.60034378070002
demo_trip_001802,demo_taxi_0054,2024-03-20T10:37:32.000,2024-03-20T10:50:23.000,771,4.26,,,34.0,59.0,11.77,1.19,0.0,0.0,12.96,Cash,Demo Sun Taxi,41.8506110667594,-87.63818501816559,41.83675604139088,-87.67689438164557
demo_trip_001803,demo_taxi_0031,2024-03-04T08:17:01.000,2024-03-04T08:53:55.000,2214,10.44,,,69.0,19.0,35.49,0.0,0.0,0.0,35.49,Credit Card,Demo City Service,41.767821127838765,-87.59255528267221,41.93420145114281,-87.74794969202094
demo_trip_001804,demo_taxi_0015,2024-03-04T01:53:42.000,2024-03-04T02:23:01.000,1759,9.39,,,59.0,34.0,45.03,7.29,0.0,1.24,53.56,Mobile,Demo City Service,41.828481710994836,-87.673294010314,41.85614966016509,-87.63022161737288
demo_trip_001805,demo_taxi_0005,2024-03-21T07:10:08.000,2024-03-21T07:48:29.000,2301,11.76,,,13.0,35.0,53.94,7.83,0.0,0.0,61.77,Dispute,Demo Taxi Co,41.98921013132439,-87.73286243996547,41.82581330039022,-87.61655756795831
demo_trip_001806,demo_taxi_0001,2024-03-06T17:53:46.000,2024-03-06T18:02:47.000,541,1.65,,,10.0,54.0,7.1,1.14,0.0,0.0,8.24,Credit Card,Demo Globe Taxi,41.98556168074907,-87.78787946812041,41.685194905604206,-87.60435776481232
demo_trip_001807,demo_taxi_0057,2024-03-07T16:52:47.000,2024-03-07T16:58:05.000,318,2.69,,,67.0,13.0,9.28,1.42,0.0,0.0,10.7,Credit Card,Demo City Service,41.76864474011868,-87.67115640441864,41.99129709350022,-87.71021401891895
demo_trip_001808,demo_taxi_0010,2024-03-14T21:08:49.000,2024-03-14T21:45:52.000,2223,17.55,,,36.0,69.0,69.71,0.0,0.0,0.0,69.71,Cash,Demo Taxi Co,41.818531442135495,-87.60593832824219,41.757676597564654,-87.62943939544364
demo_trip_001809,demo_taxi_0115,2024-03-16T19:42:27.000,2024-03-16T19:55:24.000,777,3.69,,,29.0,23.0,11.37,0.0,0.0,0.0,11.37,Credit Card,Demo Globe Taxi,41.86678703261252,-87.71926176937009,41.891846044281436,-87.73995671309847
demo_trip_001810,demo_taxi_0029,2024-03-08T15:59:16.000,2024-03-08T16:24:19.000,1503,13.99,,,19.0,54.0,57.63,0.0,0.0,2.65,60.28,Credit Card,Demo Taxi Co,41.92126463764309,-87.77079272198958,41.66709408689413,-87.60620460208685
demo_trip_001811,demo_taxi_0078,2024-03-13T07:34:52.000,2024-03-13T08:11:13.000,2181,20.38,,,10.0,1.0,64.24,0.0,0.0,0.0,64.24,Mobile,Demo Taxi Co,41.990181476329646,-87.8123079657818,42.01194282029457,-87.68071612407107
demo_trip_001812,demo_taxi_0080,2024-03-18T15:20:33.000,2024-03-18T15:36:14.000,941,8.14,,,48.0,54.0,37.22,0.0,0.0,0.0,37.22,Credit Card,Demo Flash Cab,41.73039903647266,-87.57696743748053,41.65515627531,-87.60927293148457
demo_trip_001813,demo_taxi_0059,2024-03-13T05:52:38.000,2024-03-13T05:58:56.000,378,0.92,,,59.0,19.0,3.92,0.0,0.0,0.0,3.92,Credit Card,Demo City Service,41.83212242632807,-87.68105818234655,41.93869944492093,-87.74390876054943
demo_trip_001814,demo_taxi_0106,2024-03-12T12:30:08.000,2024-03-12T13:02:24.000,1936,9.69,,,10.0,23.0,33.58,0.0,0.0,0.0,33.58,Credit Card,Demo City Service,41.98498589197122,-87.80229530057225,41.889242759425215,-87.70096803752647
demo_trip_001815,demo_taxi_0013,2024-03-05T12:07:37.000,2024-03-05T12:27:19.000,1182,6.68,,,10.0,10.0,27.71,0.0,0.0,0.0,27.71,Credit Card,Demo Taxi Co,41.9856047678671,-87.83341192840376,41.97445845911034,-87.79377745634116
demo_trip_001816,demo_taxi_0028,2024-03-13T12:14:34.000,2024-03-13T12:18:24.000,230,1.75,,,10.0,5.0,5.8,0.0,0.0,0.0,5.8,Mobile,Demo Globe Taxi,41.977484530553745,-87.80348442504189,41.95841159258201,-87.68348050496823
demo_trip_001817,demo_taxi_0030,2024-03-20T09:40:17.000,2024-03-20T09:55:54.000,937,6.54,,,23.0,69.0,18.89,0.0,0.0,0.0,18.89,Mobile,Demo Sun Taxi,41.8898266829076,-87.70763912523189,41.760489142554505,-87.60603881118666
demo_trip_001818,demo_taxi_0016,2024-03-17T17:27:46.000,2024-03-17T17:50:22.000,1356,9.91,,,13.0,1.0,30.6,0.0,0.0,0.0,30.6,Credit Card,Demo Globe Taxi,41.978111368282995,-87.74174952512887,42.01840773153601,-87.68179635326887
demo_trip_001819,demo_taxi_0035,2024-03-22T19:13:08.000,2024-03-22T19:48:41.000,2133,17.01,,,54.0,54.0,54.08,0.0,0.0,0.0,54.08,Credit Card,Demo City Service,41.669261733194155,-87.60160651049104,41.64761020739616,-87.60110569605246
demo_trip_001820,demo_taxi_0037,2024-03-06T18:47:43.000,2024-03-06T18:59:05.000,682,6.37,,,51.0,35.0,19.53,4.39,0.0,0.0,23.92,Mobile,Demo Taxi Co,41.70104469251564,-87.57482246620597,41.844997929368525,-87.62715403514113
demo_trip_001821,demo_taxi_0091,2024-03-04T16:07:57.000,2024-03-04T16:30:07.000,1330,8.46,,,59.0,23.0,35.5,0.0,0.0,0.0,35.5,Cash,Demo Flash Cab,41.838252211955165,-87.66375928084568,41.91305049788605,-87.72929930471288
demo_trip_001822,demo_taxi_0036,2024-03-15T15:13:34.000,2024-03-15T15:23:16.000,582,5.24,,,46.0,1.0,22.79,0.0,0.0,0.0,22.79,Cash,Demo Flash Cab,41.75104217539878,-87.5615302204423,42.005495415035504,-87.664152102365
demo_trip_001823,demo_taxi_0105,2024-03-07T02:27:06.000,2024-03-07T02:40:50.000,824,6.87,,,19.0,11.0,25.03,0.0,0.0,0.0,25.03,Credit Card,Demo Sun Taxi,41.917617156361764,-87.7736127190321,41.99076514566435,-87.77443657401807
demo_trip_001824,demo_taxi_0092,2024-03-16T18:02:33.000,2024-03-16T18:15:18.000,765,3.64,,,75.0,13.0,18.09,0.0,0.0,0.0,18.09,Cash,Demo Globe Taxi,41.69438238033091,-87.68579926249741,41.97375244308318,-87.72900497274334
demo_trip_001825,demo_taxi_0108,2024-03-22T15:23:31.000,2024-03-22T15:45:54.000,1343,11.18,,,13.0,51.0,52.85,0.0,0.0,0.0,52.85,Credit Card,Demo Flash Cab,41.98208726211477,-87.71184919068926,41.69159124424252,-87.5603370323748
demo_trip_001826,demo_taxi_0012,2024-03-11T09:54:33.000,2024-03-11T10:22:06.000,1653,5.13,,,51.0,51.0,13.94,0.0,0.0,0.0,13.94,Credit Card,Demo Taxi Co,41.68714829598006,-87.56491601556421,41.689880833964274,-87.58726964080391
demo_trip_001827,demo_taxi_0118,2024-03-15T10:56:16.000,2024-03-15T11:03:25.000,429,1.46,,,59.0,6.0,5.33,0.89,0.0,0.0,6.22,Cash,Demo City Service,41.82982013663053,-87.67923032163623,41.93473129833726,-87.63961990356017
demo_trip_001828,demo_taxi_0073,2024-03-18T21:52:37.000,2024-03-18T21:58:25.000,348,3.36,,,36.0,35.0,16.03,3.62,0.0,0.0,19.65,Credit Card,Demo Taxi Co,41.82710173265876,-87.6106735466976,41.84287315188191,-87.62129720781087
demo_trip_001829,demo_taxi_0117,2024-03-07T16:19:15.000,2024-03-07T16:49:18.000,1803,9.8,,,59.0,35.0,29.9,5.88,0.0,0.0,35.78,Cash,Demo Flash Cab,41.827907644228056,-87.66146525575529,41.838371119285185,-87.61138108589077
demo_trip_001830,demo_taxi_0042,2024-03-22T13:03:33.000,2024-03-22T13:17:25.000,832,4.72,,,10.0,34.0,16.27,2.52,0.0,0.0,18.79,Cash,Demo Sun Taxi,41.976321890010894,-87.80331344725877,41.851056256097095,-87.63720961422192
demo_trip_001831,demo_taxi_0114,2024-03-08T16:48:35.000,2024-03-08T17:14:27.000,1552,14.52,,,6.0,23.0,70.67,14.69,0.0,0.0,85.36,Cash,Demo Globe Taxi,41.95178138115367,-87.66842537093255,41.89586184074321,-87.72648221813698
demo_trip_001832,demo_taxi_0070,2024-03-20T12:22:38.000,2024-03-20T12:28:28.000,350,1.73,,,35.0,59.0,7.68,0.0,0.0,2.0,9.68,Cash,Demo City Service,41.84092003750538,-87.62630934931381,41.82412782723618,-87.65873101924575
demo_trip_001833,demo_taxi_0008,2024-03-17T13:44:47.000,2024-03-17T14:10:00.000,1513,6.05,,,67.0,6.0,27.71,0.0,0.0,0.0,27.71,Credit Card,Demo City Service,41.78754210868504,-87.67267662870331,41.95004271670044,-87.64433912797107
demo_trip_001834,demo_taxi_0049,2024-03-06T09:07:52.000,2024-03-06T09:44:30.000,2198,6.17,,,5.0,69.0,28.99,4.12,0.0,0.0,33.11,Cash,Demo Globe Taxi,41.94303459127744,-87.68819958886407,41.77193055210465,-87.63018424524087
demo_trip_001835,demo_taxi_0016,2024-03-19T13:40:46.000,2024-03-19T13:59:58.000,1152,7.08,,,13.0,36.0,20.73,0.0,0.0,0.0,20.73,Mobile,Demo Sun Taxi,41.98486719166828,-87.71506796454374,41.821732099060625,-87.60580439478268
demo_trip_001836,demo_taxi_0112,2024-03-08T17:35:47.000,2024-03-08T18:00:09.000,1462,5.44,,,36.0,10.0,23.11,3.75,0.0,0.0,26.86,Credit Card,Demo Sun Taxi,41.82918932080991,-87.60850997636152,41.976968546423784,-87.82261014744856
demo_trip_001837,demo_taxi_0036,2024-03-16T03:55:52.000,2024-03-16T04:09:45.000,833,2.26,,,48.0,35.0,10.19,0.0,0.0,1.68,11.87,Mobile,Demo Sun Taxi,41.72409067127137,-87.578451847442,41.844969721521736,-87.62464487730942
demo_trip_001838,demo_taxi_0026,2024-03-24T19:06:14.000,2024-03-24T19:19:48.000,814,0.0,,,59.0,67.0,20.76,0.0,0.0,0.0,20.76,No Charge,Demo City Service,41.83220180141169,-87.67441431538137,41.78587250092146,-87.6589605906565
demo_trip_001839,demo_taxi_0066,2024-03-24T09:24:17.000,2024-03-24T09:29:42.000,325,1.52,,,75.0,51.0,3.96,0.0,0.0,0.0,3.96,Cash,Demo Taxi Co,41.69574943929056,-87.6631264554331,41.70287036171602,-87.56475244190253
demo_trip_001840,demo_taxi_0051,2024-03-22T17:59:31.000,2024-03-22T18:20:14.000,1243,8.16,,,19.0,75.0,24.04,4.69,0.0,0.0,28.73,Credit Card,Demo Globe Taxi,41.919488839734306,-87.76400542367449,41.69516045993179,-87.68160972150022
demo_trip_001841,demo_taxi_0011,2024-03-14T17:23:27.000,2024-03-14T18:01:29.000,2282,6.86,,,34.0,13.0,29.87,5.41,0.0,0.0,35.28,Cash,Demo Taxi Co,41.82723287134373,-87.63290425670881,41.990349401058424,-87.72352925321111
demo_trip_001842,demo_taxi_0097,2024-03-15T17:39:42.000,2024-03-15T17:39:42.000,0,2.63,,,1.0,13.0,11.14,1.18,0.0,0.0,12.32,Credit Card,Demo Sun Taxi,42.012930321832584,-87.66641983408941,42.012930321832584,-87.66641983408941
demo_trip_001843,demo_taxi_0101,2024-03-10T16:09:00.000,2024-03-10T16:27:24.000,1104,7.68,,,34.0,54.0,36.32,0.0,0.0,2.65,38.97,Credit Card,Demo Taxi Co,41.826163075094605,-87.63215681427589,41.68103980094011,-87.61326422249068
demo_trip_001844,demo_taxi_0089,2024-03-23T22:43:08.000,2024-03-23T23:17:06.000,2038,11.41,,,75.0,6.0,37.57,0.0,0.0,0.0,37.57,Credit Card,Demo Flash Cab,41.69750061091876,-87.68500730134149,41.94742489874101,-87.64802249188212
demo_trip_001845,demo_taxi_0074,2024-03-14T14:16:44.000,2024-03-14T14:38:04.000,1280,6.08,,,51.0,10.0,24.65,0.0,0.0,0.0,24.65,Cash,Demo City Service,41.6887869426269,-87.56774354324101,41.97114460237794,-87.80324788024546
demo_trip_001846,demo_taxi_0048,2024-03-20T18:34:49.000,2024-03-20T19:05:57.000,1868,8.51,,,29.0,35.0,21.85,0.0,0.0,0.0,21.85,Cash,Demo Taxi Co,41.868502662051,-87.70108804297958,41.827412724568276,-87.61419785681997
demo_trip_001847,demo_taxi_0065,2024-03-11T17:52:18.000,2024-03-11T18:09:12.000,1014,3.09,,,69.0,75.0,14.95,1.5,0.0,0.0,16.45,Cash,Demo Sun Taxi,41.780007410594465,-87.6273278055804,41.68148629002197,-87.68474973627977
demo_trip_001848,demo_taxi_0062,2024-03-19T08:39:18.000,2024-03-19T09:04:35.000,1517,4.69,,,75.0,36.0,18.23,0.0,0.0,0.0,18.23,Credit Card,Demo City Service,41.69499333614736,-87.69072342762061,41.817269065860245,-87.59616042343667
demo_trip_001849,demo_taxi_0019,2024-03-08T09:28:33.000,2024-03-08T10:08:06.000,2373,14.1,,,67.0,10.0,61.63,0.0,0.0,0.0,61.63,Credit Card,Demo Flash Cab,41.76848330898331,-87.65433673391824,41.984537290511796,-87.83622668157516
demo_trip_001850,demo_taxi_0009,2024-03-19T12:11:28.000,2024-03-19T12:36:35.000,1507,4.92,,,46.0,36.0,15.79,0.0,0.0,0.0,15.79,Cash,Demo Taxi Co,41.74828902550774,-87.57618090070548,41.825423484532,-87.6104277437855
demo_trip_001851,demo_taxi_0030,2024-03-04T09:20:10.000,2024-03-04T09:52:37.000,1947,7.59,,,1.0,1.0,20.53,0.0,0.0,0.0,20.53,Cash,Demo Globe Taxi,42.00092968372618,-87.6567434990401,42.000755963915275,-87.65855027706056
demo_trip_001852,demo_taxi_0054,2024-03-06T11:50:30.000,2024-03-06T12:19:09.000,1719,5.94,,,67.0,48.0,15.78,2.86,0.0,0.0,18.64,Credit Card,Demo Globe Taxi,41.79391303366992,-87.66604138506722,41.73177394308495,-87.55850910904311
demo_trip_001853,demo_taxi_0019,2024-03-11T12:12:49.000,2024-03-11T12:19:21.000,392,3.23,,,48.0,1.0,14.65,2.5,0.0,0.0,17.15,Credit Card,Demo Taxi Co,41.728088539959494,-87.55590822571622,42.00812082187671,-87.67814888627288
demo_trip_001854,demo_taxi_0012,2024-03-14T16:39:43.000,2024-03-14T16:48:39.000,536,3.0,,,69.0,59.0,8.64,1.74,0.0,0.0,10.38,Credit Card,Demo Taxi Co,41.75536532703905,-87.61971902556353,41.82738295567259,-87.68123519569721
demo_trip_001855,demo_taxi_0102,2024-03-18T08:29:49.000,2024-03-18T08:55:19.000,1530,9.74,,,35.0,51.0,44.41,0.0,0.0,1.9,46.31,Cash,Demo Sun Taxi,41.842883551025075,-87.61942360034213,41.697985811571066,-87.58424969399618
demo_trip_001856,demo_taxi_0044,2024-03-11T19:19:38.000,2024-03-11T19:35:30.000,952,6.28,,,11.0,46.0,19.86,0.0,0.0,0.0,19.86,Cash,Demo Taxi Co,41.969463046731974,-87.77629929281336,41.750442691802995,-87.55170109644153
demo_trip_001857,demo_taxi_0070,2024-03-04T13:42:52.000,2024-03-04T14:03:47.000,1255,6.52,,,67.0,5.0,25.12,5.2,0.0,0.0,30.32,Cash,Demo Sun Taxi,41.78250507675286,-87.6549828500091,41.939518885163444,-87.68612344050133
demo_trip_001858,demo_taxi_0062,2024-03-10T17:21:14.000,2024-03-10T17:42:07.000,1253,5.59,,,5.0,46.0,17.64,0.0,0.0,0.0,17.64,Credit Card,Demo Taxi Co,41.956518840226664,-87.68414738879252,41.738440474042804,-87.55102767245887
demo_trip_001859,demo_taxi_0088,2024-03-13T06:17:02.000,2024-03-13T06:49:23.000,1941,9.88,,,23.0,13.0,25.94,0.0,0.0,0.0,25.94,Credit Card,Demo City Service,41.91353397695274,-87.72091816005191,41.97669675993228,-87.73873008569781
demo_trip_001860,demo_taxi_0088,2024-03-15T13:31:06.000,2024-03-15T14:10:45.000,2379,14.83,,,59.0,34.0,57.18,0.0,0.0,0.0,57.18,Credit Card,Demo Globe Taxi,41.82747502259387,-87.66057585128212,41.837610353881225,-87.6306927187996
demo_trip_001861,demo_taxi_0035,2024-03-17T02:45:59.000,2024-03-17T03:25:53.000,2394,11.76,,,46.0,48.0,40.19,0.0,0.0,0.0,40.19,Credit Card,Demo Globe Taxi,41.743498603557775,-87.54530824690262,41.732967179695414,-87.58322693927607
demo_trip_001862,demo_taxi_0101,2024-03-09T17:51:38.000,2024-03-09T17:57:34.000,356,1.16,,,51.0,36.0,4.16,0.0,0.0,0.0,4.16,Credit Card,Demo Sun Taxi,41.72167734726748,-87.57071547213802,41.82722411084861,-87.5996156066301
demo_trip_001863,demo_taxi_0044,2024-03-16T10:37:14.000,2024-03-16T11:07:46.000,1832,16.63,,,59.0,75.0,66.58,7.93,0.0,2.98,77.49,Cash,Demo Globe Taxi,41.8355809240762,-87.6726507319752,41.698091027735686,-87.65791622719078
demo_trip_001864,demo_taxi_0100,2024-03-17T22:39:51.000,2024-03-17T23:09:41.000,1790,13.81,,,23.0,34.0,45.35,0.0,0.0,0.0,45.35,Credit Card,Demo Globe Taxi,41.90134741980252,-87.70861078038479,41.85030345942695,-87.63900718728246
demo_trip_001865,demo_taxi_0048,2024-03-20T10:47:18.000,2024-03-20T11:22:18.000,2100,5.71,,,75.0,36.0,22.32,0.0,0.0,0.0,22.32,Credit Card,Demo Taxi Co,41.69153190031966,-87.69365354254806,41.81923054349208,-87.60298646309181
demo_trip_001866,demo_taxi_0013,2024-03-14T15:16:35.000,2024-03-14T15:35:22.000,1127,10.16,,,48.0,34.0,42.11,4.45,0.0,0.0,46.56,Credit Card,Demo Globe Taxi,41.7244134777697,-87.56342942466925,41.85158893966817,-87.63246243133281
demo_trip_001867,demo_taxi_0091,2024-03-21T09:15:14.000,2024-03-21T09:36:49.000,1295,4.53,,,,,12.34,1.87,0.0,0.0,14.21,Credit Card,Demo Globe Taxi,41.98376285778362,-87.71306282662712,42.01527191312385,-87.67348154028602
demo_trip_001868,demo_taxi_0003,2024-03-08T16:29:05.000,2024-03-08T16:48:47.000,1182,3.49,,,13.0,48.0,11.78,0.0,0.0,0.0,11.78,Cash,Demo City Service,41.98771494528076,-87.73307537280256,41.729111063198395,-87.58224192945684
demo_trip_001869,demo_taxi_0092,2024-03-18T13:37:16.000,2024-03-18T13:54:05.000,1009,3.55,,,19.0,19.0,9.67,0.0,0.0,0.0,9.67,Credit Card,Demo Taxi Co,41.91946555276549,-87.76986694002166,41.91775989164202,-87.7787818928494
demo_trip_001870,demo_taxi_0005,2024-03-04T11:38:13.000,2024-03-04T11:50:20.000,727,6.7,,,5.0,36.0,16.87,0.0,0.0,0.0,16.87,Credit Card,Demo Taxi Co,41.951416949001725,-87.69217142155001,41.82658465617429,-87.61188825787373
demo_trip_001871,demo_taxi_0024,2024-03-06T08:09:33.000,2024-03-06T08:36:21.000,1608,6.24,,,59.0,67.0,16.4,0.0,0.0,2.67,19.07,Cash,Demo Sun Taxi,41.82776916110768,-87.67506021518444,41.769120735094184,-87.65714144856179
demo_trip_001872,demo_taxi_0072,2024-03-22T06:46:01.000,2024-03-22T06:49:38.000,217,1.76,,,5.0,11.0,7.01,1.15,0.0,0.0,8.16,Credit Card,Demo Taxi Co,41.94648661093483,-87.67523389212417,41.975983565515534,-87.77340593075297
demo_trip_001873,,2024-03-13T07:21:14.000,2024-03-13T07:51:57.000,1843,12.98,,,35.0,46.0,35.19,0.0,0.0,0.0,35.19,Credit Card,Demo Globe Taxi,41.83902135880183,-87.61321817895654,41.75220490994489,-87.55051826959102
demo_trip_001874,demo_taxi_0049,2024-03-17T23:52:34.000,2024-03-18T00:26:42.000,2048,12.51,,,6.0,34.0,58.44,9.11,0.0,0.0,67.55,Cash,Demo Flash Cab,41.93614313167016,-87.6360240702129,41.84669344293727,-87.63636822746372
demo_trip_001875,demo_taxi_0014,2024-03-16T12:43:23.000,2024-03-16T12:54:48.000,685,3.4,,,75.0,46.0,14.96,0.0,0.0,0.0,14.96,Credit Card,Demo Flash Cab,41.68904692807017,-87.66306301154758,41.72775070980696,-87.54248467917586
demo_trip_001876,demo_taxi_0027,2024-03-18T00:58:38.000,2024-03-18T01:09:32.000,654,1.91,,,19.0,5.0,4.82,0.0,0.0,0.0,4.82,Mobile,Demo Sun Taxi,41.93870265413943,-87.75192277293557,41.958223274782526,-87.68650109476401
demo_trip_001877,demo_taxi_0107,2024-03-09T22:37:39.000,2024-03-09T22:59:16.000,1297,9.8,,,36.0,46.0,38.54,7.89,0.0,0.0,46.43,Cash,Demo Sun Taxi,41.825756710999734,-87.61166445242131,41.7375740143276,-87.55622547733444
demo_trip_001878,demo_taxi_0087,2024-03-07T01:31:57.000,2024-03-07T02:06:15.000,2058,10.67,,,6.0,36.0,26.95,0.0,0.0,0.0,26.95,Credit Card,Demo Globe Taxi,41.94130428261591,-87.64275882979405,41.81742703615193,-87.59765174047442
demo_trip_001879,demo_taxi_0012,2024-03-04T12:11:50.000,2024-03-04T12:19:02.000,432,2.69,,,48.0,19.0,7.46,0.0,0.0,0.0,7.46,Cash,Demo Flash Cab,41.73507084153426,-87.58717769046171,41.921682426506244,-87.78442614869454
demo_trip_001880,demo_taxi_0046,2024-03-22T17:23:13.000,2024-03-22T17:42:11.000,1138,2.97,,,48.0,23.0,14.76,0.0,0.0,0.0,14.76,Credit Card,Demo Flash Cab,41.724043020784556,-87.5485118730406,41.8935465215056,-87.6964832605151
demo_trip_001881,demo_taxi_0031,2024-03-08T21:51:41.000,2024-03-08T22:02:41.000,660,5.31,,,59.0,1.0,19.34,0.0,0.0,0.0,19.34,Cash,Demo Flash Cab,41.826419363709356,-87.66389441622263,42.002160709165636,-87.6627801208435
demo_trip_001882,demo_taxi_0021,2024-03-16T17:22:37.000,2024-03-16T17:57:08.000,2071,15.35,,,35.0,59.0,39.42,0.0,0.0,0.0,39.42,Credit Card,Demo Taxi Co,41.839973625638585,-87.62640309177391,41.832409072776215,-87.66824549811642
demo_trip_001883,demo_taxi_0101,2024-03-13T13:03:35.000,2024-03-13T13:39:12.000,2137,13.23,,,29.0,54.0,61.2,12.15,0.0,0.0,73.35,Cash,Demo Sun Taxi,41.865763007317746,-87.72801743468453,41.656501546769604,-87.59423232230878
demo_trip_001884,demo_taxi_0074,2024-03-07T22:14:47.000,2024-03-07T22:20:53.000,366,2.18,,,69.0,36.0,10.45,2.48,0.0,0.0,12.93,Credit Card,Demo City Service,41.7593443356834,-87.60179719228184,41.82971433342352,-87.60930579166326
demo_trip_001885,demo_taxi_0021,2024-03-12T03:35:08.000,2024-03-12T03:43:29.000,501,2.38,,,69.0,13.0,9.21,0.0,0.0,0.0,9.21,Cash,Demo Globe Taxi,41.7631146648191,-87.63181257321745,41.97725627287313,-87.72307790127995
demo_trip_001886,demo_taxi_0078,2024-03-05T23:37:22.000,2024-03-05T23:46:11.000,529,2.53,,,48.0,46.0,10.79,0.0,0.0,0.0,10.79,Unknown,Demo Sun Taxi,41.72529873252952,-87.57878827706392,41.7365305520379,-87.55656560241694
demo_trip_001887,demo_taxi_0049,2024-03-07T19:59:48.000,2024-03-07T20:32:49.000,1981,5.42,,,75.0,69.0,24.12,0.0,0.0,0.0,24.12,Credit Card,Demo Sun Taxi,41.68740235741525,-87.64462818507636,41.76514912208918,-87.6335555460447
demo_trip_001888,demo_taxi_0007,2024-03-06T21:56:53.000,2024-03-06T22:33:12.000,2179,16.06,,,23.0,69.0,69.65,0.0,0.0,0.0,69.65,Credit Card,Demo Flash Cab,41.89098397073372,-87.71110374930893,41.75980404315222,-87.60309046791483
demo_trip_001889,demo_taxi_0053,2024-03-21T09:31:02.000,2024-03-21T09:47:49.000,1007,2.58,,,54.0,75.0,9.64,0.0,0.0,2.41,12.05,Cash,Demo Flash Cab,41.657246899052936,-87.58751723990162,41.69074506063571,-87.69201608274196
demo_trip_001890,demo_taxi_0022,2024-03-15T07:33:28.000,2024-03-15T07:42:17.000,529,1.18,,,34.0,11.0,5.41,0.87,0.0,0.0,6.28,Cash,Demo City Service,41.85528403006847,-87.63527090022923,41.96949338142405,-87.76548337509558
demo_trip_001891,demo_taxi_0029,2024-03-23T17:48:15.000,2024-03-23T18:15:48.000,1653,4.06,,,34.0,48.0,15.5,1.62,0.0,0.0,17.12,Credit Card,Demo Globe Taxi,41.84791063676575,-87.63457544355177,41.73154427784768,-87.57585192457839
demo_trip_001892,demo_taxi_0105,2024-03-13T14:02:10.000,2024-03-13T14:38:06.000,2156,8.08,,,6.0,59.0,25.44,2.76,0.0,0.0,28.2,Cash,Demo Taxi Co,41.93807920910746,-87.6649056591373,41.836102253448324,-87.66509154539018
demo_trip_001893,demo_taxi_0085,2024-03-08T15:35:03.000,2024-03-08T16:11:43.000,2200,14.3,,,59.0,35.0,35.9,0.0,0.0,0.0,35.9,Cash,Demo Flash Cab,41.82828629668687,-87.67209048201555,41.84212670128724,-87.62095707019554
demo_trip_001894,demo_taxi_0016,2024-03-16T21:28:32.000,2024-03-16T21:47:59.000,1167,8.56,,,35.0,5.0,29.07,0.0,0.0,0.0,29.07,No Charge,Demo Taxi Co,41.82510108142445,-87.61531901309914,41.93930880997452,-87.6825216119323
demo_trip_001895,demo_taxi_0102,2024-03-23T16:46:40.000,2024-03-23T17:18:33.000,1913,10.29,,,59.0,51.0,27.85,0.0,0.0,0.83,28.68,Cash,Demo Flash Cab,41.825354630720064,-87.6818979099326,41.675885001639145,-87.59450745232667
demo_trip_001896,demo_taxi_0068,2024-03-15T10:48:31.000,2024-03-15T11:26:53.000,2302,12.17,,,23.0,6.0,32.35,0.0,0.0,0.0,32.35,Cash,Demo City Service,41.90667238622444,-87.74001935701457,41.94362431330279,-87.66013103743545
demo_trip_001897,demo_taxi_0104,2024-03-04T12:39:22.000,2024-03-04T13:12:55.000,2013,13.18,,,59.0,48.0,48.41,0.0,0.0,0.0,48.41,Credit Card,Demo Taxi Co,41.82567063144586,-87.67725133321278,41.73095066494882,-87.58356187933174
demo_trip_001898,demo_taxi_0089,2024-03-10T07:39:46.000,2024-03-10T08:00:19.000,1233,8.26,,,10.0,51.0,40.14,8.86,0.0,0.0,49.0,Credit Card,Demo Flash Cab,41.97948858184036,-87.80650278013196,41.679773831689936,-87.56254262605115
demo_trip_001899,demo_taxi_0040,2024-03-23T08:41:39.000,2024-03-23T08:54:18.000,759,6.5,,,6.0,35.0,17.96,0.0,0.0,0.0,17.96,Cash,Demo Globe Taxi,41.94158526531003,-87.65685954919506,41.83990440743476,-87.62930469852199
demo_trip_001900,demo_taxi_0064,2024-03-14T07:34:54.000,2024-03-14T07:51:39.000,1005,8.41,,,23.0,23.0,26.78,0.0,0.0,0.0,26.78,Cash,Demo Taxi Co,41.90578805301355,-87.74121214563199,41.893538877829535,-87.71067906022607
demo_trip_001901,demo_taxi_0063,2024-03-23T19:13:20.000,2024-03-23T19:29:42.000,982,8.25,,,75.0,13.0,37.75,6.18,0.0,0.0,43.93,Mobile,Demo Taxi Co,41.68380951182326,-87.68568443045282,41.98704188085291,-87.72039097048818
demo_trip_001902,demo_taxi_0086,2024-03-14T17:17:14.000,2024-03-14T17:56:46.000,2372,20.29,,,59.0,13.0,71.11,0.0,0.0,0.0,71.11,Credit Card,Demo Sun Taxi,41.82854480718742,-87.68243095930968,41.996203047563796,-87.71997142482984
demo_trip_001903,demo_taxi_0029,2024-03-04T15:44:27.000,2024-03-04T16:14:33.000,1806,15.93,,,23.0,19.0,70.04,9.38,0.0,0.0,79.42,Credit Card,Demo Flash Cab,41.88942083824079,-87.72928622695218,41.9209185866026,-87.7739686826629
demo_trip_001904,demo_taxi_0039,2024-03-22T11:37:30.000,2024-03-22T12:12:15.000,2085,13.32,,,54.0,48.0,51.36,6.19,0.0,0.0,57.55,Credit Card,Demo Sun Taxi,41.666294863609494,-87.61632033173532,41.73428989207119,-87.57663444203696
demo_trip_001905,demo_taxi_0029,2024-03-20T17:14:27.000,2024-03-20T17:46:12.000,1905,12.74,,,11.0,6.0,51.09,0.0,0.0,0.0,51.09,Cash,Demo Globe Taxi,41.9814497323205,-87.78583571626292,41.93840102923763,-87.66870853415449
demo_trip_001906,demo_taxi_0035,2024-03-19T19:52:49.000,2024-03-19T20:13:26.000,1237,9.5,,,6.0,5.0,27.58,0.0,0.0,0.0,27.58,Credit Card,Demo Sun Taxi,41.9369992473665,-87.63287017622822,41.95087248413041,-87.69149724247544
demo_trip_001907,demo_taxi_0019,2024-03-24T20:58:02.000,2024-03-24T21:30:15.000,1933,7.18,,,19.0,36.0,24.27,0.0,0.0,0.0,24.27,Credit Card,Demo Flash Cab,41.92890512889492,-87.78081478085329,41.82222563835139,-87.59949014810968
demo_trip_001908,demo_taxi_0004,2024-03-08T15:37:31.000,2024-03-08T16:04:11.000,1600,7.88,,,51.0,19.0,31.95,0.0,0.0,0.0,31.95,Credit Card,Demo Globe Taxi,41.66902143384155,-87.56317737471714,41.93275875198534,-87.77711597071648
demo_trip_001909,demo_taxi_0112,2024-03-23T19:13:25.000,2024-03-23T19:43:48.000,1823,16.53,,,59.0,10.0,42.43,0.0,0.0,0.0,42.43,Credit Card,Demo Globe Taxi,41.82702584876976,-87.66735060775557,41.99054831055245,-87.81229833111215
demo_trip_001910,demo_taxi_0008,2024-03-08T14:56:12.000,2024-03-08T15:10:19.000,847,5.2,,,5.0,10.0,15.45,0.0,0.0,0.89,16.34,Credit Card,Demo Sun Taxi,41.93482619489863,-87.68244445517001,41.98735922614485,-87.79542543740283
demo_trip_001911,demo_taxi_0106,2024-03-24T13:14:38.000,2024-03-24T13:26:12.000,694,1.81,,,29.0,13.0,6.27,1.03,0.0,0.0,7.3,Dispute,Demo Taxi Co,41.864571683221804,-87.7045196617942,41.98622328632897,-87.71418773606047
demo_trip_001912,demo_taxi_0000,2024-03-08T20:25:48.000,2024-03-08T20:35:28.000,580,3.05,,,48.0,54.0,12.77,2.57,0.0,0.0,15.34,Mobile,Demo Sun Taxi,41.732385611325036,-87.572531052295,41.68184421823263,-87.60250519018936
demo_trip_001913,demo_taxi_0093,2024-03-15T12:51:32.000,2024-03-15T13:05:13.000,821,2.81,,,48.0,54.0,10.6,0.0,0.0,0.0,10.6,Credit Card,Demo Taxi Co,41.735811186721904,-87.5944322947971,41.65826320776682,-87.60470594271371
demo_trip_001914,demo_taxi_0039,2024-03-20T12:31:05.000,2024-03-20T13:10:17.000,2352,11.51,,,23.0,51.0,49.46,0.0,0.0,0.0,49.46,Cash,Demo Flash Cab,41.89881996695203,-87.71072163133238,41.663807688361324,-87.59165027115185
demo_trip_001915,demo_taxi_0062,2024-03-05T10:14:04.000,2024-03-05T10:51:55.000,2271,14.33,,,75.0,48.0,61.86,14.5,0.0,0.0,76.36,Cash,Demo Globe Taxi,41.69391165764781,-87.67256606804636,41.73176440981494,-87.56991092071263
demo_trip_001916,demo_taxi_0033,2024-03-05T14:04:25.000,2024-03-05T14:12:49.000,504,3.03,,,11.0,51.0,7.81,1.06,0.0,0.0,8.87,No Charge,Demo Taxi Co,41.97866200941724,-87.76994779929817,41.67820661914109,-87.5838605823761
demo_trip_001917,demo_taxi_0058,2024-03-21T15:21:40.000,2024-03-21T15:45:09.000,1409,8.31,,,,,39.51,7.87,0.0,2.08,49.46,Cash,Demo Sun Taxi,41.669491693617736,-87.597515940932,41.972749000154856,-87.78457762528302
demo_trip_001918,demo_taxi_0054,2024-03-05T17:40:18.000,2024-03-05T18:18:05.000,2267,5.35,,,46.0,67.0,24.4,5.7,0.0,0.0,30.1,Credit Card,Demo City Service,41.74588362029322,-87.54711187018741,41.78323244771056,-87.65786789418823
demo_trip_001919,demo_taxi_0063,2024-03-16T12:42:18.000,2024-03-16T13:13:12.000,1854,10.31,,,,,32.76,0.0,0.0,0.0,32.76,Credit Card,Demo City Service,41.842978495896894,-87.61488492617387,41.829488247636945,-87.62189344208673
demo_trip_001920,demo_taxi_0047,2024-03-23T08:13:51.000,2024-03-23T08:39:30.000,1539,3.75,,,48.0,59.0,13.92,0.0,0.0,0.0,13.92,Dispute,Demo Sun Taxi,41.73101331177608,-87.58697614516855,41.82857628199024,-87.68493803855235
demo_trip_001921,demo_taxi_0064,2024-03-16T20:09:00.000,2024-03-16T20:34:10.000,1510,7.94,,,54.0,11.0,25.97,0.0,0.0,0.0,25.97,Mobile,Demo City Service,41.64845639914358,-87.58296616350158,41.99455638164478,-87.77392910099687
demo_trip_001922,demo_taxi_0099,2024-03-14T11:42:04.000,2024-03-14T11:57:07.000,903,6.39,,,67.0,48.0,30.46,0.0,0.0,0.0,30.46,Cash,Demo City Service,41.789269757258566,-87.67227342256538,41.729588958845966,-87.55843652017441
demo_trip_001923,demo_taxi_0052,2024-03-12T21:09:09.000,2024-03-12T21:46:21.000,2232,7.07,,,1.0,48.0,24.44,0.0,0.0,0.0,24.44,Cash,Demo Globe Taxi,42.00850087425009,-87.6788550512835,41.73217477084539,-87.58864898833227
demo_trip_001924,demo_taxi_0043,2024-03-17T08:03:59.000,2024-03-17T08:10:03.000,364,3.31,,,34.0,48.0,11.55,1.61,0.0,0.0,13.16,Cash,Demo Sun Taxi,41.844857420437464,-87.63411538849361,41.723729376234374,-87.54885526011395
demo_trip_001925,demo_taxi_0015,2024-03-16T15:29:29.000,2024-03-16T16:04:37.000,2108,14.65,,,75.0,13.0,70.02,0.0,0.0,0.0,70.02,Cash,Demo Globe Taxi,41.68489679816071,-87.66031901288896,41.97644142487633,-87.71073262910805
demo_trip_001926,demo_taxi_0043,2024-03-14T15:34:09.000,2024-03-14T16:09:23.000,2114,8.15,,,51.0,6.0,32.61,0.0,0.0,0.0,32.61,Cash,Demo Flash Cab,41.68191620367391,-87.58183378854399,41.937728233945435,-87.64343375927872
demo_trip_001927,demo_taxi_0015,2024-03-07T19:14:18.000,2024-03-07T19:26:58.000,760,3.94,,,54.0,59.0,11.21,0.0,0.0,0.64,11.85,Credit Card,Demo Globe Taxi,41.666349681581366,-87.59489561399992,41.82678360363687,-87.6686475313194
demo_trip_001928,demo_taxi_0021,2024-03-17T07:12:58.000,2024-03-17T07:34:54.000,1316,3.88,,,13.0,29.0,15.77,0.0,0.0,0.0,15.77,Credit Card,Demo Sun Taxi,41.98126493831681,-87.70951147184161,41.86082724476111,-87.71180298612772
demo_trip_001929,demo_taxi_0114,2024-03-19T21:14:41.000,2024-03-19T21:50:25.000,2144,5.12,,,36.0,1.0,22.97,0.0,0.0,0.0,22.97,Cash,Demo Sun Taxi,41.82907851448235,-87.60373671323376,42.01508341420034,-87.66603736818779
demo_trip_001930,demo_taxi_0010,2024-03-18T15:20:13.000,2024-03-18T15:40:45.000,1232,11.2,,,35.0,11.0,37.46,6.12,0.0,0.61,44.19,Credit Card,Demo Sun Taxi,41.83678257608408,-87.62557739339792,41.981890414665685,-87.78362560660358
demo_trip_001931,demo_taxi_0057,2024-03-05T16:00:14.000,2024-03-05T16:14:20.000,846,6.16,,,75.0,10.0,23.52,5.06,0.0,0.0,28.58,Mobile,Demo Globe Taxi,41.69261366813261,-87.6507826885973,41.97132909137506,-87.79953019633447
demo_trip_001932,demo_taxi_0100,2024-03-18T14:00:04.000,2024-03-18T14:05:39.000,335,2.7,,,46.0,13.0,10.98,1.93,0.0,0.0,12.91,No Charge,Demo Flash Cab,41.73045772262574,-87.55132841087264,41.97679932644575,-87.71726520795623
demo_trip_001933,demo_taxi_0114,2024-03-19T03:22:46.000,2024-03-19T03:42:04.000,1158,7.98,,,69.0,69.0,30.13,0.0,0.0,2.45,32.58,Credit Card,Demo Flash Cab,41.77871190080385,-87.61887025777364,41.76300606931354,-87.62622164443724
demo_trip_001934,demo_taxi_0017,2024-03-07T14:01:08.000,2024-03-07T14:14:24.000,796,7.18,,,6.0,75.0,35.88,0.0,0.0,0.0,35.88,Mobile,Demo Sun Taxi,41.95101690451094,-87.66254949790631,41.698317977003036,-87.65418322485459
demo_trip_001935,demo_taxi_0019,2024-03-21T09:19:17.000,2024-03-21T09:53:46.000,2069,18.5,,,1.0,10.0,69.69,12.36,0.0,1.38,83.43,Cash,Demo Globe Taxi,42.01391768471419,-87.67716361740528,41.98848550435083,-87.81967725336078
demo_trip_001936,demo_taxi_0044,2024-03-15T10:34:20.000,2024-03-15T11:09:11.000,2091,5.56,,,69.0,10.0,22.84,4.64,0.0,0.0,27.48,Cash,Demo Sun Taxi,41.77578357152878,-87.6247599853093,41.97879921640136,-87.79947667235596
demo_trip_001937,demo_taxi_0066,2024-03-13T17:01:37.000,2024-03-13T17:16:36.000,899,3.28,,,75.0,36.0,14.71,0.0,0.0,0.0,14.71,Credit Card,Demo Globe Taxi,41.689133641751184,-87.68975563991678,41.82152619856439,-87.60233043132052
demo_trip_001938,demo_taxi_0115,2024-03-19T14:37:36.000,2024-03-19T14:48:23.000,647,3.36,,,10.0,54.0,9.55,0.0,0.0,0.0,9.55,Credit Card,Demo Flash Cab,41.96903628159291,-87.80171381086909,41.67993526884182,-87.6038756277286
demo_trip_001939,demo_taxi_0024,2024-03-14T06:37:47.000,2024-03-14T06:51:32.000,825,3.94,,,75.0,5.0,10.28,0.0,0.0,0.0,10.28,Unknown,Demo Globe Taxi,41.69875720067872,-87.66316999919209,41.95420505957432,-87.6799979867352
demo_trip_001940,demo_taxi_0019,2024-03-15T06:34:17.000,2024-03-15T06:52:09.000,1072,6.61,,,59.0,54.0,32.6,5.6,0.0,0.0,38.2,Cash,Demo Globe Taxi,41.83428315509169,-87.68460633600809,41.653491506140256,-87.58410672781622
demo_trip_001941,demo_taxi_0030,2024-03-10T08:37:23.000,2024-03-10T09:05:07.000,1664,7.02,,,34.0,19.0,30.4,0.0,0.0,0.0,30.4,Cash,Demo Sun Taxi,41.84648645191633,-87.63355565030581,41.92806488460255,-87.74523232698488
demo_trip_001942,demo_taxi_0104,2024-03-23T08:48:23.000,2024-03-23T08:57:01.000,518,4.25,,,6.0,46.0,14.8,0.0,0.0,0.0,14.8,Credit Card,Demo Flash Cab,41.9521940743138,-87.66982792289468,41.741632701424116,-87.56182896815919
demo_trip_001943,demo_taxi_0003,2024-03-24T16:04:02.000,2024-03-24T16:44:01.000,2399,5.47,,,54.0,1.0,13.92,0.0,0.0,0.0,13.92,Credit Card,Demo City Service,41.672004077746344,-87.60596701708972,42.00398138993349,-87.66105664714853
demo_trip_001944,demo_taxi_0045,2024-03-06T08:10:44.000,2024-03-06T08:39:38.000,1734,14.15,,,59.0,29.0,41.26,4.88,0.0,0.0,46.14,Cash,Demo Sun Taxi,41.823638426513455,-87.68020341227505,41.86420235445906,-87.73468224019012
demo_trip_001945,demo_taxi_0014,2024-03-19T20:19:32.000,2024-03-19T20:27:22.000,470,2.43,,,46.0,69.0,6.13,0.0,0.0,0.0,6.13,Cash,Demo Globe Taxi,41.74999115217534,-87.55950936526281,41.771409833709676,-87.5943706231761
demo_trip_001946,demo_taxi_0018,2024-03-04T08:41:28.000,2024-03-04T08:56:06.000,878,1.98,,,,,6.91,0.0,0.0,0.0,6.91,Mobile,Demo City Service,41.995633813307826,-87.79322671736007,41.83332017562857,-87.68298297305242
demo_trip_001947,demo_taxi_0110,2024-03-11T06:52:59.000,2024-03-11T07:21:55.000,1736,14.89,,,23.0,5.0,57.88,0.0,0.0,0.0,57.88,Cash,Demo Flash Cab,41.901093375452845,-87.71619002164793,41.941120992631056,-87.69412140365483
demo_trip_001948,demo_taxi_0000,2024-03-24T20:55:10.000,2024-03-24T21:16:48.000,1298,7.23,,,48.0,46.0,20.98,3.87,0.0,0.0,24.85,Credit Card,Demo City Service,41.73132719505761,-87.58972429148865,41.74376505274607,-87.56674498723922
demo_trip_001949,demo_taxi_0038,2024-03-07T09:34:58.000,2024-03-07T09:57:27.000,1349,10.33,,,75.0,34.0,42.35,0.0,0.0,0.0,42.35,Credit Card,Demo Sun Taxi,41.69043018121025,-87.65719650459178,41.84934794631357,-87.635785628399
demo_trip_001950,demo_taxi_0109,2024-03-11T12:24:40.000,2024-03-11T12:29:12.000,272,2.4,,,10.0,13.0,11.73,0.0,0.0,0.0,11.73,Credit Card,Demo Globe Taxi,41.97239344465168,-87.79275806674323,41.98389309185633,-87.7115492566691
demo_trip_001951,demo_taxi_0072,2024-03-08T22:24:13.000,2024-03-08T22:42:24.000,1091,2.71,,,5.0,6.0,13.49,3.0,0.0,0.0,16.49,Credit Card,Demo Flash Cab,41.938326534983474,-87.67896195028729,41.9477875162726,-87.64467030355297
demo_trip_001952,demo_taxi_0008,2024-03-19T21:03:40.000,2024-03-19T21:29:24.000,1544,6.47,,,59.0,10.0,29.65,4.49,0.0,0.0,34.14,Credit Card,Demo Globe Taxi,41.82690131080851,-87.6599724562276,41.97832972034067,-87.83310185947342
demo_trip_001953,demo_taxi_0055,2024-03-13T17:27:45.000,2024-03-13T17:27:45.000,0,5.74,,,10.0,10.0,20.72,2.51,0.0,0.0,23.23,Cash,Demo Sun Taxi,41.98517091358627,-87.807693721987,41.98517091358627,-87.807693721987
demo_trip_001954,demo_taxi_0116,2024-03-16T05:30:21.000,2024-03-16T05:49:53.000,1172,3.47,,,6.0,69.0,13.42,3.14,0.0,0.0,16.56,Credit Card,Demo Flash Cab,41.942937899008434,-87.66226741591707,41.75749421714677,-87.59444597089559
demo_trip_001955,demo_taxi_0048,2024-03-23T16:12:20.000,2024-03-23T16:35:51.000,1411,0.0,,,1.0,23.0,49.38,11.49,0.0,0.0,60.87,Mobile,Demo Globe Taxi,42.01225702633446,-87.67906715321806,41.89327558671878,-87.7105695467298
demo_trip_001956,demo_taxi_0063,2024-03-14T23:46:50.000,2024-03-14T23:58:02.000,672,5.55,,,34.0,51.0,16.03,3.73,0.0,0.0,19.76,No Charge,Demo City Service,41.83443045779152,-87.6302342929634,41.68708281401164,-87.59907973605067
demo_trip_001957,demo_taxi_0063,2024-03-19T21:48:09.000,2024-03-19T22:20:40.000,1951,9.67,,,34.0,35.0,44.83,0.0,0.0,0.0,44.83,Credit Card,Demo Sun Taxi,41.85306018142034,-87.63633943225365,41.84173315218471,-87.62340475113936
demo_trip_001958,demo_taxi_0079,2024-03-06T06:18:00.000,2024-03-06T06:46:49.000,1729,12.75,,,5.0,54.0,53.42,0.0,0.0,0.0,53.42,Cash,Demo City Service,41.956581915537136,-87.68622478116195,41.67871407255804,-87.61109160067006
demo_trip_001959,demo_taxi_0022,2024-03-08T12:54:39.000,2024-03-08T13:25:10.000,1831,16.7,,,59.0,51.0,68.38,0.0,0.0,0.0,68.38,Credit Card,Demo Sun Taxi,41.83004766074605,-87.67346193242804,41.6976371301871,-87.55225997728914
demo_trip_001960,demo_taxi_0100,2024-03-23T10:06:54.000,2024-03-23T10:34:36.000,1662,6.45,,,19.0,13.0,19.68,0.0,0.0,0.0,19.68,Credit Card,Demo Taxi Co,41.9170212221639,-87.78299622824224,41.9860649323973,-87.7209374311851
demo_trip_001961,demo_taxi_0118,2024-03-22T07:54:30.000,2024-03-22T08:33:56.000,2366,5.51,,,23.0,54.0,15.88,1.85,0.0,0.0,17.73,Credit Card,Demo Sun Taxi,41.90941597398381,-87.71093327484554,41.65016107368072,-87.61646634444259
demo_trip_001962,demo_taxi_0017,2024-03-17T17:46:08.000,2024-03-17T18:21:41.000,2133,17.92,,,5.0,11.0,83.91,0.0,0.0,1.23,85.14,Credit Card,Demo City Service,41.958891482186814,-87.69367999590301,41.97051830715566,-87.77258499237017
demo_trip_001963,demo_taxi_0098,2024-03-11T09:13:32.000,2024-03-11T09:46:32.000,1980,15.13,,,23.0,6.0,44.61,0.0,0.0,0.0,44.61,Cash,Demo Sun Taxi,41.89892207325009,-87.72352387432782,41.94362042014245,-87.6586005033362
demo_trip_001964,demo_taxi_0098,2024-03-08T11:39:15.000,2024-03-08T11:54:39.000,924,3.16,,,75.0,29.0,8.48,0.0,0.0,0.0,8.48,Cash,Demo Globe Taxi,41.6971864866329,-87.64782673064839,41.85414920004129,-87.73385063706912
demo_trip_001965,demo_taxi_0088,2024-03-21T06:18:49.000,2024-03-21T06:24:17.000,328,1.93,,,48.0,35.0,7.84,1.24,0.0,2.6,11.68,Cash,Demo Flash Cab,41.72663237024277,-87.5692774345801,41.83807805794714,-87.62864148975643
demo_trip_001966,demo_taxi_0044,2024-03-20T14:47:36.000,2024-03-20T14:50:37.000,181,0.62,,,54.0,54.0,2.64,0.0,0.0,0.0,2.64,Cash,Demo Flash Cab,41.65588974096346,-87.6131053747666,41.64697757568411,-87.59210216632422
demo_trip_001967,demo_taxi_0056,2024-03-09T07:09:20.000,2024-03-09T07:41:10.000,1910,12.88,,,34.0,23.0,36.05,0.0,0.0,0.0,36.05,Cash,Demo Taxi Co,41.834703211724,-87.63223032581759,41.911386595688676,-87.72468814559765
demo_trip_001968,demo_taxi_0100,2024-03-16T12:14:37.000,2024-03-16T12:50:52.000,2175,15.4,,,23.0,19.0,46.46,0.0,0.0,0.0,46.46,Cash,Demo Flash Cab,41.89291776822052,-87.70679327311207,41.92824899954139,-87.74989657931569
demo_trip_001969,demo_taxi_0018,2024-03-16T07:18:40.000,2024-03-16T07:45:42.000,1622,6.97,,,67.0,34.0,31.17,0.0,0.0,0.0,31.17,Mobile,Demo Globe Taxi,41.77049794320001,-87.66735469730816,41.85616089056995,-87.63311122699314
demo_trip_001970,demo_taxi_0099,2024-03-14T22:11:40.000,2024-03-14T22:41:20.000,1780,14.38,,,23.0,34.0,69.37,0.0,0.0,0.0,69.37,Cash,Demo Globe Taxi,41.90269832747465,-87.71631030744595,41.8296829089683,-87.63353280580237
demo_trip_001971,demo_taxi_0110,2024-03-23T07:19:21.000,2024-03-23T07:25:40.000,379,196.1375057241163,,,19.0,46.0,2.7561835703903075,0.0,0.0,0.0,8.08,Credit Card,Demo City Service,41.91774014198263,-87.75636990538622,41.74374692871697,-87.57191148239863
demo_trip_001972,demo_taxi_0081,2024-03-06T15:36:34.000,2024-03-06T16:00:29.000,1435,10.79,,,1.0,10.0,48.34,0.0,0.0,0.0,48.34,Cash,Demo Flash Cab,42.01687919856061,-87.67951530158687,41.97594699165196,-87.79612106460183
demo_trip_001973,demo_taxi_0040,2024-03-09T08:37:02.000,2024-03-09T09:02:26.000,1524,10.7,,,,,35.29,0.0,0.0,0.0,35.29,Cash,Demo Flash Cab,41.684122098570256,-87.67502836913371,41.83162982721811,-87.62546977210835
demo_trip_001974,demo_taxi_0067,2024-03-05T06:33:24.000,2024-03-05T06:42:11.000,527,2.95,,,10.0,13.0,12.56,0.0,0.0,0.0,12.56,Credit Card,Demo Sun Taxi,41.98766151865122,-87.8136456929865,41.980096289990904,-87.71690943885652
demo_trip_001975,demo_taxi_0006,2024-03-18T08:11:22.000,2024-03-18T08:42:08.000,1846,8.15,,,36.0,35.0,31.73,0.0,0.0,0.0,31.73,Mobile,Demo Taxi Co,41.826853823910064,-87.60579666380221,41.83510429194009,-87.62512017776544
demo_trip_001976,demo_taxi_0111,2024-03-17T05:12:32.000,2024-03-17T05:27:56.000,924,3.47,,,36.0,10.0,15.99,0.0,0.0,0.0,15.99,Mobile,Demo Sun Taxi,41.824218981697975,-87.5993644377215,41.98620904546096,-87.7962711443302
demo_trip_001977,demo_taxi_0041,2024-03-24T07:55:57.000,2024-03-24T08:06:14.000,617,0.0,,,5.0,13.0,21.4,3.3,0.0,0.0,24.7,Unknown,Demo Globe Taxi,41.94539621773474,-87.68718410157695,41.983024203783685,-87.71987517226059
demo_trip_001978,demo_taxi_0006,2024-03-15T14:15:57.000,2024-03-15T14:44:42.000,1725,12.14,,,75.0,29.0,38.97,0.0,0.0,2.82,41.79,Credit Card,Demo Globe Taxi,41.68460656369021,-87.67139831054737,41.862091583710935,-87.69949337297297
demo_trip_001979,demo_taxi_0095,2024-03-07T17:06:28.000,2024-03-07T17:25:33.000,1145,4.96,,,36.0,6.0,14.25,0.0,0.0,0.0,14.25,Credit Card,Demo Globe Taxi,41.817016307510755,-87.59881449077739,41.94509560143676,-87.64895080686648
demo_trip_001980,demo_taxi_0078,2024-03-13T06:27:38.000,2024-03-13T06:50:27.000,1369,12.97,,,35.0,1.0,58.61,0.0,0.0,0.0,58.61,Credit Card,Demo Taxi Co,41.83608028519456,-87.62815930527609,41.99923860464687,-87.66852919825078
demo_trip_001981,demo_taxi_0074,2024-03-05T13:00:06.000,2024-03-05T13:23:10.000,1384,11.49,,,11.0,75.0,29.67,0.0,0.0,0.0,29.67,Mobile,Demo City Service,41.99601336646181,-87.77629143695971,41.695198568493986,-87.64967109962245
demo_trip_001982,demo_taxi_0006,2024-03-18T16:20:28.000,2024-03-18T16:46:30.000,1562,4.96,,,36.0,10.0,20.82,0.0,0.0,0.0,20.82,Cash,Demo Globe Taxi,41.8242927209663,-87.59896196341606,41.99765319545759,-87.80557885509914
demo_trip_001983,demo_taxi_0090,2024-03-18T08:51:41.000,2024-03-18T09:09:58.000,1097,3.78,,,48.0,35.0,13.95,0.0,0.0,0.0,13.95,Cash,Demo Sun Taxi,41.72733091618841,-87.5755813472672,41.82908068334283,-87.62884816572283
demo_trip_001984,demo_taxi_0076,2024-03-22T11:16:40.000,2024-03-22T11:49:48.000,1988,12.53,,,34.0,48.0,33.68,0.0,0.0,0.0,33.68,Mobile,Demo Sun Taxi,41.84369890264329,-87.63336413907247,41.72865461182837,-87.56565735953073
demo_trip_001985,demo_taxi_0095,2024-03-11T05:42:57.000,2024-03-11T06:18:21.000,2124,6.35,,,35.0,36.0,26.81,4.46,0.0,0.0,31.27,Credit Card,Demo Taxi Co,41.835884608438626,-87.60684295384827,41.825347405730234,-87.59957258284872
demo_trip_001986,demo_taxi_0099,2024-03-10T08:29:27.000,2024-03-10T08:50:20.000,1253,11.85,,,48.0,67.0,43.93,0.0,0.0,2.75,46.68,Credit Card,Demo Flash Cab,41.729562703364834,-87.56642274922514,41.76022178162384,-87.65938821759566
demo_trip_001987,demo_taxi_0025,2024-03-05T13:21:54.000,2024-03-05T13:31:08.000,554,3.88,,,69.0,6.0,18.04,2.29,0.0,0.0,20.33,Cash,Demo Flash Cab,41.76419411063753,-87.60344564117783,41.947099666736975,-87.65817728333056
demo_trip_001988,demo_taxi_0025,2024-03-12T23:39:58.000,2024-03-12T23:53:17.000,799,2.17,,,34.0,69.0,6.56,0.78,0.0,0.0,7.34,Credit Card,Demo Sun Taxi,41.83478705334747,-87.63115524399396,41.75799150148789,-87.63886856732971
demo_trip_001989,demo_taxi_0110,2024-03-13T23:35:34.000,2024-03-14T00:07:06.000,1892,10.5,,,34.0,36.0,26.31,0.0,0.0,1.49,27.8,Cash,Demo Taxi Co,41.85412240789387,-87.63355702333686,41.822619744772624,-87.60313258736416
demo_trip_001990,demo_taxi_0063,2024-03-19T23:19:05.000,2024-03-19T23:31:34.000,749,2.91,,,1.0,11.0,8.22,0.0,0.0,0.0,8.22,Credit Card,Demo City Service,42.006551679585456,-87.66150612906854,41.98584034712939,-87.76272685871776
demo_trip_001991,demo_taxi_0052,2024-03-19T12:13:22.000,2024-03-19T12:45:09.000,1907,11.25,,,,,35.71,7.32,0.0,0.0,43.03,Cash,Demo Taxi Co,41.975449060440944,-87.79508844401576,41.788867078796955,-87.65701250064595
demo_trip_001992,demo_taxi_0034,2024-03-06T06:55:45.000,2024-03-06T07:23:14.000,1649,6.72,,,6.0,67.0,27.76,5.34,0.0,0.65,33.75,Unknown,Demo City Service,41.95552380494712,-87.6714433931927,41.758275319964305,-87.67346262309793
demo_trip_001993,demo_taxi_0076,2024-03-09T10:10:34.000,2024-03-09T10:30:08.000,1174,9.93,,,59.0,11.0,33.83,0.0,0.0,0.0,33.83,Credit Card,Demo Globe Taxi,41.82332501296019,-87.66212914035464,41.977408858567884,-87.75777953110207
demo_trip_001994,demo_taxi_0090,2024-03-14T08:57:56.000,2024-03-14T09:05:36.000,460,3.51,,,69.0,29.0,9.81,0.0,0.0,0.0,9.81,Cash,Demo Flash Cab,41.76519877369533,-87.59459404506237,41.85837091064769,-87.730787867037
demo_trip_001995,demo_taxi_0000,2024-03-11T01:28:48.000,2024-03-11T01:51:45.000,1377,12.42,,,54.0,29.0,61.53,14.98,0.0,0.0,76.51,Dispute,Demo Taxi Co,41.6608013091567,-87.61078531719858,41.857319617401444,-87.70242168812695
demo_trip_001996,demo_taxi_0066,2024-03-04T06:59:03.000,2024-03-04T07:27:40.000,1717,6.36,,,6.0,1.0,17.62,0.0,0.0,0.54,18.16,Credit Card,Demo City Service,41.93694067019802,-87.64123005018084,42.006975838363566,-87.67250066850919
demo_trip_001997,demo_taxi_0119,2024-03-21T13:21:51.000,2024-03-21T13:30:31.000,520,2.66,,,6.0,46.0,9.01,0.0,0.0,0.0,9.01,Cash,Demo Flash Cab,41.938355750306094,-87.63347922131373,41.7424304456274,-87.56350149207823
demo_trip_001998,demo_taxi_0033,2024-03-19T10:33:21.000,2024-03-19T11:06:52.000,2011,215.6182311644322,,,69.0,13.0,3.851327774620327,0.0,0.0,0.0,77.97,No Charge,Demo Taxi Co,41.7664282587254,-87.59802716116563,41.975509100899956,-87.71120874271072
demo_trip_001999,demo_taxi_0033,2024-03-14T08:36:49.000,2024-03-14T08:47:02.000,613,3.08,,,59.0,23.0,12.73,2.53,0.0,0.0,15.26,Credit Card,Demo City Service,41.834177505755726,-87.67422169259277,41.90422338212021,-87.7343780562841
